timestamp,repo_name,repo_url,file_changed,event_type,status,message
2026-03-11 12:00:00, centralVisitorDashboard, https://github.com/deka1105/centralVisitorDashboard.git, Unknown, created, success, Initial commit--END--
2026-04-14 12:00:00, Image-Similarity, https://github.com/deka1105/Image-Similarity.git, Unknown, created, success, Initial commit--END--
2026-04-14 12:00:00, Image-Similarity, https://github.com/deka1105/Image-Similarity.git, Unknown, created, success, Add Image Constellation D3 graph demos--END--
2026-04-14 12:00:00, Instagram-Save-Grid, https://github.com/deka1105/Instagram-Save-Grid.git, Unknown, created, success, Initial commit--END--
2026-04-14 12:00:00, Instagram-Save-Grid, https://github.com/deka1105/Instagram-Save-Grid.git, Unknown, created, success, Add Instagram Grid+ extension (v1–v4)--END--
2026-04-14 12:00:00, Instagram-Tab-Title, https://github.com/deka1105/Instagram-Tab-Title.git, Unknown, created, success, Initial commit--END--
2026-04-14 12:00:00, Instagram-Tab-Title, https://github.com/deka1105/Instagram-Tab-Title.git, Unknown, created, success, Add Instagram tab title extension files--END--
2026-04-14 12:00:00, RealTime-Tracker, https://github.com/deka1105/RealTime-Tracker.git, Unknown, created, success, Add interactive Streamlit Plotly dashboards--END--
2026-04-14 12:00:00, FlaskPlotly,https://github.com/deka1105/FlaskPlotly.git,Unknown,created,success,Add .DS_Store and compiled __pycache__ files --END--
2026-04-14 12:00:00, FlaskPlotly, https://github.com/deka1105/FlaskPlotly.git, Unknown, created, success, Merge branch 'main' of https://github.com/deka1105/FlaskPlotly --END--
2026-04-18 15:38:18,GitHub AutoPush Analytics,https://github.com/deka1105/GitHub-AutoPush-Analytics.git,auto_git_push.py,created,success,Branch 'main' set up to track remote branch 'main' from 'origin'.--END--
2026-04-18 15:39:03,GitHub AutoPush Analytics,https://github.com/deka1105/GitHub-AutoPush-Analytics.git,push_analytics.html,created,success,Branch 'main' set up to track remote branch 'main' from 'origin'.--END--
2026-04-18 15:39:08,GitHub AutoPush Analytics,https://github.com/deka1105/GitHub-AutoPush-Analytics.git,auto_git_push.py,deleted,success,Branch 'main' set up to track remote branch 'main' from 'origin'.--END--
2026-04-18 15:39:28,GitHub AutoPush Analytics,https://github.com/deka1105/GitHub-AutoPush-Analytics.git,push_analytics.html,modified,success,Branch 'main' set up to track remote branch 'main' from 'origin'.--END--
2026-04-18 15:40:25,GitHub AutoPush Analytics,https://github.com/deka1105/GitHub-AutoPush-Analytics.git,push_analytics.html,modified,success,Branch 'main' set up to track remote branch 'main' from 'origin'.--END--
2026-04-18 15:42:56,GitHub AutoPush Analytics,https://github.com/deka1105/GitHub-AutoPush-Analytics.git,push_analytics.html,modified,success,Branch 'main' set up to track remote branch 'main' from 'origin'.--END--
2026-04-18 15:44:18,GitHub AutoPush Analytics,https://github.com/deka1105/GitHub-AutoPush-Analytics.git,README.md,deleted,success,Branch 'main' set up to track remote branch 'main' from 'origin'.--END--
2026-04-18 15:47:29,GitHub AutoPush Analytics,https://github.com/deka1105/GitHub-AutoPush-Analytics.git,push_log.csv,moved,success,Branch 'main' set up to track remote branch 'main' from 'origin'.--END--
2026-04-18 15:48:05,GitHub AutoPush Analytics,https://github.com/deka1105/GitHub-AutoPush-Analytics.git,push_log.csv,created,success,Branch 'main' set up to track remote branch 'main' from 'origin'.--END--
2026-04-18 16:18:44,GitHub AutoPush Analytics,https://github.com/deka1105/GitHub-AutoPush-Analytics.git,README (1).md,created,success,Branch 'main' set up to track remote branch 'main' from 'origin'.--END--
2026-04-18 16:43:42,MultistockDashboard,https://github.com/deka1105/MultistockDashboard.git,Files/stockdash/.gitignore,created,success,Branch 'main' set up to track remote branch 'main' from 'origin'.--END--
2026-04-18 16:57:58,GitHub AutoPush Analytics,https://github.com/deka1105/GitHub-AutoPush-Analytics.git,autoGitv3.zip,created,success,Branch 'main' set up to track remote branch 'main' from 'origin'.--END--
2026-04-18 16:58:53,GitHub AutoPush Analytics,https://github.com/deka1105/GitHub-AutoPush-Analytics.git,autoGit.zip,created,success,Branch 'main' set up to track remote branch 'main' from 'origin'.--END--
2026-04-19 01:57:21,GitHub AutoPush Analytics,https://github.com/deka1105/GitHub-AutoPush-Analytics.git,push_analyticsv5.html,created,success,Branch 'main' set up to track remote branch 'main' from 'origin'.--END--
2026-04-19 02:04:43,GitHub AutoPush Analytics,https://github.com/deka1105/GitHub-AutoPush-Analytics.git,push_analyticsv6.html,created,success,Branch 'main' set up to track remote branch 'main' from 'origin'.--END--
2026-04-19 02:04:51,GitHub AutoPush Analytics,https://github.com/deka1105/GitHub-AutoPush-Analytics.git,push_analyticsv6.html,modified,success,Branch 'main' set up to track remote branch 'main' from 'origin'.--END--
2026-04-19 02:24:24,GitHub AutoPush Analytics,https://github.com/deka1105/GitHub-AutoPush-Analytics.git,push_analyticsv7.html,created,success,Branch 'main' set up to track remote branch 'main' from 'origin'.--END--
2026-04-19 02:32:02,GitHub AutoPush Analytics,https://github.com/deka1105/GitHub-AutoPush-Analytics.git,push_analyticsv9.html,created,success,Branch 'main' set up to track remote branch 'main' from 'origin'.--END--
2026-04-19 02:32:14,GitHub AutoPush Analytics,https://github.com/deka1105/GitHub-AutoPush-Analytics.git,push_analyticsv9.html,modified,success,Branch 'main' set up to track remote branch 'main' from 'origin'.--END--
2026-04-19 02:40:30,GitHub AutoPush Analytics,https://github.com/deka1105/GitHub-AutoPush-Analytics.git,push_analyticsv10.html,created,success,Branch 'main' set up to track remote branch 'main' from 'origin'.--END--
2026-04-19 02:40:40,GitHub AutoPush Analytics,https://github.com/deka1105/GitHub-AutoPush-Analytics.git,push_analyticsv10.html,modified,success,Branch 'main' set up to track remote branch 'main' from 'origin'.--END--
2026-04-19 02:46:56,GitHub AutoPush Analytics,https://github.com/deka1105/GitHub-AutoPush-Analytics.git,push_analyticsv11.html,created,success,Branch 'main' set up to track remote branch 'main' from 'origin'.--END--
2026-04-19 02:47:13,GitHub AutoPush Analytics,https://github.com/deka1105/GitHub-AutoPush-Analytics.git,README.md,moved,success,Branch 'main' set up to track remote branch 'main' from 'origin'.--END--
2026-04-19 02:47:29,GitHub AutoPush Analytics,https://github.com/deka1105/GitHub-AutoPush-Analytics.git,README.md,created,success,Branch 'main' set up to track remote branch 'main' from 'origin'.--END--
2026-04-19 09:24:07,GitHub AutoPush Analytics,https://github.com/deka1105/GitHub-AutoPush-Analytics.git,push_analyticsv12.html,created,success,Branch 'main' set up to track remote branch 'main' from 'origin'.--END--
2026-04-19 17:06:07,GitHub AutoPush Analytics,https://github.com/deka1105/GitHub-AutoPush-Analytics.git,push_analyticsv13.html,created,success,Branch 'main' set up to track remote branch 'main' from 'origin'.--END--
2026-04-19 17:20:03,GitHub AutoPush Analytics,https://github.com/deka1105/GitHub-AutoPush-Analytics.git,push_analyticsv14.html,created,success,Branch 'main' set up to track remote branch 'main' from 'origin'.--END--
2026-04-19 17:20:13,GitHub AutoPush Analytics,https://github.com/deka1105/GitHub-AutoPush-Analytics.git,push_analyticsv14.html,modified,success,Branch 'main' set up to track remote branch 'main' from 'origin'.--END--
2026-04-19 17:24:43,GitHub AutoPush Analytics,https://github.com/deka1105/GitHub-AutoPush-Analytics.git,push_analyticsv14_1.html,created,success,Branch 'main' set up to track remote branch 'main' from 'origin'.--END--
2026-04-19 17:29:58,GitHub AutoPush Analytics,https://github.com/deka1105/GitHub-AutoPush-Analytics.git,push_analyticsv15.html,created,success,Branch 'main' set up to track remote branch 'main' from 'origin'.--END--
2026-04-19 17:30:10,GitHub AutoPush Analytics,https://github.com/deka1105/GitHub-AutoPush-Analytics.git,push_analyticsv15.html,modified,success,Branch 'main' set up to track remote branch 'main' from 'origin'.--END--
2026-04-19 17:59:41,GitHub AutoPush Analytics,https://github.com/deka1105/GitHub-AutoPush-Analytics.git,auto_git_pushv4.py,created,success,Branch 'main' set up to track remote branch 'main' from 'origin'.--END--
2026-04-19 18:07:23,MultistockDashboard,https://github.com/deka1105/MultistockDashboard.git,Files/stockdash-2/.gitignore,created,success,"auto-push: .DS_Store, .DS_Store, .gitignore [2026-04-19 18:07:22]"--END--
2026-04-19 18:07:24,GitHub AutoPush Analytics,https://github.com/deka1105/GitHub-AutoPush-Analytics.git,push_log.csv,modified,success,"auto-push: auto_git_pushv4.py, push_log.csv [2026-04-19 18:07:23]"--END--
2026-04-19 18:07:33,MultistockDashboard,https://github.com/deka1105/MultistockDashboard.git,Files/stockdash2/.gitignore,created,success,auto-push: 61 files changed [2026-04-19 18:07:31]--END--
2026-04-19 18:07:34,GitHub AutoPush Analytics,https://github.com/deka1105/GitHub-AutoPush-Analytics.git,push_log.csv,modified,success,auto-push: push_log.csv [2026-04-19 18:07:33]--END--
2026-04-19 18:08:47,MultistockDashboard,https://github.com/deka1105/MultistockDashboard.git,Files/stockdash2-3/.gitignore,created,success,auto-push: 61 files changed [2026-04-19 18:08:45]--END--
2026-04-19 18:08:48,GitHub AutoPush Analytics,https://github.com/deka1105/GitHub-AutoPush-Analytics.git,push_log.csv,modified,success,auto-push: push_log.csv [2026-04-19 18:08:47]--END--
2026-04-19 18:10:18,PlayBooks,https://github.com/deka1105/Playbooks.git,gitLogs.csv,created,failed,"fatal: 'github.com/deka1105/Playbooks' does not appear to be a git repository /n fatal: Could not read from remote repository. /n Please make sure you have the correct access rights and the repository exists."--END--
2026-04-19 18:10:20,GitHub AutoPush Analytics,https://github.com/deka1105/GitHub-AutoPush-Analytics.git,push_log.csv,modified,success,auto-push: push_log.csv [2026-04-19 18:10:18]--END--
2026-04-19 18:11:06,PlayBooks,https://github.com/deka1105/Playbooks.git,git-history.txt,created,failed,"fatal: 'github.com/deka1105/Playbooks' does not appear to be a git repository /n fatal: Could not read from remote repository. /n Please make sure you have the correct access rights and the repository exists."--END--
2026-04-19 18:11:07,GitHub AutoPush Analytics,https://github.com/deka1105/GitHub-AutoPush-Analytics.git,push_log.csv,modified,success,auto-push: push_log.csv [2026-04-19 18:11:06]--END--
2026-04-19 21:38:37,GitHub AutoPush Analytics,https://github.com/deka1105/GitHub-AutoPush-Analytics.git,push_analyticsv16.html,created,success,"auto-push: push_analyticsv16.html, push_log.csv [2026-04-19 21:38:36]"--END--
2026-04-19 22:48:48,MultistockDashboard,https://github.com/deka1105/MultistockDashboard.git,Files/stockdash2-2/frontend/tsconfig.node.json,created,success,auto-push: 62 files changed [2026-04-19 22:48:46]--END--
2026-04-19 22:48:50,GitHub AutoPush Analytics,https://github.com/deka1105/GitHub-AutoPush-Analytics.git,push_log.csv,modified,success,auto-push: push_log.csv [2026-04-19 22:48:48]--END--
2026-04-19 23:30:17,PlayBooks,https://github.com/deka1105/Playbooks.git,clicker.py,created,failed,"fatal: 'github.com/deka1105/Playbooks' does not appear to be a git repository /n fatal: Could not read from remote repository. /n Please make sure you have the correct access rights and the repository exists."--END--
2026-04-19 23:30:19,GitHub AutoPush Analytics,https://github.com/deka1105/GitHub-AutoPush-Analytics.git,push_log.csv,modified,success,auto-push: push_log.csv [2026-04-19 23:30:17]--END--
2026-04-19 23:32:30,PlayBooks,https://github.com/deka1105/Playbooks.git,clicker.py,modified,failed,"fatal: 'github.com/deka1105/Playbooks' does not appear to be a git repository /n fatal: Could not read from remote repository. /n Please make sure you have the correct access rights and the repository exists."--END--
2026-04-19 23:32:31,GitHub AutoPush Analytics,https://github.com/deka1105/GitHub-AutoPush-Analytics.git,push_log.csv,modified,success,auto-push: push_log.csv [2026-04-19 23:32:30]--END--
2026-04-20 06:57:31,GitHub AutoPush Analytics,https://github.com/deka1105/GitHub-AutoPush-Analytics.git,push_analyticsv17.html,created,success,"auto-push: push_analyticsv17.html, push_log.csv [2026-04-20 06:57:29]"--END--
2026-04-20 07:08:33,PlayBooks,https://github.com/deka1105/Playbooks.git,clicker.py,modified,failed,"fatal: 'github.com/deka1105/Playbooks' does not appear to be a git repository /n fatal: Could not read from remote repository. /n Please make sure you have the correct access rights and the repository exists."--END--
2026-04-20 07:08:34,GitHub AutoPush Analytics,https://github.com/deka1105/GitHub-AutoPush-Analytics.git,push_log.csv,modified,success,auto-push: push_log.csv [2026-04-20 07:08:33]--END--
2026-04-20 07:15:31,PlayBooks,https://github.com/deka1105/Playbooks.git,clicker.py,modified,failed,"fatal: 'github.com/deka1105/Playbooks' does not appear to be a git repository /n fatal: Could not read from remote repository. /n Please make sure you have the correct access rights and the repository exists."--END--
2026-04-20 07:15:32,GitHub AutoPush Analytics,https://github.com/deka1105/GitHub-AutoPush-Analytics.git,push_log.csv,modified,success,auto-push: push_log.csv [2026-04-20 07:15:31]--END--
2026-04-20 07:24:10,PlayBooks,https://github.com/deka1105/Playbooks.git,clicker.py,modified,failed,"fatal: 'github.com/deka1105/Playbooks' does not appear to be a git repository /n fatal: Could not read from remote repository. /n Please make sure you have the correct access rights and the repository exists."--END--
2026-04-20 07:24:11,GitHub AutoPush Analytics,https://github.com/deka1105/GitHub-AutoPush-Analytics.git,push_log.csv,modified,success,auto-push: push_log.csv [2026-04-20 07:24:10]
2026-04-20 08:26:48,PlayBooks,https://github.com/deka1105/Playbooks.git,"DS_Store, licker.py",startup-sync,failed,"fatal: 'github.com/deka1105/Playbooks' does not appear to be a git repository /n fatal: Could not read from remote repository. /n Please make sure you have the correct access rights and the repository exists. --END--"
2026-04-20 08:26:48,GitHub AutoPush Analytics,https://github.com/deka1105/GitHub-AutoPush-Analytics.git,"ush_log.csv, auto_git_pushv5.py, auto_git_pushv6.py, push_analyticsv17_1.html, push_analyticsv18.html",startup-sync,failed,"To https://github.com/deka1105/GitHub-AutoPush-Analytics.git  /n ! [rejected]        HEAD -> main (fetch first) /n error: failed to push some refs to 'https://github.com/deka1105/GitHub-AutoPush-Analytics.git' /n hint: Updates were rejected because the remote contains work that you do /n hint: not have locally. This is usually caused by another repository pushing /n hint: to the same ref. You may want to first integrate the remote changes /n hint: (e.g., 'git pull ...') before pushing again. /n hint: See the 'Note about fast-forwards' in 'git push --help' for details. --END--"
2026-04-20 08:26:50,GitHub AutoPush Analytics,https://github.com/deka1105/GitHub-AutoPush-Analytics.git,push_log.csv,modified,failed,"To https://github.com/deka1105/GitHub-AutoPush-Analytics.git /n  ! [rejected]        HEAD -> main (non-fast-forward) /n error: failed to push some refs to 'https://github.com/deka1105/GitHub-AutoPush-Analytics.git' /n hint: Updates were rejected because the tip of your current branch is behind /n hint: its remote counterpart. Integrate the remote changes (e.g. /n hint: 'git pull ...') before pushing again. /n hint: See the 'Note about fast-forwards' in 'git push --help' for details. --END--"
2026-04-20 08:27:47,GitHub AutoPush Analytics,https://github.com/deka1105/GitHub-AutoPush-Analytics.git,push_log.csv,deleted,success,auto-push: push_log.csv [2026-04-20 08:27:45] --END--
2026-04-20 08:37:43,GitHub AutoPush Analytics,https://github.com/deka1105/GitHub-AutoPush-Analytics.git,push_log.csv,modified,success,auto-push: push_log.csv [2026-04-20 08:37:42] --END--
2026-04-20 10:55:35,GitHub AutoPush Analytics,https://github.com/deka1105/GitHub-AutoPush-Analytics.git,push_log.csv,modified,success,auto-push: push_log.csv [2026-04-20 10:55:32] --END--
2026-04-20 10:55:43,GitHub AutoPush Analytics,https://github.com/deka1105/GitHub-AutoPush-Analytics.git,push_log.csv,modified,success,auto-push: push_log.csv [2026-04-20 10:55:41] --END--
2026-04-20 11:19:03,GitHub AutoPush Analytics,https://github.com/deka1105/GitHub-AutoPush-Analytics.git,push_analyticsv18.html,deleted,success,auto-push: push_analyticsv18.html [2026-04-20 11:19:01] --END--
2026-04-20 14:43:02,GitHub AutoPush Analytics,https://github.com/deka1105/GitHub-AutoPush-Analytics.git,push_analyticsv18_5.html,created,success,"auto-push: push_analyticsv18_5.html, push_log.csv [2026-04-20 14:43:01] --END--"
2026-04-21 00:21:00,GitHub AutoPush Analytics,https://github.com/deka1105/GitHub-AutoPush-Analytics.git,push_analyticsv20.html,created,success,"auto-push: READMEv20.md, favicon.png, push_analyticsv20.html, push_log.csv [2026-04-21 00:20:58] --END--"
2026-04-21 00:21:59,GitHub AutoPush Analytics,https://github.com/deka1105/GitHub-AutoPush-Analytics.git,README.md,moved,success,"auto-push: READMEv12.md, push_log.csv [2026-04-21 00:21:58] --END--"
2026-04-21 00:22:07,GitHub AutoPush Analytics,https://github.com/deka1105/GitHub-AutoPush-Analytics.git,READMEv20.md,moved,success,"auto-push: README.md, push_log.csv [2026-04-21 00:22:06] --END--"
2026-04-21 11:52:34,GitHub AutoPush Analytics,https://github.com/deka1105/GitHub-AutoPush-Analytics.git,repos_config.csv,modified,success,auto-push: repos_config.csv [2026-04-21 11:52:33] --END--
2026-04-21 11:54:39,WarehouseFlow,https://github.com/deka1105/WarehouseFlow.git,app.py,created,success,"auto-push: .DS_Store, app.py [2026-04-21 11:54:38] --END--"
2026-04-21 11:54:41,GitHub AutoPush Analytics,https://github.com/deka1105/GitHub-AutoPush-Analytics.git,push_log.csv,modified,success,auto-push: push_log.csv [2026-04-21 11:54:39] --END--
2026-04-21 11:54:58,WarehouseFlow,https://github.com/deka1105/WarehouseFlow.git,templates/index.html,created,success,"auto-push: .DS_Store, index.html [2026-04-21 11:54:56] --END--"
2026-04-21 11:54:59,GitHub AutoPush Analytics,https://github.com/deka1105/GitHub-AutoPush-Analytics.git,push_log.csv,modified,success,auto-push: push_log.csv [2026-04-21 11:54:58] --END--
2026-04-21 11:55:16,WarehouseFlow,https://github.com/deka1105/WarehouseFlow.git,templates/requests.html,created,success,auto-push: requests.html [2026-04-21 11:55:14] --END--
2026-04-21 11:55:17,GitHub AutoPush Analytics,https://github.com/deka1105/GitHub-AutoPush-Analytics.git,push_log.csv,modified,success,auto-push: push_log.csv [2026-04-21 11:55:16] --END--
2026-04-21 11:56:11,WarehouseFlow,https://github.com/deka1105/WarehouseFlow.git,static/style.css,created,success,"auto-push: .DS_Store, style.css [2026-04-21 11:56:09] --END--"
2026-04-21 11:56:12,GitHub AutoPush Analytics,https://github.com/deka1105/GitHub-AutoPush-Analytics.git,push_log.csv,modified,success,auto-push: push_log.csv [2026-04-21 11:56:11] --END--
2026-04-21 11:56:27,WarehouseFlow,https://github.com/deka1105/WarehouseFlow.git,templates/index.html,modified,success,auto-push: .DS_Store [2026-04-21 11:56:26] --END--
2026-04-21 11:56:29,GitHub AutoPush Analytics,https://github.com/deka1105/GitHub-AutoPush-Analytics.git,push_log.csv,modified,success,auto-push: push_log.csv [2026-04-21 11:56:28] --END--
2026-04-21 11:57:38,WarehouseFlow,https://github.com/deka1105/WarehouseFlow.git,build_app.py,created,success,auto-push: build_app.py [2026-04-21 11:57:36] --END--
2026-04-21 11:57:39,GitHub AutoPush Analytics,https://github.com/deka1105/GitHub-AutoPush-Analytics.git,push_log.csv,modified,success,auto-push: push_log.csv [2026-04-21 11:57:38] --END--
2026-04-21 11:59:29,WarehouseFlow,https://github.com/deka1105/WarehouseFlow.git,requests.csv,created,success,auto-push: requests.csv [2026-04-21 11:59:28] --END--
2026-04-21 11:59:30,GitHub AutoPush Analytics,https://github.com/deka1105/GitHub-AutoPush-Analytics.git,push_log.csv,modified,success,auto-push: push_log.csv [2026-04-21 11:59:29] --END--
2026-04-21 12:02:33,WarehouseFlow,https://github.com/deka1105/WarehouseFlow.git,static/script.js,created,success,auto-push: script.js [2026-04-21 12:02:32] --END--
2026-04-21 12:02:35,GitHub AutoPush Analytics,https://github.com/deka1105/GitHub-AutoPush-Analytics.git,push_log.csv,modified,success,auto-push: push_log.csv [2026-04-21 12:02:33] --END--
2026-04-21 12:07:33,WarehouseFlow,https://github.com/deka1105/WarehouseFlow.git,static/script.js,modified,success,auto-push: script.js [2026-04-21 12:07:32] --END--
2026-04-21 12:07:35,GitHub AutoPush Analytics,https://github.com/deka1105/GitHub-AutoPush-Analytics.git,push_log.csv,modified,success,auto-push: push_log.csv [2026-04-21 12:07:33] --END--
2026-04-21 12:08:12,WarehouseFlow,https://github.com/deka1105/WarehouseFlow.git,static/style.css,modified,success,auto-push: style.css [2026-04-21 12:08:10] --END--
2026-04-21 12:08:13,GitHub AutoPush Analytics,https://github.com/deka1105/GitHub-AutoPush-Analytics.git,push_log.csv,modified,success,auto-push: push_log.csv [2026-04-21 12:08:12] --END--
2026-04-21 12:08:59,WarehouseFlow,https://github.com/deka1105/WarehouseFlow.git,static/style.css,modified,success,auto-push: style.css [2026-04-21 12:08:58] --END--
2026-04-21 12:09:01,GitHub AutoPush Analytics,https://github.com/deka1105/GitHub-AutoPush-Analytics.git,push_log.csv,modified,success,auto-push: push_log.csv [2026-04-21 12:08:59] --END--
2026-04-21 12:29:29,WarehouseFlow,https://github.com/deka1105/WarehouseFlow.git,templates/index.html,moved,success,auto-push: indexv1.html [2026-04-21 12:29:27] --END--
2026-04-21 12:29:31,GitHub AutoPush Analytics,https://github.com/deka1105/GitHub-AutoPush-Analytics.git,push_log.csv,modified,success,auto-push: push_log.csv [2026-04-21 12:29:29] --END--
2026-04-21 12:29:48,WarehouseFlow,https://github.com/deka1105/WarehouseFlow.git,static/style.css,modified,success,"auto-push: style.css, index.html [2026-04-21 12:29:47] --END--"
2026-04-21 12:29:50,GitHub AutoPush Analytics,https://github.com/deka1105/GitHub-AutoPush-Analytics.git,push_log.csv,modified,success,auto-push: push_log.csv [2026-04-21 12:29:49] --END--
2026-04-21 12:31:19,WarehouseFlow,https://github.com/deka1105/WarehouseFlow.git,static/script.js,modified,success,auto-push: script.js [2026-04-21 12:31:18] --END--
2026-04-21 12:31:21,GitHub AutoPush Analytics,https://github.com/deka1105/GitHub-AutoPush-Analytics.git,push_log.csv,modified,success,auto-push: push_log.csv [2026-04-21 12:31:19] --END--
2026-04-21 12:34:38,WarehouseFlow,https://github.com/deka1105/WarehouseFlow.git,static/style.css,moved,success,auto-push: stylev1.css [2026-04-21 12:34:36] --END--
2026-04-21 12:34:39,GitHub AutoPush Analytics,https://github.com/deka1105/GitHub-AutoPush-Analytics.git,push_log.csv,modified,success,auto-push: push_log.csv [2026-04-21 12:34:38] --END--
2026-04-21 12:34:51,WarehouseFlow,https://github.com/deka1105/WarehouseFlow.git,static/style.css,created,success,auto-push: style.css [2026-04-21 12:34:50] --END--
2026-04-21 12:34:53,GitHub AutoPush Analytics,https://github.com/deka1105/GitHub-AutoPush-Analytics.git,push_log.csv,modified,success,auto-push: push_log.csv [2026-04-21 12:34:51] --END--
2026-04-21 12:35:58,WarehouseFlow,https://github.com/deka1105/WarehouseFlow.git,uploads/20260421_123556_Screenshot_2026-03-30_at_10.27.05_AM.png,created,success,"auto-push: requests.csv, style.css, 20260421_123556_Screenshot_2026-03-30_at_10.27.05_AM.png [2026-04-21 12:35:56] --END--"
2026-04-21 12:35:59,GitHub AutoPush Analytics,https://github.com/deka1105/GitHub-AutoPush-Analytics.git,push_log.csv,modified,success,auto-push: push_log.csv [2026-04-21 12:35:58] --END--
2026-04-21 12:39:33,WarehouseFlow,https://github.com/deka1105/WarehouseFlow.git,app.py,moved,success,"auto-push: .DS_Store, appv1.py [2026-04-21 12:39:31] --END--"
2026-04-21 12:39:35,GitHub AutoPush Analytics,https://github.com/deka1105/GitHub-AutoPush-Analytics.git,push_log.csv,modified,success,auto-push: push_log.csv [2026-04-21 12:39:33] --END--
2026-04-21 12:39:43,WarehouseFlow,https://github.com/deka1105/WarehouseFlow.git,app.py,created,success,"auto-push: .DS_Store, app.py [2026-04-21 12:39:42] --END--"
2026-04-21 12:39:44,GitHub AutoPush Analytics,https://github.com/deka1105/GitHub-AutoPush-Analytics.git,push_log.csv,modified,success,auto-push: push_log.csv [2026-04-21 12:39:43] --END--
2026-04-21 12:40:25,WarehouseFlow,https://github.com/deka1105/WarehouseFlow.git,manage_nodes.html,created,success,auto-push: manage_nodes.html [2026-04-21 12:40:24] --END--
2026-04-21 12:40:27,GitHub AutoPush Analytics,https://github.com/deka1105/GitHub-AutoPush-Analytics.git,push_log.csv,modified,success,auto-push: push_log.csv [2026-04-21 12:40:25] --END--
2026-04-21 12:41:06,WarehouseFlow,https://github.com/deka1105/WarehouseFlow.git,custom_nodes.json,created,success,"auto-push: custom_nodes.json, manage_nodes.html [2026-04-21 12:41:04] --END--"
2026-04-21 12:41:07,GitHub AutoPush Analytics,https://github.com/deka1105/GitHub-AutoPush-Analytics.git,push_log.csv,modified,success,auto-push: push_log.csv [2026-04-21 12:41:06] --END--
2026-04-21 12:41:53,WarehouseFlow,https://github.com/deka1105/WarehouseFlow.git,static/style.css,modified,success,auto-push: style.css [2026-04-21 12:41:51] --END--
2026-04-21 12:41:54,GitHub AutoPush Analytics,https://github.com/deka1105/GitHub-AutoPush-Analytics.git,push_log.csv,modified,success,auto-push: push_log.csv [2026-04-21 12:41:53] --END--
2026-04-21 12:43:29,WarehouseFlow,https://github.com/deka1105/WarehouseFlow.git,app.py,deleted,success,auto-push: app.py [2026-04-21 12:43:28] --END--
2026-04-21 12:43:31,GitHub AutoPush Analytics,https://github.com/deka1105/GitHub-AutoPush-Analytics.git,push_log.csv,modified,success,auto-push: push_log.csv [2026-04-21 12:43:29] --END--
2026-04-21 12:44:27,WarehouseFlow,https://github.com/deka1105/WarehouseFlow.git,templates/index.html,moved,success,auto-push: indexv2.html [2026-04-21 12:44:25] --END--
2026-04-21 12:44:28,GitHub AutoPush Analytics,https://github.com/deka1105/GitHub-AutoPush-Analytics.git,push_log.csv,modified,success,auto-push: push_log.csv [2026-04-21 12:44:27] --END--
2026-04-21 12:44:38,WarehouseFlow,https://github.com/deka1105/WarehouseFlow.git,static/style.css,moved,success,"auto-push: .DS_Store, stylev2.css, index.html [2026-04-21 12:44:37] --END--"
2026-04-21 12:44:40,GitHub AutoPush Analytics,https://github.com/deka1105/GitHub-AutoPush-Analytics.git,push_log.csv,modified,success,auto-push: push_log.csv [2026-04-21 12:44:39] --END--
2026-04-21 12:45:43,WarehouseFlow,https://github.com/deka1105/WarehouseFlow.git,custom_nodes.json,modified,success,"auto-push: custom_nodes.json, style.css [2026-04-21 12:45:41] --END--"
2026-04-21 12:45:44,GitHub AutoPush Analytics,https://github.com/deka1105/GitHub-AutoPush-Analytics.git,push_log.csv,modified,success,auto-push: push_log.csv [2026-04-21 12:45:43] --END--
2026-04-21 12:51:13,WarehouseFlow,https://github.com/deka1105/WarehouseFlow.git,static/style.css,modified,success,auto-push: style.css [2026-04-21 12:51:12] --END--
2026-04-21 12:51:15,GitHub AutoPush Analytics,https://github.com/deka1105/GitHub-AutoPush-Analytics.git,push_log.csv,modified,success,auto-push: push_log.csv [2026-04-21 12:51:13] --END--
2026-04-21 12:51:51,WarehouseFlow,https://github.com/deka1105/WarehouseFlow.git,static/script.js,modified,success,auto-push: script.js [2026-04-21 12:51:49] --END--
2026-04-21 12:51:53,GitHub AutoPush Analytics,https://github.com/deka1105/GitHub-AutoPush-Analytics.git,push_log.csv,modified,success,auto-push: push_log.csv [2026-04-21 12:51:51] --END--
2026-04-21 12:52:28,WarehouseFlow,https://github.com/deka1105/WarehouseFlow.git,templates/index.html,moved,success,auto-push: indexv3.html [2026-04-21 12:52:27] --END--
2026-04-21 12:52:29,GitHub AutoPush Analytics,https://github.com/deka1105/GitHub-AutoPush-Analytics.git,push_log.csv,modified,success,auto-push: push_log.csv [2026-04-21 12:52:28] --END--
2026-04-21 12:53:06,WarehouseFlow,https://github.com/deka1105/WarehouseFlow.git,app.py,moved,success,"auto-push: appv2.py, index.html [2026-04-21 12:53:04] --END--"
2026-04-21 12:53:07,GitHub AutoPush Analytics,https://github.com/deka1105/GitHub-AutoPush-Analytics.git,push_log.csv,modified,success,auto-push: push_log.csv [2026-04-21 12:53:06] --END--
2026-04-21 12:53:13,WarehouseFlow,https://github.com/deka1105/WarehouseFlow.git,nodes.csv,created,success,auto-push: 7 files changed [2026-04-21 12:53:12] --END--
2026-04-21 12:53:15,GitHub AutoPush Analytics,https://github.com/deka1105/GitHub-AutoPush-Analytics.git,push_log.csv,modified,success,auto-push: push_log.csv [2026-04-21 12:53:13] --END--
2026-04-21 12:56:07,WarehouseFlow,https://github.com/deka1105/WarehouseFlow.git,workflows/workflow_20260421_125606.csv,created,success,auto-push: workflow_20260421_125606.csv [2026-04-21 12:56:06] --END--
2026-04-21 12:56:09,GitHub AutoPush Analytics,https://github.com/deka1105/GitHub-AutoPush-Analytics.git,push_log.csv,modified,success,auto-push: push_log.csv [2026-04-21 12:56:07] --END--
2026-04-21 12:57:35,WarehouseFlow,https://github.com/deka1105/WarehouseFlow.git,nodes.csv,modified,success,auto-push: nodes.csv [2026-04-21 12:57:34] --END--
2026-04-21 12:57:36,GitHub AutoPush Analytics,https://github.com/deka1105/GitHub-AutoPush-Analytics.git,push_log.csv,modified,success,auto-push: push_log.csv [2026-04-21 12:57:35] --END--
2026-04-21 12:58:32,WarehouseFlow,https://github.com/deka1105/WarehouseFlow.git,workflows/Custom1.csv,created,success,auto-push: Custom1.csv [2026-04-21 12:58:30] --END--
2026-04-21 12:58:33,GitHub AutoPush Analytics,https://github.com/deka1105/GitHub-AutoPush-Analytics.git,push_log.csv,modified,success,auto-push: push_log.csv [2026-04-21 12:58:32] --END--
2026-04-21 13:08:42,WarehouseFlow,https://github.com/deka1105/WarehouseFlow.git,static/style.css,moved,success,auto-push: stylev3.css [2026-04-21 13:08:40] --END--
2026-04-21 13:08:43,GitHub AutoPush Analytics,https://github.com/deka1105/GitHub-AutoPush-Analytics.git,push_log.csv,modified,success,auto-push: push_log.csv [2026-04-21 13:08:42] --END--
2026-04-21 13:08:55,WarehouseFlow,https://github.com/deka1105/WarehouseFlow.git,static/style.css,created,success,auto-push: style.css [2026-04-21 13:08:54] --END--
2026-04-21 13:08:57,GitHub AutoPush Analytics,https://github.com/deka1105/GitHub-AutoPush-Analytics.git,push_log.csv,modified,success,auto-push: push_log.csv [2026-04-21 13:08:55] --END--
2026-04-21 13:09:06,WarehouseFlow,https://github.com/deka1105/WarehouseFlow.git,templates/index.html,moved,success,auto-push: indexv4.html [2026-04-21 13:09:05] --END--
2026-04-21 13:09:08,GitHub AutoPush Analytics,https://github.com/deka1105/GitHub-AutoPush-Analytics.git,push_log.csv,modified,success,auto-push: push_log.csv [2026-04-21 13:09:06] --END--
2026-04-21 13:09:14,WarehouseFlow,https://github.com/deka1105/WarehouseFlow.git,templates/index.html,created,success,auto-push: index.html [2026-04-21 13:09:13] --END--
2026-04-21 13:09:16,GitHub AutoPush Analytics,https://github.com/deka1105/GitHub-AutoPush-Analytics.git,push_log.csv,modified,success,auto-push: push_log.csv [2026-04-21 13:09:14] --END--
2026-04-21 13:09:32,WarehouseFlow,https://github.com/deka1105/WarehouseFlow.git,workflows/workflow_20260421_130931.csv,created,success,auto-push: workflow_20260421_130931.csv [2026-04-21 13:09:31] --END--
2026-04-21 13:09:34,GitHub AutoPush Analytics,https://github.com/deka1105/GitHub-AutoPush-Analytics.git,push_log.csv,modified,success,auto-push: push_log.csv [2026-04-21 13:09:33] --END--
2026-04-21 13:10:43,WarehouseFlow,https://github.com/deka1105/WarehouseFlow.git,static/style.css,modified,success,auto-push: workflow_20260421_130934.csv [2026-04-21 13:10:42] --END--
2026-04-21 13:10:45,GitHub AutoPush Analytics,https://github.com/deka1105/GitHub-AutoPush-Analytics.git,push_log.csv,modified,success,auto-push: push_log.csv [2026-04-21 13:10:43] --END--
2026-04-21 13:11:26,WarehouseFlow,https://github.com/deka1105/WarehouseFlow.git,workflows/AdvancedWarehouseFlow.csv,created,success,"auto-push: .DS_Store, AdvancedWarehouseFlow.csv [2026-04-21 13:11:24] --END--"
2026-04-21 13:11:27,GitHub AutoPush Analytics,https://github.com/deka1105/GitHub-AutoPush-Analytics.git,push_log.csv,modified,success,auto-push: push_log.csv [2026-04-21 13:11:26] --END--
2026-04-21 13:17:05,WarehouseFlow,https://github.com/deka1105/WarehouseFlow.git,workflows/AdvancedDraft1.csv,created,success,auto-push: AdvancedDraft1.csv [2026-04-21 13:17:04] --END--
2026-04-21 13:17:07,GitHub AutoPush Analytics,https://github.com/deka1105/GitHub-AutoPush-Analytics.git,push_log.csv,modified,success,auto-push: push_log.csv [2026-04-21 13:17:06] --END--
2026-04-21 13:19:27,WarehouseFlow,https://github.com/deka1105/WarehouseFlow.git,custom_nodes.json,moved,success,"auto-push: .DS_Store, custom_nodesv1.json [2026-04-21 13:19:25] --END--"
2026-04-21 13:19:28,GitHub AutoPush Analytics,https://github.com/deka1105/GitHub-AutoPush-Analytics.git,push_log.csv,modified,success,auto-push: push_log.csv [2026-04-21 13:19:27] --END--
2026-04-21 13:19:52,WarehouseFlow,https://github.com/deka1105/WarehouseFlow.git,updated_AdvancedWarehouseFlow.csv,created,success,"auto-push: nodesv1.csv, updated_AdvancedWarehouseFlow.csv, updated_nodes.csv [2026-04-21 13:19:50] --END--"
2026-04-21 13:19:53,GitHub AutoPush Analytics,https://github.com/deka1105/GitHub-AutoPush-Analytics.git,push_log.csv,modified,success,auto-push: push_log.csv [2026-04-21 13:19:52] --END--
2026-04-21 13:20:50,WarehouseFlow,https://github.com/deka1105/WarehouseFlow.git,updated_nodes.csv,moved,success,auto-push: nodes.csv [2026-04-21 13:20:49] --END--
2026-04-21 13:20:52,GitHub AutoPush Analytics,https://github.com/deka1105/GitHub-AutoPush-Analytics.git,push_log.csv,modified,success,auto-push: push_log.csv [2026-04-21 13:20:50] --END--
2026-04-21 13:21:02,WarehouseFlow,https://github.com/deka1105/WarehouseFlow.git,custom_nodesv1.json,moved,success,auto-push: custom_nodes.json [2026-04-21 13:21:01] --END--
2026-04-21 13:21:04,GitHub AutoPush Analytics,https://github.com/deka1105/GitHub-AutoPush-Analytics.git,push_log.csv,modified,success,auto-push: push_log.csv [2026-04-21 13:21:02] --END--
2026-04-21 13:24:40,WarehouseFlow,https://github.com/deka1105/WarehouseFlow.git,static/style.css,moved,success,"auto-push: stylev4.css, updated_AdvancedWarehouseFlow.csv [2026-04-21 13:24:38] --END--"
2026-04-21 13:24:41,GitHub AutoPush Analytics,https://github.com/deka1105/GitHub-AutoPush-Analytics.git,push_log.csv,modified,success,auto-push: push_log.csv [2026-04-21 13:24:40] --END--
2026-04-21 13:24:52,WarehouseFlow,https://github.com/deka1105/WarehouseFlow.git,templates/index.html,moved,success,"auto-push: style.css, indexv5.html [2026-04-21 13:24:50] --END--"
2026-04-21 13:24:53,GitHub AutoPush Analytics,https://github.com/deka1105/GitHub-AutoPush-Analytics.git,push_log.csv,modified,success,auto-push: push_log.csv [2026-04-21 13:24:52] --END--
2026-04-21 13:32:27,WarehouseFlow,https://github.com/deka1105/WarehouseFlow.git,templates/index.html,moved,success,auto-push: indexv6.html [2026-04-21 13:32:25] --END--
2026-04-21 13:32:28,GitHub AutoPush Analytics,https://github.com/deka1105/GitHub-AutoPush-Analytics.git,push_log.csv,modified,success,auto-push: push_log.csv [2026-04-21 13:32:27] --END--
2026-04-21 13:32:40,WarehouseFlow,https://github.com/deka1105/WarehouseFlow.git,static/style.css,moved,success,"auto-push: stylev5.css, index.html [2026-04-21 13:32:39] --END--"
2026-04-21 13:32:42,GitHub AutoPush Analytics,https://github.com/deka1105/GitHub-AutoPush-Analytics.git,push_log.csv,modified,success,auto-push: push_log.csv [2026-04-21 13:32:40] --END--
2026-04-21 13:33:14,WarehouseFlow,https://github.com/deka1105/WarehouseFlow.git,static/script.js,moved,success,"auto-push: scriptv1.js, style.css [2026-04-21 13:33:12] --END--"
2026-04-21 13:33:15,GitHub AutoPush Analytics,https://github.com/deka1105/GitHub-AutoPush-Analytics.git,push_log.csv,modified,success,auto-push: push_log.csv [2026-04-21 13:33:14] --END--
2026-04-21 14:20:25,WarehouseFlow,https://github.com/deka1105/WarehouseFlow.git,static/style.css,modified,success,auto-push: script.js [2026-04-21 14:20:23] --END--
2026-04-21 14:20:26,GitHub AutoPush Analytics,https://github.com/deka1105/GitHub-AutoPush-Analytics.git,push_log.csv,modified,success,auto-push: push_log.csv [2026-04-21 14:20:25] --END--
2026-04-21 14:21:56,WarehouseFlow,https://github.com/deka1105/WarehouseFlow.git,Readme.md,created,success,auto-push: Readme.md [2026-04-21 14:21:54] --END--
2026-04-21 14:21:57,GitHub AutoPush Analytics,https://github.com/deka1105/GitHub-AutoPush-Analytics.git,push_log.csv,modified,success,auto-push: push_log.csv [2026-04-21 14:21:56] --END--
2026-04-21 14:31:30,WarehouseFlow,https://github.com/deka1105/WarehouseFlow.git,static/script.js,moved,success,auto-push: scriptv2.js [2026-04-21 14:31:28] --END--
2026-04-21 14:31:32,GitHub AutoPush Analytics,https://github.com/deka1105/GitHub-AutoPush-Analytics.git,push_log.csv,modified,success,auto-push: push_log.csv [2026-04-21 14:31:30] --END--
2026-04-21 14:31:39,WarehouseFlow,https://github.com/deka1105/WarehouseFlow.git,static/style.css,created,success,"auto-push: script.js, style.css, stylev6.css [2026-04-21 14:31:37] --END--"
2026-04-21 14:31:40,GitHub AutoPush Analytics,https://github.com/deka1105/GitHub-AutoPush-Analytics.git,push_log.csv,modified,success,auto-push: push_log.csv [2026-04-21 14:31:39] --END--
2026-04-21 14:31:55,WarehouseFlow,https://github.com/deka1105/WarehouseFlow.git,templates/index.html,moved,success,auto-push: indexv7.html [2026-04-21 14:31:53] --END--
2026-04-21 14:31:56,GitHub AutoPush Analytics,https://github.com/deka1105/GitHub-AutoPush-Analytics.git,push_log.csv,modified,success,auto-push: push_log.csv [2026-04-21 14:31:55] --END--
2026-04-21 14:32:07,WarehouseFlow,https://github.com/deka1105/WarehouseFlow.git,templates/index.html,created,success,auto-push: index.html [2026-04-21 14:32:05] --END--
2026-04-21 14:32:08,GitHub AutoPush Analytics,https://github.com/deka1105/GitHub-AutoPush-Analytics.git,push_log.csv,modified,success,auto-push: push_log.csv [2026-04-21 14:32:07] --END--
2026-04-21 14:38:46,WarehouseFlow,https://github.com/deka1105/WarehouseFlow.git,templates/index.html,moved,success,auto-push: indexv8.html [2026-04-21 14:38:45] --END--
2026-04-21 14:38:48,GitHub AutoPush Analytics,https://github.com/deka1105/GitHub-AutoPush-Analytics.git,push_log.csv,modified,success,auto-push: push_log.csv [2026-04-21 14:38:46] --END--
2026-04-21 14:39:02,WarehouseFlow,https://github.com/deka1105/WarehouseFlow.git,static/style.css,moved,success,"auto-push: stylev7.css, index.html [2026-04-21 14:39:00] --END--"
2026-04-21 14:39:03,GitHub AutoPush Analytics,https://github.com/deka1105/GitHub-AutoPush-Analytics.git,push_log.csv,modified,success,auto-push: push_log.csv [2026-04-21 14:39:02] --END--
2026-04-21 14:39:56,WarehouseFlow,https://github.com/deka1105/WarehouseFlow.git,static/script.js,moved,success,"auto-push: scriptv3.js, style.css [2026-04-21 14:39:55] --END--"
2026-04-21 14:39:58,GitHub AutoPush Analytics,https://github.com/deka1105/GitHub-AutoPush-Analytics.git,push_log.csv,modified,success,auto-push: push_log.csv [2026-04-21 14:39:56] --END--
2026-04-21 14:42:51,WarehouseFlow,https://github.com/deka1105/WarehouseFlow.git,static/style.css,modified,success,auto-push: script.js [2026-04-21 14:42:50] --END--
2026-04-21 14:42:53,GitHub AutoPush Analytics,https://github.com/deka1105/GitHub-AutoPush-Analytics.git,push_log.csv,modified,success,auto-push: push_log.csv [2026-04-21 14:42:51] --END--
2026-04-21 14:43:03,WarehouseFlow,https://github.com/deka1105/WarehouseFlow.git,custom_nodes.json,modified,success,auto-push: custom_nodes.json [2026-04-21 14:43:02] --END--
2026-04-21 14:43:05,GitHub AutoPush Analytics,https://github.com/deka1105/GitHub-AutoPush-Analytics.git,push_log.csv,modified,success,auto-push: push_log.csv [2026-04-21 14:43:03] --END--
2026-04-21 14:43:25,WarehouseFlow,https://github.com/deka1105/WarehouseFlow.git,nodes.csv,modified,success,auto-push: nodes.csv [2026-04-21 14:43:23] --END--
2026-04-21 14:43:26,GitHub AutoPush Analytics,https://github.com/deka1105/GitHub-AutoPush-Analytics.git,push_log.csv,modified,success,auto-push: push_log.csv [2026-04-21 14:43:25] --END--
2026-04-21 14:48:01,WarehouseFlow,https://github.com/deka1105/WarehouseFlow.git,workflows/6_advanced_global_flow.csv,created,success,auto-push: 6_advanced_global_flow.csv [2026-04-21 14:48:00] --END--
2026-04-21 14:48:03,GitHub AutoPush Analytics,https://github.com/deka1105/GitHub-AutoPush-Analytics.git,push_log.csv,modified,success,auto-push: push_log.csv [2026-04-21 14:48:01] --END--
2026-04-21 14:54:01,WarehouseFlow,https://github.com/deka1105/WarehouseFlow.git,templates/index.html,moved,success,auto-push: indexv9.html [2026-04-21 14:53:59] --END--
2026-04-21 14:54:02,GitHub AutoPush Analytics,https://github.com/deka1105/GitHub-AutoPush-Analytics.git,push_log.csv,modified,success,auto-push: push_log.csv [2026-04-21 14:54:01] --END--
2026-04-21 14:54:11,WarehouseFlow,https://github.com/deka1105/WarehouseFlow.git,static/script.js,moved,success,"auto-push: scriptv4.js, index.html [2026-04-21 14:54:09] --END--"
2026-04-21 14:54:12,GitHub AutoPush Analytics,https://github.com/deka1105/GitHub-AutoPush-Analytics.git,push_log.csv,modified,success,auto-push: push_log.csv [2026-04-21 14:54:11] --END--
2026-04-21 14:54:20,WarehouseFlow,https://github.com/deka1105/WarehouseFlow.git,static/style.css,created,success,"auto-push: script.js, style.css, stylev8.css [2026-04-21 14:54:19] --END--"
2026-04-21 14:54:21,GitHub AutoPush Analytics,https://github.com/deka1105/GitHub-AutoPush-Analytics.git,push_log.csv,modified,success,auto-push: push_log.csv [2026-04-21 14:54:20] --END--
2026-04-21 15:00:22,WarehouseFlow,https://github.com/deka1105/WarehouseFlow.git,workflows/draft2.csv,created,success,auto-push: draft2.csv [2026-04-21 15:00:20] --END--
2026-04-21 15:00:23,GitHub AutoPush Analytics,https://github.com/deka1105/GitHub-AutoPush-Analytics.git,push_log.csv,modified,success,auto-push: push_log.csv [2026-04-21 15:00:22] --END--
2026-04-21 15:08:02,WarehouseFlow,https://github.com/deka1105/WarehouseFlow.git,static/script.js,moved,success,auto-push: scriptv5.js [2026-04-21 15:08:00] --END--
2026-04-21 15:08:03,GitHub AutoPush Analytics,https://github.com/deka1105/GitHub-AutoPush-Analytics.git,push_log.csv,modified,success,auto-push: push_log.csv [2026-04-21 15:08:02] --END--
2026-04-21 15:08:07,WarehouseFlow,https://github.com/deka1105/WarehouseFlow.git,static/style.css,moved,success,auto-push: stylev9.css [2026-04-21 15:08:06] --END--
2026-04-21 15:08:09,GitHub AutoPush Analytics,https://github.com/deka1105/GitHub-AutoPush-Analytics.git,push_log.csv,modified,success,auto-push: push_log.csv [2026-04-21 15:08:07] --END--
2026-04-21 15:08:21,WarehouseFlow,https://github.com/deka1105/WarehouseFlow.git,templates/index.html,moved,success,"auto-push: script.js, style.css, indexv10.html [2026-04-21 15:08:19] --END--"
2026-04-21 15:08:22,GitHub AutoPush Analytics,https://github.com/deka1105/GitHub-AutoPush-Analytics.git,push_log.csv,modified,success,auto-push: push_log.csv [2026-04-21 15:08:21] --END--
2026-04-21 15:15:39,WarehouseFlow,https://github.com/deka1105/WarehouseFlow.git,workflows/workflow_20260421_125606.csv,modified,success,"auto-push: index.html, workflow_20260421_125606.csv [2026-04-21 15:15:37] --END--"
2026-04-21 15:15:40,GitHub AutoPush Analytics,https://github.com/deka1105/GitHub-AutoPush-Analytics.git,push_log.csv,modified,success,auto-push: push_log.csv [2026-04-21 15:15:39] --END--
2026-04-21 20:47:29,GitHub AutoPush Analytics,https://github.com/deka1105/GitHub-AutoPush-Analytics.git,push_analyticsv20_1.html,created,success,"auto-push: push_analyticsv20_1.html, push_log.csv [2026-04-21 20:47:28] --END--"
2026-04-21 20:47:51,GitHub AutoPush Analytics,https://github.com/deka1105/GitHub-AutoPush-Analytics.git,READMEv20.md,created,success,"auto-push: READMEv20.md, push_log.csv [2026-04-21 20:47:50] --END--"
2026-04-21 21:01:50,GitHub AutoPush Analytics,https://github.com/deka1105/GitHub-AutoPush-Analytics.git,push_analyticsv20.html,moved,failed,"To https://github.com/deka1105/GitHub-AutoPush-Analytics.git /n  ! [rejected]        HEAD -> main (fetch first) /n error: failed to push some refs to 'https://github.com/deka1105/GitHub-AutoPush-Analytics.git' /n hint: Updates were rejected because the remote contains work that you do /n hint: not have locally. This is usually caused by another repository pushing /n hint: to the same ref. You may want to first integrate the remote changes /n hint: (e.g., 'git pull ...') before pushing again. /n hint: See the 'Note about fast-forwards' in 'git push --help' for details. --END--"
2026-04-21 21:01:57,GitHub AutoPush Analytics,https://github.com/deka1105/GitHub-AutoPush-Analytics.git,New Folder With Items/push_analyticsv12.html,moved,success,auto-push: 20 files changed [2026-04-21 21:01:56] --END--
2026-04-21 21:02:12,GitHub AutoPush Analytics,https://github.com/deka1105/GitHub-AutoPush-Analytics.git,READMEv20.md,moved,success,"auto-push: .DS_Store, README_old.md, READMEv12.md, READMEv20.md, push_log.csv [2026-04-21 21:02:11] --END--"
2026-04-21 21:02:21,GitHub AutoPush Analytics,https://github.com/deka1105/GitHub-AutoPush-Analytics.git,New Folder With Items/READMEv20.md,moved,success,"auto-push: .DS_Store, README_old.md, READMEv12.md, READMEv20.md, push_log.csv [2026-04-21 21:02:20] --END--"
2026-04-21 21:03:05,GitHub AutoPush Analytics,https://github.com/deka1105/GitHub-AutoPush-Analytics.git,auto_git_pushv5.py,moved,success,auto-push: 6 files changed [2026-04-21 21:03:04] --END--
2026-04-21 21:03:17,GitHub AutoPush Analytics,https://github.com/deka1105/GitHub-AutoPush-Analytics.git,New Folder With Items/auto_git_pushv4.py,moved,success,auto-push: 6 files changed [2026-04-21 21:03:16] --END--
2026-04-21 21:03:30,GitHub AutoPush Analytics,https://github.com/deka1105/GitHub-AutoPush-Analytics.git,Old ReadMe/READMEv20.md,moved,success,auto-push: 29 files changed [2026-04-21 21:03:29] --END--
2026-04-21 21:03:43,GitHub AutoPush Analytics,https://github.com/deka1105/GitHub-AutoPush-Analytics.git,New Folder With Items/autoGitv3.zip,moved,success,auto-push: 29 files changed [2026-04-21 21:03:41] --END--
2026-04-21 21:04:19,WarehouseFlow,https://github.com/deka1105/WarehouseFlow.git,Node App/app.py,created,success,"auto-push: .DS_Store, app.py, appv1.py, appv2.py, build_app.py [2026-04-21 21:04:17] --END--"
2026-04-21 21:04:20,GitHub AutoPush Analytics,https://github.com/deka1105/GitHub-AutoPush-Analytics.git,push_log.csv,modified,success,"auto-push: .DS_Store, .DS_Store, push_log.csv [2026-04-21 21:04:19] --END--"
2026-04-21 21:06:20,WarehouseFlow,https://github.com/deka1105/WarehouseFlow.git,Node App/package.json,created,success,auto-push: 50 files changed [2026-04-21 21:06:19] --END--
2026-04-21 21:06:21,GitHub AutoPush Analytics,https://github.com/deka1105/GitHub-AutoPush-Analytics.git,push_log.csv,modified,success,auto-push: push_log.csv [2026-04-21 21:06:20] --END--
2026-04-21 21:06:49,WarehouseFlow,https://github.com/deka1105/WarehouseFlow.git,Node App/server.js,created,success,"auto-push: package.json, server.js [2026-04-21 21:06:48] --END--"
2026-04-21 21:06:51,GitHub AutoPush Analytics,https://github.com/deka1105/GitHub-AutoPush-Analytics.git,push_log.csv,modified,success,auto-push: push_log.csv [2026-04-21 21:06:50] --END--
2026-04-21 21:09:42,WarehouseFlow,https://github.com/deka1105/WarehouseFlow.git,Node App/public/css/style.css,created,success,"auto-push: .DS_Store, .DS_Store, .DS_Store, style.css [2026-04-21 21:09:41] --END--"
2026-04-21 21:09:44,GitHub AutoPush Analytics,https://github.com/deka1105/GitHub-AutoPush-Analytics.git,push_log.csv,modified,success,auto-push: push_log.csv [2026-04-21 21:09:42] --END--
2026-04-21 21:10:23,WarehouseFlow,https://github.com/deka1105/WarehouseFlow.git,Node App/views/index.ejs,created,success,"auto-push: .DS_Store, script.js, index.ejs [2026-04-21 21:10:21] --END--"
2026-04-21 21:10:24,GitHub AutoPush Analytics,https://github.com/deka1105/GitHub-AutoPush-Analytics.git,push_log.csv,modified,success,auto-push: push_log.csv [2026-04-21 21:10:23] --END--
2026-04-21 21:10:29,WarehouseFlow,https://github.com/deka1105/WarehouseFlow.git,Node App/views/index.ejs,modified,success,auto-push: index.ejs [2026-04-21 21:10:27] --END--
2026-04-21 21:10:30,GitHub AutoPush Analytics,https://github.com/deka1105/GitHub-AutoPush-Analytics.git,push_log.csv,modified,success,auto-push: push_log.csv [2026-04-21 21:10:29] --END--
2026-04-21 21:10:43,WarehouseFlow,https://github.com/deka1105/WarehouseFlow.git,Node App/views/manage_nodes.ejs,created,success,auto-push: manage_nodes.ejs [2026-04-21 21:10:41] --END--
2026-04-21 21:10:44,GitHub AutoPush Analytics,https://github.com/deka1105/GitHub-AutoPush-Analytics.git,push_log.csv,modified,success,auto-push: push_log.csv [2026-04-21 21:10:43] --END--
2026-04-21 21:10:50,WarehouseFlow,https://github.com/deka1105/WarehouseFlow.git,Node App/views/manage_nodes.ejs,modified,success,auto-push: manage_nodes.ejs [2026-04-21 21:10:48] --END--
2026-04-21 21:10:51,GitHub AutoPush Analytics,https://github.com/deka1105/GitHub-AutoPush-Analytics.git,push_log.csv,modified,success,auto-push: push_log.csv [2026-04-21 21:10:50] --END--
2026-04-21 21:12:02,WarehouseFlow,https://github.com/deka1105/WarehouseFlow.git,Node App/custom_nodes.json,moved,success,auto-push: 60 files changed [2026-04-21 21:12:01] --END--
2026-04-21 21:12:04,GitHub AutoPush Analytics,https://github.com/deka1105/GitHub-AutoPush-Analytics.git,push_log.csv,modified,success,auto-push: push_log.csv [2026-04-21 21:12:02] --END--
2026-04-21 21:13:16,WarehouseFlow,https://github.com/deka1105/WarehouseFlow.git,NodeApp/node_modules/is-number/package.json,created,success,auto-push: 299 files changed [2026-04-21 21:13:14] --END--
2026-04-21 21:13:18,GitHub AutoPush Analytics,https://github.com/deka1105/GitHub-AutoPush-Analytics.git,push_log.csv,modified,success,auto-push: push_log.csv [2026-04-21 21:13:16] --END--
2026-04-21 21:14:45,WarehouseFlow,https://github.com/deka1105/WarehouseFlow.git,NodeApp/server.js,modified,failed,"error: RPC failed; HTTP 400 curl 22 The requested URL returned error: 400 /n send-pack: unexpected disconnect while reading sideband packet /n fatal: the remote end hung up unexpectedly /n Everything up-to-date --END--"
2026-04-21 21:14:46,GitHub AutoPush Analytics,https://github.com/deka1105/GitHub-AutoPush-Analytics.git,push_log.csv,modified,success,auto-push: push_log.csv [2026-04-21 21:14:45] --END--
2026-04-21 21:18:22,WarehouseFlow,https://github.com/deka1105/WarehouseFlow.git,NodeApp/public/css/style.css,modified,failed,"error: RPC failed; HTTP 400 curl 22 The requested URL returned error: 400 /n send-pack: unexpected disconnect while reading sideband packet /n fatal: the remote end hung up unexpectedly /n Everything up-to-date --END--"
2026-04-21 21:18:23,GitHub AutoPush Analytics,https://github.com/deka1105/GitHub-AutoPush-Analytics.git,push_log.csv,modified,success,auto-push: push_log.csv [2026-04-21 21:18:22] --END--
2026-04-21 21:18:40,WarehouseFlow,https://github.com/deka1105/WarehouseFlow.git,NodeApp/views/index.ejs,modified,failed,"error: RPC failed; HTTP 400 curl 22 The requested URL returned error: 400 /n send-pack: unexpected disconnect while reading sideband packet /n fatal: the remote end hung up unexpectedly /n Everything up-to-date --END--"
2026-04-21 21:18:42,GitHub AutoPush Analytics,https://github.com/deka1105/GitHub-AutoPush-Analytics.git,push_log.csv,modified,success,auto-push: push_log.csv [2026-04-21 21:18:41] --END--
2026-04-21 21:22:26,WarehouseFlow,https://github.com/deka1105/WarehouseFlow.git,NodeApp/views/index.ejs,modified,failed,"error: RPC failed; HTTP 400 curl 22 The requested URL returned error: 400 /n send-pack: unexpected disconnect while reading sideband packet /n fatal: the remote end hung up unexpectedly /n Everything up-to-date --END--"
2026-04-21 21:22:28,GitHub AutoPush Analytics,https://github.com/deka1105/GitHub-AutoPush-Analytics.git,push_log.csv,modified,success,auto-push: push_log.csv [2026-04-21 21:22:26] --END--
2026-04-21 21:23:14,WarehouseFlow,https://github.com/deka1105/WarehouseFlow.git,NodeApp/public/js/script.js,modified,failed,"error: RPC failed; HTTP 400 curl 22 The requested URL returned error: 400 /n send-pack: unexpected disconnect while reading sideband packet /n fatal: the remote end hung up unexpectedly /n Everything up-to-date --END--"
2026-04-21 21:23:16,GitHub AutoPush Analytics,https://github.com/deka1105/GitHub-AutoPush-Analytics.git,push_log.csv,modified,success,auto-push: push_log.csv [2026-04-21 21:23:15] --END--
2026-04-21 21:23:44,WarehouseFlow,https://github.com/deka1105/WarehouseFlow.git,NodeApp/public/css/style.css,modified,failed,"error: RPC failed; HTTP 400 curl 22 The requested URL returned error: 400 /n send-pack: unexpected disconnect while reading sideband packet /n fatal: the remote end hung up unexpectedly /n Everything up-to-date --END--"
2026-04-21 21:23:45,GitHub AutoPush Analytics,https://github.com/deka1105/GitHub-AutoPush-Analytics.git,push_log.csv,modified,success,auto-push: push_log.csv [2026-04-21 21:23:44] --END--
2026-04-21 21:25:53,WarehouseFlow,https://github.com/deka1105/WarehouseFlow.git,NodeApp/nodes.csv,modified,failed,"error: RPC failed; HTTP 400 curl 22 The requested URL returned error: 400 /n send-pack: unexpected disconnect while reading sideband packet /n fatal: the remote end hung up unexpectedly /n Everything up-to-date --END--"
2026-04-21 21:25:54,GitHub AutoPush Analytics,https://github.com/deka1105/GitHub-AutoPush-Analytics.git,push_log.csv,modified,success,auto-push: push_log.csv [2026-04-21 21:25:53] --END--
2026-04-21 21:39:43,WarehouseFlow,https://github.com/deka1105/WarehouseFlow.git,NodeApp/views/index.ejs,modified,failed,"error: RPC failed; HTTP 400 curl 22 The requested URL returned error: 400 /n send-pack: unexpected disconnect while reading sideband packet /n fatal: the remote end hung up unexpectedly /n Everything up-to-date --END--"
2026-04-21 21:39:45,GitHub AutoPush Analytics,https://github.com/deka1105/GitHub-AutoPush-Analytics.git,push_log.csv,modified,success,auto-push: push_log.csv [2026-04-21 21:39:43] --END--
2026-04-21 21:40:08,WarehouseFlow,https://github.com/deka1105/WarehouseFlow.git,NodeApp/public/css/style.css,modified,failed,"error: RPC failed; HTTP 400 curl 22 The requested URL returned error: 400 /n send-pack: unexpected disconnect while reading sideband packet /n fatal: the remote end hung up unexpectedly /n Everything up-to-date --END--"
2026-04-21 21:40:14,GitHub AutoPush Analytics,https://github.com/deka1105/GitHub-AutoPush-Analytics.git,push_log.csv,modified,success,auto-push: push_log.csv [2026-04-21 21:40:08] --END--
2026-04-21 21:40:18,GitHub AutoPush Analytics,https://github.com/deka1105/GitHub-AutoPush-Analytics.git,push_log.csv,modified,success,auto-push: push_log.csv [2026-04-21 21:40:14] --END--
2026-04-21 21:40:43,WarehouseFlow,https://github.com/deka1105/WarehouseFlow.git,NodeApp/public/js/script.js,modified,failed,"error: RPC failed; HTTP 400 curl 22 The requested URL returned error: 400 /n send-pack: unexpected disconnect while reading sideband packet /n fatal: the remote end hung up unexpectedly /n Everything up-to-date --END--"
2026-04-21 21:40:44,GitHub AutoPush Analytics,https://github.com/deka1105/GitHub-AutoPush-Analytics.git,push_log.csv,modified,success,auto-push: push_log.csv [2026-04-21 21:40:43] --END--
2026-04-21 21:41:46,WarehouseFlow,https://github.com/deka1105/WarehouseFlow.git,NodeApp/workflows/workflow_2026-04-22T01-41-44.csv,created,failed,"error: RPC failed; HTTP 400 curl 22 The requested URL returned error: 400 /n send-pack: unexpected disconnect while reading sideband packet /n fatal: the remote end hung up unexpectedly /n Everything up-to-date --END--"
2026-04-21 21:41:48,GitHub AutoPush Analytics,https://github.com/deka1105/GitHub-AutoPush-Analytics.git,push_log.csv,modified,success,auto-push: push_log.csv [2026-04-21 21:41:46] --END--
2026-04-21 21:45:43,WarehouseFlow,https://github.com/deka1105/WarehouseFlow.git,NodeApp/views/index.ejs,modified,failed,"error: RPC failed; HTTP 400 curl 22 The requested URL returned error: 400 /n send-pack: unexpected disconnect while reading sideband packet /n fatal: the remote end hung up unexpectedly /n Everything up-to-date --END--"
2026-04-21 21:45:44,GitHub AutoPush Analytics,https://github.com/deka1105/GitHub-AutoPush-Analytics.git,push_log.csv,modified,success,auto-push: push_log.csv [2026-04-21 21:45:43] --END--
2026-04-21 21:47:20,WarehouseFlow,https://github.com/deka1105/WarehouseFlow.git,NodeApp/views/index.ejs,modified,failed,"error: RPC failed; HTTP 400 curl 22 The requested URL returned error: 400 /n send-pack: unexpected disconnect while reading sideband packet /n fatal: the remote end hung up unexpectedly /n Everything up-to-date --END--"
2026-04-21 21:47:22,GitHub AutoPush Analytics,https://github.com/deka1105/GitHub-AutoPush-Analytics.git,push_log.csv,modified,success,auto-push: push_log.csv [2026-04-21 21:47:20] --END--
2026-04-21 21:47:56,WarehouseFlow,https://github.com/deka1105/WarehouseFlow.git,NodeApp/public/css/style.css,modified,failed,"error: RPC failed; HTTP 400 curl 22 The requested URL returned error: 400 /n send-pack: unexpected disconnect while reading sideband packet /n fatal: the remote end hung up unexpectedly /n Everything up-to-date --END--"
2026-04-21 21:47:58,GitHub AutoPush Analytics,https://github.com/deka1105/GitHub-AutoPush-Analytics.git,push_log.csv,modified,success,auto-push: push_log.csv [2026-04-21 21:47:57] --END--
2026-04-21 21:50:05,WarehouseFlow,https://github.com/deka1105/WarehouseFlow.git,NodeApp/public/js/script.js,modified,failed,"error: RPC failed; HTTP 400 curl 22 The requested URL returned error: 400 /n send-pack: unexpected disconnect while reading sideband packet /n fatal: the remote end hung up unexpectedly /n Everything up-to-date --END--"
2026-04-21 21:50:07,GitHub AutoPush Analytics,https://github.com/deka1105/GitHub-AutoPush-Analytics.git,push_log.csv,modified,success,auto-push: push_log.csv [2026-04-21 21:50:06] --END--
2026-04-21 21:50:53,WarehouseFlow,https://github.com/deka1105/WarehouseFlow.git,NodeApp/views/index.ejs,modified,failed,"error: RPC failed; HTTP 400 curl 22 The requested URL returned error: 400 /n send-pack: unexpected disconnect while reading sideband packet /n fatal: the remote end hung up unexpectedly /n Everything up-to-date --END--"
2026-04-21 21:50:54,GitHub AutoPush Analytics,https://github.com/deka1105/GitHub-AutoPush-Analytics.git,push_log.csv,modified,success,auto-push: push_log.csv [2026-04-21 21:50:53] --END--
2026-04-21 21:51:08,WarehouseFlow,https://github.com/deka1105/WarehouseFlow.git,NodeApp/images-removebg-preview.png,created,failed,"error: RPC failed; HTTP 400 curl 22 The requested URL returned error: 400 /n send-pack: unexpected disconnect while reading sideband packet /n fatal: the remote end hung up unexpectedly /n Everything up-to-date --END--"
2026-04-21 21:51:09,GitHub AutoPush Analytics,https://github.com/deka1105/GitHub-AutoPush-Analytics.git,push_log.csv,modified,success,auto-push: push_log.csv [2026-04-21 21:51:08] --END--
2026-04-21 21:51:13,WarehouseFlow,https://github.com/deka1105/WarehouseFlow.git,NodeApp/images-removebg-preview.png,moved,failed,"error: RPC failed; HTTP 400 curl 22 The requested URL returned error: 400 /n send-pack: unexpected disconnect while reading sideband packet /n fatal: the remote end hung up unexpectedly /n Everything up-to-date --END--"
2026-04-21 21:55:29,WarehouseFlow,https://github.com/deka1105/WarehouseFlow.git,NodeApp/package.json,modified,failed,"error: RPC failed; HTTP 400 curl 22 The requested URL returned error: 400 /n send-pack: unexpected disconnect while reading sideband packet /n fatal: the remote end hung up unexpectedly /n Everything up-to-date --END--"
2026-04-21 21:55:30,GitHub AutoPush Analytics,https://github.com/deka1105/GitHub-AutoPush-Analytics.git,push_log.csv,modified,success,auto-push: push_log.csv [2026-04-21 21:55:29] --END--
2026-04-21 21:56:41,WarehouseFlow,https://github.com/deka1105/WarehouseFlow.git,NodeApp/build_app.py,deleted,failed,"error: RPC failed; HTTP 400 curl 22 The requested URL returned error: 400 /n send-pack: unexpected disconnect while reading sideband packet /n fatal: the remote end hung up unexpectedly /n Everything up-to-date --END--"
2026-04-21 21:56:42,GitHub AutoPush Analytics,https://github.com/deka1105/GitHub-AutoPush-Analytics.git,push_log.csv,modified,success,auto-push: push_log.csv [2026-04-21 21:56:41] --END--
2026-04-21 21:56:48,WarehouseFlow,https://github.com/deka1105/WarehouseFlow.git,NodeApp/nodesv1.csv,deleted,failed,"error: RPC failed; HTTP 400 curl 22 The requested URL returned error: 400 /n send-pack: unexpected disconnect while reading sideband packet /n fatal: the remote end hung up unexpectedly /n Everything up-to-date --END--"
2026-04-21 21:56:49,GitHub AutoPush Analytics,https://github.com/deka1105/GitHub-AutoPush-Analytics.git,push_log.csv,modified,success,auto-push: push_log.csv [2026-04-21 21:56:48] --END--
2026-04-21 21:57:30,WarehouseFlow,https://github.com/deka1105/WarehouseFlow.git,NodeApp/views/index.html,created,failed,"error: RPC failed; HTTP 400 curl 22 The requested URL returned error: 400 /n send-pack: unexpected disconnect while reading sideband packet /n fatal: the remote end hung up unexpectedly /n Everything up-to-date --END--"
2026-04-21 21:57:32,GitHub AutoPush Analytics,https://github.com/deka1105/GitHub-AutoPush-Analytics.git,push_log.csv,modified,success,auto-push: push_log.csv [2026-04-21 21:57:31] --END--
2026-04-21 21:57:58,WarehouseFlow,https://github.com/deka1105/WarehouseFlow.git,NodeApp/views/index.html,moved,failed,"error: RPC failed; HTTP 400 curl 22 The requested URL returned error: 400 /n send-pack: unexpected disconnect while reading sideband packet /n fatal: the remote end hung up unexpectedly /n Everything up-to-date --END--"
2026-04-21 21:58:00,GitHub AutoPush Analytics,https://github.com/deka1105/GitHub-AutoPush-Analytics.git,push_log.csv,modified,success,auto-push: push_log.csv [2026-04-21 21:57:59] --END--
2026-04-21 21:58:58,WarehouseFlow,https://github.com/deka1105/WarehouseFlow.git,NodeApp/server.js,deleted,failed,"error: RPC failed; HTTP 400 curl 22 The requested URL returned error: 400 /n send-pack: unexpected disconnect while reading sideband packet /n fatal: the remote end hung up unexpectedly /n Everything up-to-date --END--"
2026-04-21 21:58:59,GitHub AutoPush Analytics,https://github.com/deka1105/GitHub-AutoPush-Analytics.git,push_log.csv,modified,success,auto-push: push_log.csv [2026-04-21 21:58:58] --END--
2026-04-21 21:59:18,WarehouseFlow,https://github.com/deka1105/WarehouseFlow.git,NodeApp/views/index.ejs,modified,failed,"error: RPC failed; HTTP 400 curl 22 The requested URL returned error: 400 /n send-pack: unexpected disconnect while reading sideband packet /n fatal: the remote end hung up unexpectedly /n Everything up-to-date --END--"
2026-04-21 21:59:20,GitHub AutoPush Analytics,https://github.com/deka1105/GitHub-AutoPush-Analytics.git,push_log.csv,modified,success,auto-push: push_log.csv [2026-04-21 21:59:18] --END--
2026-04-21 21:59:33,WarehouseFlow,https://github.com/deka1105/WarehouseFlow.git,NodeApp/views/manage_nodes.ejs,modified,failed,"error: RPC failed; HTTP 400 curl 22 The requested URL returned error: 400 /n send-pack: unexpected disconnect while reading sideband packet /n fatal: the remote end hung up unexpectedly /n Everything up-to-date --END--"
2026-04-21 21:59:34,GitHub AutoPush Analytics,https://github.com/deka1105/GitHub-AutoPush-Analytics.git,push_log.csv,modified,success,auto-push: push_log.csv [2026-04-21 21:59:33] --END--
2026-04-21 21:59:48,WarehouseFlow,https://github.com/deka1105/WarehouseFlow.git,NodeApp/public/css/style.css,modified,failed,"error: RPC failed; HTTP 400 curl 22 The requested URL returned error: 400 /n send-pack: unexpected disconnect while reading sideband packet /n fatal: the remote end hung up unexpectedly /n Everything up-to-date --END--"
2026-04-21 21:59:49,GitHub AutoPush Analytics,https://github.com/deka1105/GitHub-AutoPush-Analytics.git,push_log.csv,modified,success,auto-push: push_log.csv [2026-04-21 21:59:48] --END--
2026-04-21 22:00:06,WarehouseFlow,https://github.com/deka1105/WarehouseFlow.git,NodeApp/public/js/script.js,modified,failed,"error: RPC failed; HTTP 400 curl 22 The requested URL returned error: 400 /n send-pack: unexpected disconnect while reading sideband packet /n fatal: the remote end hung up unexpectedly /n Everything up-to-date --END--"
2026-04-21 22:00:08,GitHub AutoPush Analytics,https://github.com/deka1105/GitHub-AutoPush-Analytics.git,push_log.csv,modified,success,auto-push: push_log.csv [2026-04-21 22:00:06] --END--
2026-04-21 22:00:20,WarehouseFlow,https://github.com/deka1105/WarehouseFlow.git,NodeApp/workflows/3_cross_docking.csv,created,failed,"error: RPC failed; HTTP 400 curl 22 The requested URL returned error: 400 /n send-pack: unexpected disconnect while reading sideband packet /n fatal: the remote end hung up unexpectedly /n Everything up-to-date --END--"
2026-04-21 22:00:21,GitHub AutoPush Analytics,https://github.com/deka1105/GitHub-AutoPush-Analytics.git,push_log.csv,modified,success,auto-push: push_log.csv [2026-04-21 22:00:20] --END--
2026-04-21 22:02:14,WarehouseFlow,https://github.com/deka1105/WarehouseFlow.git,NodeApp/favicon.png,moved,failed,"error: RPC failed; HTTP 400 curl 22 The requested URL returned error: 400 /n send-pack: unexpected disconnect while reading sideband packet /n fatal: the remote end hung up unexpectedly /n Everything up-to-date --END--"
2026-04-21 22:02:16,GitHub AutoPush Analytics,https://github.com/deka1105/GitHub-AutoPush-Analytics.git,push_log.csv,modified,success,auto-push: push_log.csv [2026-04-21 22:02:14] --END--
2026-04-21 22:02:40,WarehouseFlow,https://github.com/deka1105/WarehouseFlow.git,NodeApp/views/index.ejs,modified,failed,"error: RPC failed; HTTP 400 curl 22 The requested URL returned error: 400 /n send-pack: unexpected disconnect while reading sideband packet /n fatal: the remote end hung up unexpectedly /n Everything up-to-date --END--"
2026-04-21 22:02:41,GitHub AutoPush Analytics,https://github.com/deka1105/GitHub-AutoPush-Analytics.git,push_log.csv,modified,success,auto-push: push_log.csv [2026-04-21 22:02:40] --END--
2026-04-21 22:02:50,WarehouseFlow,https://github.com/deka1105/WarehouseFlow.git,NodeApp/views/index.ejs,modified,failed,"error: RPC failed; HTTP 400 curl 22 The requested URL returned error: 400 /n send-pack: unexpected disconnect while reading sideband packet /n fatal: the remote end hung up unexpectedly /n Everything up-to-date --END--"
2026-04-21 22:02:52,GitHub AutoPush Analytics,https://github.com/deka1105/GitHub-AutoPush-Analytics.git,push_log.csv,modified,success,auto-push: push_log.csv [2026-04-21 22:02:51] --END--
2026-04-21 22:04:36,WarehouseFlow,https://github.com/deka1105/WarehouseFlow.git,NodeApp/views/index.ejs,modified,failed,"error: RPC failed; HTTP 400 curl 22 The requested URL returned error: 400 /n send-pack: unexpected disconnect while reading sideband packet /n fatal: the remote end hung up unexpectedly /n Everything up-to-date --END--"
2026-04-21 22:04:38,GitHub AutoPush Analytics,https://github.com/deka1105/GitHub-AutoPush-Analytics.git,push_log.csv,modified,success,auto-push: push_log.csv [2026-04-21 22:04:36] --END--
2026-04-21 22:04:46,WarehouseFlow,https://github.com/deka1105/WarehouseFlow.git,NodeApp/public/css/style.css,modified,failed,"error: RPC failed; HTTP 400 curl 22 The requested URL returned error: 400 /n send-pack: unexpected disconnect while reading sideband packet /n fatal: the remote end hung up unexpectedly /n Everything up-to-date --END--"
2026-04-21 22:04:47,GitHub AutoPush Analytics,https://github.com/deka1105/GitHub-AutoPush-Analytics.git,push_log.csv,modified,success,auto-push: push_log.csv [2026-04-21 22:04:46] --END--
2026-04-21 22:05:04,WarehouseFlow,https://github.com/deka1105/WarehouseFlow.git,NodeApp/public/js/script.js,modified,failed,"error: RPC failed; HTTP 400 curl 22 The requested URL returned error: 400 /n send-pack: unexpected disconnect while reading sideband packet /n fatal: the remote end hung up unexpectedly /n Everything up-to-date --END--"
2026-04-21 22:05:05,GitHub AutoPush Analytics,https://github.com/deka1105/GitHub-AutoPush-Analytics.git,push_log.csv,modified,success,auto-push: push_log.csv [2026-04-21 22:05:04] --END--
2026-04-21 22:08:11,WarehouseFlow,https://github.com/deka1105/WarehouseFlow.git,NodeApp/package.json,modified,failed,"error: RPC failed; HTTP 400 curl 22 The requested URL returned error: 400 /n send-pack: unexpected disconnect while reading sideband packet /n fatal: the remote end hung up unexpectedly /n Everything up-to-date --END--"
2026-04-21 22:08:13,GitHub AutoPush Analytics,https://github.com/deka1105/GitHub-AutoPush-Analytics.git,push_log.csv,modified,success,auto-push: push_log.csv [2026-04-21 22:08:11] --END--
2026-04-21 22:08:41,WarehouseFlow,https://github.com/deka1105/WarehouseFlow.git,NodeApp/build.js,created,failed,"error: RPC failed; HTTP 400 curl 22 The requested URL returned error: 400 /n send-pack: unexpected disconnect while reading sideband packet /n fatal: the remote end hung up unexpectedly /n Everything up-to-date --END--"
2026-04-21 22:08:43,GitHub AutoPush Analytics,https://github.com/deka1105/GitHub-AutoPush-Analytics.git,push_log.csv,modified,success,auto-push: push_log.csv [2026-04-21 22:08:41] --END--
2026-04-21 22:09:31,WarehouseFlow,https://github.com/deka1105/WarehouseFlow.git,NodeApp/server.js,modified,failed,"error: RPC failed; HTTP 400 curl 22 The requested URL returned error: 400 /n send-pack: unexpected disconnect while reading sideband packet /n fatal: the remote end hung up unexpectedly /n Everything up-to-date --END--"
2026-04-21 22:09:33,GitHub AutoPush Analytics,https://github.com/deka1105/GitHub-AutoPush-Analytics.git,push_log.csv,modified,success,auto-push: push_log.csv [2026-04-21 22:09:32] --END--
2026-04-21 22:11:25,WarehouseFlow,https://github.com/deka1105/WarehouseFlow.git,NodeApp/server.js,modified,failed,"error: RPC failed; HTTP 400 curl 22 The requested URL returned error: 400 /n send-pack: unexpected disconnect while reading sideband packet /n fatal: the remote end hung up unexpectedly /n Everything up-to-date --END--"
2026-04-21 22:11:27,GitHub AutoPush Analytics,https://github.com/deka1105/GitHub-AutoPush-Analytics.git,push_log.csv,modified,success,auto-push: push_log.csv [2026-04-21 22:11:25] --END--
2026-04-21 22:11:39,WarehouseFlow,https://github.com/deka1105/WarehouseFlow.git,NodeApp/server.js,modified,failed,"error: RPC failed; HTTP 400 curl 22 The requested URL returned error: 400 /n send-pack: unexpected disconnect while reading sideband packet /n fatal: the remote end hung up unexpectedly /n Everything up-to-date --END--"
2026-04-21 22:11:40,GitHub AutoPush Analytics,https://github.com/deka1105/GitHub-AutoPush-Analytics.git,push_log.csv,modified,success,auto-push: push_log.csv [2026-04-21 22:11:39] --END--
2026-04-21 22:14:12,WarehouseFlow,https://github.com/deka1105/WarehouseFlow.git,NodeApp/public/favicon.png,created,failed,"error: RPC failed; HTTP 400 curl 22 The requested URL returned error: 400 /n send-pack: unexpected disconnect while reading sideband packet /n fatal: the remote end hung up unexpectedly /n Everything up-to-date --END--"
2026-04-21 22:14:13,GitHub AutoPush Analytics,https://github.com/deka1105/GitHub-AutoPush-Analytics.git,push_log.csv,modified,success,auto-push: push_log.csv [2026-04-21 22:14:12] --END--
2026-04-21 22:14:21,WarehouseFlow,https://github.com/deka1105/WarehouseFlow.git,NodeApp/views/index.ejs,modified,failed,"error: RPC failed; HTTP 400 curl 22 The requested URL returned error: 400 /n send-pack: unexpected disconnect while reading sideband packet /n fatal: the remote end hung up unexpectedly /n Everything up-to-date --END--"
2026-04-21 22:14:23,GitHub AutoPush Analytics,https://github.com/deka1105/GitHub-AutoPush-Analytics.git,push_log.csv,modified,success,auto-push: push_log.csv [2026-04-21 22:14:21] --END--
2026-04-21 23:35:18,WarehouseFlow,https://github.com/deka1105/WarehouseFlow.git,app.py,moved,failed,"error: RPC failed; HTTP 400 curl 22 The requested URL returned error: 400 /n send-pack: unexpected disconnect while reading sideband packet /n fatal: the remote end hung up unexpectedly /n Everything up-to-date --END--"
2026-04-21 23:35:20,GitHub AutoPush Analytics,https://github.com/deka1105/GitHub-AutoPush-Analytics.git,push_log.csv,modified,success,auto-push: push_log.csv [2026-04-21 23:35:19] --END--
2026-04-21 23:35:24,WarehouseFlow,https://github.com/deka1105/WarehouseFlow.git,New Folder With Items/custom_nodes.json,moved,failed,"error: RPC failed; HTTP 400 curl 22 The requested URL returned error: 400 /n send-pack: unexpected disconnect while reading sideband packet /n fatal: the remote end hung up unexpectedly /n Everything up-to-date --END--"
2026-04-21 23:35:26,GitHub AutoPush Analytics,https://github.com/deka1105/GitHub-AutoPush-Analytics.git,push_log.csv,modified,success,auto-push: push_log.csv [2026-04-21 23:35:24] --END--
2026-04-21 23:35:39,WarehouseFlow,https://github.com/deka1105/WarehouseFlow.git,NodeApp/build.js,moved,failed,"error: RPC failed; HTTP 400 curl 22 The requested URL returned error: 400 /n send-pack: unexpected disconnect while reading sideband packet /n fatal: the remote end hung up unexpectedly /n Everything up-to-date --END--"
2026-04-21 23:35:40,GitHub AutoPush Analytics,https://github.com/deka1105/GitHub-AutoPush-Analytics.git,push_log.csv,modified,success,auto-push: push_log.csv [2026-04-21 23:35:39] --END--
2026-04-21 23:35:50,WarehouseFlow,https://github.com/deka1105/WarehouseFlow.git,NodeApp/node_modules/.package-lock.json,moved,failed,"error: RPC failed; HTTP 400 curl 22 The requested URL returned error: 400 /n send-pack: unexpected disconnect while reading sideband packet /n fatal: the remote end hung up unexpectedly /n Everything up-to-date --END--"
2026-04-21 23:35:51,GitHub AutoPush Analytics,https://github.com/deka1105/GitHub-AutoPush-Analytics.git,push_log.csv,modified,success,auto-push: push_log.csv [2026-04-21 23:35:50] --END--
2026-04-22 00:07:14,WarehouseFlow,https://github.com/deka1105/WarehouseFlow.git,workflows/workflow_2026-04-22T01-41-44.csv,deleted,success,"auto-push: .DS_Store, workflow_2026-04-22T01-41-44.csv, workflow_20260421_125606.csv, workflow_20260421_130931.csv, workflow_20260421_130934.csv [2026-04-22 00:07:12] --END--"
2026-04-22 00:07:15,GitHub AutoPush Analytics,https://github.com/deka1105/GitHub-AutoPush-Analytics.git,push_log.csv,modified,success,auto-push: push_log.csv [2026-04-22 00:07:14] --END--
2026-04-22 11:09:17,GitHub AutoPush Analytics,https://github.com/deka1105/GitHub-AutoPush-Analytics.git,push_log.csv,modified,success,auto-push: push_log.csv [2026-04-22 11:09:16] --END--
2026-04-23 07:43:56,MultistockDashboard,https://github.com/deka1105/MultistockDashboard.git,DS_Store,startup-sync,success,startup-sync: DS_Store [2026-04-23 07:43:54] --END--
2026-04-23 07:43:57,GitHub AutoPush Analytics,https://github.com/deka1105/GitHub-AutoPush-Analytics.git,ush_log.csv,startup-sync,success,startup-sync: ush_log.csv [2026-04-23 07:43:56] --END--
2026-04-23 07:43:58,WarehouseFlow,https://github.com/deka1105/WarehouseFlow.git,workflows/.DS_Store,startup-sync,success,startup-sync: .DS_Store [2026-04-23 07:43:57] --END--
2026-04-23 07:46:58,ImageFix,https://github.com/deka1105/Image-Fix.git,DS_Store,startup-sync,success,startup-sync: DS_Store [2026-04-23 07:46:57] --END--
2026-04-23 07:46:59,GitHub AutoPush Analytics,https://github.com/deka1105/GitHub-AutoPush-Analytics.git,repos_config.csv,modified,success,"auto-push: push_log.csv, repos_config.csv [2026-04-23 07:46:58] --END--"
2026-04-23 07:49:14,ImageFix,https://github.com/deka1105/Image-Fix.git,reel-v14_1.html,created,success,"auto-push: reel-v14_1.html, reel-v15.html [2026-04-23 07:49:12] --END--"
2026-04-23 07:49:15,GitHub AutoPush Analytics,https://github.com/deka1105/GitHub-AutoPush-Analytics.git,push_log.csv,modified,success,auto-push: push_log.csv [2026-04-23 07:49:14] --END--
2026-04-23 07:49:39,ImageFix,https://github.com/deka1105/Image-Fix.git,reel-v16_2RX.html,created,success,"auto-push: .DS_Store, reel-v16_2RX.html, reel-v16_4R.html, reel-v16_6.html [2026-04-23 07:49:37] --END--"
2026-04-23 07:49:40,GitHub AutoPush Analytics,https://github.com/deka1105/GitHub-AutoPush-Analytics.git,push_log.csv,modified,success,auto-push: push_log.csv [2026-04-23 07:49:39] --END--
2026-04-23 07:49:45,ImageFix,https://github.com/deka1105/Image-Fix.git,reel-v16.1R.html,created,success,"auto-push: .DS_Store, reel-v16.1R.html, reel-v16.2R.html, reel-v16.3R.html, reel-v16.html [2026-04-23 07:49:44] --END--"
2026-04-23 07:49:47,GitHub AutoPush Analytics,https://github.com/deka1105/GitHub-AutoPush-Analytics.git,push_log.csv,modified,success,auto-push: push_log.csv [2026-04-23 07:49:45] --END--
2026-04-23 07:49:51,ImageFix,https://github.com/deka1105/Image-Fix.git,reel-v16R.html,created,success,"auto-push: .DS_Store, reel-v16R.html [2026-04-23 07:49:49] --END--"
2026-04-23 07:49:52,GitHub AutoPush Analytics,https://github.com/deka1105/GitHub-AutoPush-Analytics.git,push_log.csv,modified,success,auto-push: push_log.csv [2026-04-23 07:49:51] --END--
2026-04-23 07:49:58,ImageFix,https://github.com/deka1105/Image-Fix.git,reel-v17_1.html,created,success,"auto-push: .DS_Store, reel-v17.html, reel-v17_1.html, reel-v17_2.html [2026-04-23 07:49:56] --END--"
2026-04-23 07:49:59,GitHub AutoPush Analytics,https://github.com/deka1105/GitHub-AutoPush-Analytics.git,push_log.csv,modified,success,auto-push: push_log.csv [2026-04-23 07:49:58] --END--
2026-04-23 07:52:12,GitHub AutoPush Analytics,https://github.com/deka1105/GitHub-AutoPush-Analytics.git,repos_config.csv,modified,success,"auto-push: push_log.csv, repos_config.csv [2026-04-23 07:52:10] --END--"
2026-04-23 07:52:23,TrashMan,https://github.com/deka1105/TrashMan.git,trashman.html,created,success,auto-push: trashman.html [2026-04-23 07:52:21] --END--
2026-04-23 07:52:25,ImageFix,https://github.com/deka1105/Image-Fix.git,HTML_Files/trashman.html,deleted,success,"auto-push: .DS_Store, trashman.html [2026-04-23 07:52:23] --END--"
2026-04-23 07:52:26,GitHub AutoPush Analytics,https://github.com/deka1105/GitHub-AutoPush-Analytics.git,push_log.csv,modified,success,auto-push: push_log.csv [2026-04-23 07:52:25] --END--
2026-04-23 07:52:28,TrashMan,https://github.com/deka1105/TrashMan.git,trashman-media.html,created,success,"auto-push: .DS_Store, trashman-media.html [2026-04-23 07:52:27] --END--"
2026-04-23 07:52:40,TrashMan,https://github.com/deka1105/TrashMan.git,trashman-media-v2.html,created,success,"auto-push: .DS_Store, trashman-media-v2.html, trashman-media-v3.html [2026-04-23 07:52:39] --END--"
2026-04-23 07:52:41,GitHub AutoPush Analytics,https://github.com/deka1105/GitHub-AutoPush-Analytics.git,push_log.csv,modified,success,auto-push: push_log.csv [2026-04-23 07:52:40] --END--
2026-04-23 07:52:47,TrashMan,https://github.com/deka1105/TrashMan.git,trashman-media-v4.1.html,created,success,"auto-push: .DS_Store, trashman-media-v4.1.html, trashman-media-v4.2.html, trashman-media-v4.html [2026-04-23 07:52:46] --END--"
2026-04-23 07:52:49,GitHub AutoPush Analytics,https://github.com/deka1105/GitHub-AutoPush-Analytics.git,push_log.csv,modified,success,auto-push: push_log.csv [2026-04-23 07:52:47] --END--
2026-04-23 14:09:14,GitHub AutoPush Analytics,https://github.com/deka1105/GitHub-AutoPush-Analytics.git,repos_config.csv,modified,success,"auto-push: push_log.csv, repos_config.csv [2026-04-23 14:09:12] --END--"
2026-04-23 14:28:53,ShadowController,https://github.com/deka1105/ShadowController.git,macos-automation-builder.html,created,success,auto-push: macos-automation-builder.html [2026-04-23 14:28:52] --END--
2026-04-23 14:28:55,GitHub AutoPush Analytics,https://github.com/deka1105/GitHub-AutoPush-Analytics.git,push_log.csv,modified,success,auto-push: push_log.csv [2026-04-23 14:28:53] --END--
2026-04-23 14:29:26,ShadowController,https://github.com/deka1105/ShadowController.git,macos-automation-builder-v2.html,created,success,"auto-push: .DS_Store, macos-automation-builder-v2.html [2026-04-23 14:29:25] --END--"
2026-04-23 14:29:28,GitHub AutoPush Analytics,https://github.com/deka1105/GitHub-AutoPush-Analytics.git,push_log.csv,modified,success,auto-push: push_log.csv [2026-04-23 14:29:27] --END--
2026-04-23 14:29:45,ShadowController,https://github.com/deka1105/ShadowController.git,macos-automation-builder-v3.html,created,success,"auto-push: .DS_Store, macos-automation-builder-v3.html [2026-04-23 14:29:43] --END--"
2026-04-23 14:29:47,GitHub AutoPush Analytics,https://github.com/deka1105/GitHub-AutoPush-Analytics.git,push_log.csv,modified,success,auto-push: push_log.csv [2026-04-23 14:29:45] --END--
2026-04-23 14:29:54,ShadowController,https://github.com/deka1105/ShadowController.git,macos-automation-builder-v3.5.html,created,success,"auto-push: .DS_Store, macos-automation-builder-v3.5.html [2026-04-23 14:29:52] --END--"
2026-04-23 14:29:56,GitHub AutoPush Analytics,https://github.com/deka1105/GitHub-AutoPush-Analytics.git,push_log.csv,modified,success,auto-push: push_log.csv [2026-04-23 14:29:54] --END--
2026-04-23 21:01:24,ShadowController,https://github.com/deka1105/ShadowController.git,README.md,deleted,success,"auto-push: .DS_Store, README.md [2026-04-23 21:01:23] --END--"
2026-04-23 21:01:26,GitHub AutoPush Analytics,https://github.com/deka1105/GitHub-AutoPush-Analytics.git,push_log.csv,modified,success,auto-push: push_log.csv [2026-04-23 21:01:25] --END--
2026-04-23 22:31:42,ShadowController,https://github.com/deka1105/ShadowController.git,macos-automation-builder-v3.6.html,created,success,"auto-push: .DS_Store, macos-automation-builder-v3.6.html [2026-04-23 22:31:41] --END--"
2026-04-23 22:31:44,GitHub AutoPush Analytics,https://github.com/deka1105/GitHub-AutoPush-Analytics.git,push_log.csv,modified,success,auto-push: push_log.csv [2026-04-23 22:31:43] --END--
2026-04-24 12:35:52,ShadowController,https://github.com/deka1105/ShadowController.git,macos-automation-builder-v3.7.html,created,success,"auto-push: .DS_Store, macos-automation-builder-v3.7.html [2026-04-24 12:35:50] --END--"
2026-04-24 12:35:54,GitHub AutoPush Analytics,https://github.com/deka1105/GitHub-AutoPush-Analytics.git,push_log.csv,modified,success,auto-push: push_log.csv [2026-04-24 12:35:52] --END--
2026-04-24 12:36:03,ShadowController,https://github.com/deka1105/ShadowController.git,macos-automation-builder-v4.0.html,created,success,"auto-push: .DS_Store, macos-automation-builder-v4.0.html [2026-04-24 12:36:01] --END--"
2026-04-24 12:36:04,GitHub AutoPush Analytics,https://github.com/deka1105/GitHub-AutoPush-Analytics.git,push_log.csv,modified,success,auto-push: push_log.csv [2026-04-24 12:36:03] --END--
2026-04-24 12:36:25,ShadowController,https://github.com/deka1105/ShadowController.git,roadmap.html,created,success,"auto-push: .DS_Store, roadmap.html, versions.html [2026-04-24 12:36:23] --END--"
2026-04-24 12:36:26,GitHub AutoPush Analytics,https://github.com/deka1105/GitHub-AutoPush-Analytics.git,push_log.csv,modified,success,auto-push: push_log.csv [2026-04-24 12:36:25] --END--
2026-04-24 12:36:36,ShadowController,https://github.com/deka1105/ShadowController.git,macos-automation-builder-v4.1.html,created,success,auto-push: macos-automation-builder-v4.1.html [2026-04-24 12:36:34] --END--
2026-04-24 12:36:37,GitHub AutoPush Analytics,https://github.com/deka1105/GitHub-AutoPush-Analytics.git,push_log.csv,modified,success,auto-push: push_log.csv [2026-04-24 12:36:36] --END--
2026-04-25 14:19:37,MultistockDashboard,https://github.com/deka1105/MultistockDashboard.git,Files/stockdash2-4/frontend/tsconfig.node.json,created,success,auto-push: 69 files changed [2026-04-25 14:19:28] --END--
2026-04-25 14:19:48,GitHub AutoPush Analytics,https://github.com/deka1105/GitHub-AutoPush-Analytics.git,push_log.csv,modified,success,auto-push: push_log.csv [2026-04-25 14:19:37] --END--
2026-04-25 14:19:52,GitHub AutoPush Analytics,https://github.com/deka1105/GitHub-AutoPush-Analytics.git,push_log.csv,modified,success,auto-push: push_log.csv [2026-04-25 14:19:48] --END--
2026-04-25 14:20:18,GitHub AutoPush Analytics,https://github.com/deka1105/GitHub-AutoPush-Analytics.git,ush_log.csv,startup-sync,success,startup-sync: ush_log.csv [2026-04-25 14:20:13] --END--
2026-04-25 14:20:49,ImageFix,https://github.com/deka1105/Image-Fix.git,"DS_Store, HTML_Files/.DS_Store",startup-sync,success,"startup-sync: DS_Store, .DS_Store [2026-04-25 14:20:33] --END--"
2026-04-25 14:20:50,TrashMan,https://github.com/deka1105/TrashMan.git,DS_Store,startup-sync,success,startup-sync: DS_Store [2026-04-25 14:20:49] --END--
2026-04-25 14:20:51,ShadowController,https://github.com/deka1105/ShadowController.git,DS_Store,startup-sync,success,startup-sync: DS_Store [2026-04-25 14:20:50] --END--
2026-04-25 14:21:40,MultistockDashboard,https://github.com/deka1105/MultistockDashboard.git,Files/stockdash2-5/frontend/tsconfig.node.json,created,success,auto-push: 23 files changed [2026-04-25 14:21:38] --END--
2026-04-25 14:21:41,GitHub AutoPush Analytics,https://github.com/deka1105/GitHub-AutoPush-Analytics.git,push_log.csv,modified,success,auto-push: push_log.csv [2026-04-25 14:21:40] --END--
2026-04-25 23:45:05,GitHub AutoPush Analytics,https://github.com/deka1105/GitHub-AutoPush-Analytics.git,repos_config.csv,modified,success,"auto-push: push_log.csv, repos_config.csv [2026-04-25 23:45:04] --END--"
2026-04-25 23:46:10,SimuLogin,https://github.com/deka1105/SimuLogin.git,chatgpt_client.py,created,success,auto-push: chatgpt_client.py [2026-04-25 23:46:09] --END--
2026-04-25 23:46:12,GitHub AutoPush Analytics,https://github.com/deka1105/GitHub-AutoPush-Analytics.git,push_log.csv,modified,success,auto-push: push_log.csv [2026-04-25 23:46:10] --END--
2026-04-25 23:46:58,SimuLogin,https://github.com/deka1105/SimuLogin.git,session_manager.py,created,success,auto-push: session_manager.py [2026-04-25 23:46:56] --END--
2026-04-25 23:46:59,GitHub AutoPush Analytics,https://github.com/deka1105/GitHub-AutoPush-Analytics.git,push_log.csv,modified,success,auto-push: push_log.csv [2026-04-25 23:46:58] --END--
2026-04-25 23:47:09,SimuLogin,https://github.com/deka1105/SimuLogin.git,main.py,created,success,auto-push: main.py [2026-04-25 23:47:08] --END--
2026-04-25 23:47:11,GitHub AutoPush Analytics,https://github.com/deka1105/GitHub-AutoPush-Analytics.git,push_log.csv,modified,success,auto-push: push_log.csv [2026-04-25 23:47:09] --END--
2026-04-25 23:55:18,SimuLogin,https://github.com/deka1105/SimuLogin.git,flaskApp/app.py,created,success,"auto-push: app.py, main.py [2026-04-25 23:55:17] --END--"
2026-04-25 23:55:20,GitHub AutoPush Analytics,https://github.com/deka1105/GitHub-AutoPush-Analytics.git,push_log.csv,modified,success,auto-push: push_log.csv [2026-04-25 23:55:18] --END--
2026-04-25 23:55:30,SimuLogin,https://github.com/deka1105/SimuLogin.git,flaskApp/index.html,created,success,auto-push: index.html [2026-04-25 23:55:28] --END--
2026-04-25 23:55:31,GitHub AutoPush Analytics,https://github.com/deka1105/GitHub-AutoPush-Analytics.git,push_log.csv,modified,success,auto-push: push_log.csv [2026-04-25 23:55:30] --END--
2026-04-25 23:55:39,SimuLogin,https://github.com/deka1105/SimuLogin.git,flaskApp/requirements.txt,created,success,auto-push: requirements.txt [2026-04-25 23:55:38] --END--
2026-04-25 23:55:40,GitHub AutoPush Analytics,https://github.com/deka1105/GitHub-AutoPush-Analytics.git,push_log.csv,modified,success,auto-push: push_log.csv [2026-04-25 23:55:39] --END--
2026-04-25 23:58:37,SimuLogin,https://github.com/deka1105/SimuLogin.git,flaskApp/index.html,moved,success,auto-push: index.html [2026-04-25 23:58:36] --END--
2026-04-25 23:58:39,GitHub AutoPush Analytics,https://github.com/deka1105/GitHub-AutoPush-Analytics.git,push_log.csv,modified,success,auto-push: push_log.csv [2026-04-25 23:58:37] --END--
2026-04-26 00:04:01,SimuLogin,https://github.com/deka1105/SimuLogin.git,flaskApp/README.md,created,success,auto-push: README.md [2026-04-26 00:03:59] --END--
2026-04-26 00:04:03,GitHub AutoPush Analytics,https://github.com/deka1105/GitHub-AutoPush-Analytics.git,push_log.csv,modified,success,auto-push: push_log.csv [2026-04-26 00:04:01] --END--
2026-04-26 07:30:02,SimuLogin,https://github.com/deka1105/SimuLogin.git,flaskApp/app (1).py,created,success,auto-push: app.py [2026-04-26 07:30:00] --END--
2026-04-26 07:30:03,GitHub AutoPush Analytics,https://github.com/deka1105/GitHub-AutoPush-Analytics.git,push_log.csv,modified,success,auto-push: push_log.csv [2026-04-26 07:30:02] --END--
2026-04-26 07:30:18,SimuLogin,https://github.com/deka1105/SimuLogin.git,flaskApp/index.html,created,success,auto-push: index.html [2026-04-26 07:30:16] --END--
2026-04-26 07:30:19,GitHub AutoPush Analytics,https://github.com/deka1105/GitHub-AutoPush-Analytics.git,push_log.csv,modified,success,auto-push: push_log.csv [2026-04-26 07:30:18] --END--
2026-04-26 07:38:56,SimuLogin,https://github.com/deka1105/SimuLogin.git,flaskApp/app (1).py,created,success,auto-push: app.py [2026-04-26 07:38:54] --END--
2026-04-26 07:38:57,GitHub AutoPush Analytics,https://github.com/deka1105/GitHub-AutoPush-Analytics.git,push_log.csv,modified,success,auto-push: push_log.csv [2026-04-26 07:38:56] --END--
2026-04-26 07:39:24,SimuLogin,https://github.com/deka1105/SimuLogin.git,flaskApp/index (1).html,created,success,auto-push: index.html [2026-04-26 07:39:23] --END--
2026-04-26 07:39:25,GitHub AutoPush Analytics,https://github.com/deka1105/GitHub-AutoPush-Analytics.git,push_log.csv,modified,success,auto-push: push_log.csv [2026-04-26 07:39:24] --END--
2026-04-26 11:28:11,MultistockDashboard,https://github.com/deka1105/MultistockDashboard.git,"DS_Store, Files/stockdash2-5/.gitignore, Files/stockdash2-5/backend/, Files/stockdash2-5/docker-compose.yml, Files/stockdash2-5/frontend/src/components/compare/CorrelationMatrix.tsx",startup-sync,success,startup-sync: 11 offline changes [2026-04-26 11:28:10] --END--
2026-04-26 11:28:12,GitHub AutoPush Analytics,https://github.com/deka1105/GitHub-AutoPush-Analytics.git,ush_log.csv,startup-sync,success,startup-sync: ush_log.csv [2026-04-26 11:28:12] --END--
2026-04-26 11:40:47,GitHub AutoPush Analytics,https://github.com/deka1105/GitHub-AutoPush-Analytics.git,repos_config.csv,modified,success,"auto-push: push_log.csv, repos_config.csv [2026-04-26 11:40:45] --END--"
2026-04-26 11:41:54,CodeFlow,https://github.com/deka1105/CodeFlow.git,server/index.js,created,success,"auto-push: .DS_Store, index.js [2026-04-26 11:41:53] --END--"
2026-04-26 11:41:56,GitHub AutoPush Analytics,https://github.com/deka1105/GitHub-AutoPush-Analytics.git,push_log.csv,modified,success,auto-push: push_log.csv [2026-04-26 11:41:54] --END--
2026-04-26 11:42:14,CodeFlow,https://github.com/deka1105/CodeFlow.git,server/parser.js,created,success,"auto-push: index.js, parser.js [2026-04-26 11:42:13] --END--"
2026-04-26 11:42:16,GitHub AutoPush Analytics,https://github.com/deka1105/GitHub-AutoPush-Analytics.git,push_log.csv,modified,success,auto-push: push_log.csv [2026-04-26 11:42:14] --END--
2026-04-26 11:42:43,CodeFlow,https://github.com/deka1105/CodeFlow.git,"server/astToGraph,js",created,success,"auto-push: astToGraph,js, parser.js [2026-04-26 11:42:42] --END--"
2026-04-26 11:42:44,GitHub AutoPush Analytics,https://github.com/deka1105/GitHub-AutoPush-Analytics.git,push_log.csv,modified,success,auto-push: push_log.csv [2026-04-26 11:42:43] --END--
2026-04-26 11:43:06,CodeFlow,https://github.com/deka1105/CodeFlow.git,client/app.jsx,created,success,"auto-push: app.jsx, astToGraph,js [2026-04-26 11:43:05] --END--"
2026-04-26 11:43:07,GitHub AutoPush Analytics,https://github.com/deka1105/GitHub-AutoPush-Analytics.git,push_log.csv,modified,success,auto-push: push_log.csv [2026-04-26 11:43:06] --END--
2026-04-26 11:43:33,CodeFlow,https://github.com/deka1105/CodeFlow.git,client/FlowView.jsx,created,success,"auto-push: FlowView.jsx, app.jsx [2026-04-26 11:43:32] --END--"
2026-04-26 11:43:34,GitHub AutoPush Analytics,https://github.com/deka1105/GitHub-AutoPush-Analytics.git,push_log.csv,modified,success,auto-push: push_log.csv [2026-04-26 11:43:33] --END--
2026-04-26 11:47:51,CodeFlow,https://github.com/deka1105/CodeFlow.git,server/astToGraph.js,created,success,"auto-push: FlowView.jsx, astToGraph.js [2026-04-26 11:47:50] --END--"
2026-04-26 11:47:52,GitHub AutoPush Analytics,https://github.com/deka1105/GitHub-AutoPush-Analytics.git,push_log.csv,modified,success,auto-push: push_log.csv [2026-04-26 11:47:51] --END--
2026-04-26 11:52:28,CodeFlow,https://github.com/deka1105/CodeFlow.git,server/index.js,modified,success,"auto-push: astToGraph.js, index.js [2026-04-26 11:52:26] --END--"
2026-04-26 11:52:29,GitHub AutoPush Analytics,https://github.com/deka1105/GitHub-AutoPush-Analytics.git,push_log.csv,modified,success,auto-push: push_log.csv [2026-04-26 11:52:28] --END--
2026-04-26 11:53:03,CodeFlow,https://github.com/deka1105/CodeFlow.git,server/index.js,modified,success,auto-push: index.js [2026-04-26 11:53:01] --END--
2026-04-26 11:53:04,GitHub AutoPush Analytics,https://github.com/deka1105/GitHub-AutoPush-Analytics.git,push_log.csv,modified,success,auto-push: push_log.csv [2026-04-26 11:53:03] --END--
2026-04-26 11:57:34,CodeFlow,https://github.com/deka1105/CodeFlow.git,server/index.js,modified,success,auto-push: index.js [2026-04-26 11:57:33] --END--
2026-04-26 11:57:35,GitHub AutoPush Analytics,https://github.com/deka1105/GitHub-AutoPush-Analytics.git,push_log.csv,modified,success,auto-push: push_log.csv [2026-04-26 11:57:34] --END--
2026-04-26 11:59:21,CodeFlow,https://github.com/deka1105/CodeFlow.git,server/index.js,modified,success,auto-push: index.js [2026-04-26 11:59:19] --END--
2026-04-26 11:59:22,GitHub AutoPush Analytics,https://github.com/deka1105/GitHub-AutoPush-Analytics.git,push_log.csv,modified,success,auto-push: push_log.csv [2026-04-26 11:59:21] --END--
2026-04-26 12:00:42,CodeFlow,https://github.com/deka1105/CodeFlow.git,server/index.js,modified,success,auto-push: index.js [2026-04-26 12:00:40] --END--
2026-04-26 12:00:43,GitHub AutoPush Analytics,https://github.com/deka1105/GitHub-AutoPush-Analytics.git,push_log.csv,modified,success,auto-push: push_log.csv [2026-04-26 12:00:42] --END--
2026-04-26 12:01:28,CodeFlow,https://github.com/deka1105/CodeFlow.git,server/index.js,modified,success,auto-push: index.js [2026-04-26 12:01:26] --END--
2026-04-26 12:01:29,GitHub AutoPush Analytics,https://github.com/deka1105/GitHub-AutoPush-Analytics.git,push_log.csv,modified,success,auto-push: push_log.csv [2026-04-26 12:01:28] --END--
2026-04-26 12:05:35,CodeFlow,https://github.com/deka1105/CodeFlow.git,server/index.js,modified,success,auto-push: index.js [2026-04-26 12:05:34] --END--
2026-04-26 12:05:36,GitHub AutoPush Analytics,https://github.com/deka1105/GitHub-AutoPush-Analytics.git,push_log.csv,modified,success,auto-push: push_log.csv [2026-04-26 12:05:35] --END--
2026-04-26 12:07:06,CodeFlow,https://github.com/deka1105/CodeFlow.git,readme.md,created,success,auto-push: readme.md [2026-04-26 12:07:04] --END--
2026-04-26 12:07:07,GitHub AutoPush Analytics,https://github.com/deka1105/GitHub-AutoPush-Analytics.git,push_log.csv,modified,success,auto-push: push_log.csv [2026-04-26 12:07:06] --END--
2026-04-26 12:10:25,CodeFlow,https://github.com/deka1105/CodeFlow.git,client/README.md,created,success,auto-push: 15 files changed [2026-04-26 12:10:23] --END--
2026-04-26 12:10:26,GitHub AutoPush Analytics,https://github.com/deka1105/GitHub-AutoPush-Analytics.git,push_log.csv,modified,success,auto-push: push_log.csv [2026-04-26 12:10:25] --END--
2026-04-26 12:11:30,CodeFlow,https://github.com/deka1105/CodeFlow.git,client/node_modules/.vite-temp/vite.config.js.timestamp-1777219889169-351850c565ea1.mjs,created,success,auto-push: package-lock.json [2026-04-26 12:11:29] --END--
2026-04-26 12:11:32,GitHub AutoPush Analytics,https://github.com/deka1105/GitHub-AutoPush-Analytics.git,push_log.csv,modified,success,auto-push: push_log.csv [2026-04-26 12:11:30] --END--
2026-04-26 12:12:33,CodeFlow,https://github.com/deka1105/CodeFlow.git,client/src/App.jsx,deleted,success,"auto-push: .DS_Store, app.jsx, App.jsx [2026-04-26 12:12:31] --END--"
2026-04-26 12:12:34,GitHub AutoPush Analytics,https://github.com/deka1105/GitHub-AutoPush-Analytics.git,push_log.csv,modified,success,auto-push: push_log.csv [2026-04-26 12:12:33] --END--
2026-04-26 12:13:09,CodeFlow,https://github.com/deka1105/CodeFlow.git,client/node_modules/fsevents/LICENSE,created,success,auto-push: FlowView.jsx [2026-04-26 12:13:07] --END--
2026-04-26 12:13:10,GitHub AutoPush Analytics,https://github.com/deka1105/GitHub-AutoPush-Analytics.git,push_log.csv,modified,success,auto-push: push_log.csv [2026-04-26 12:13:09] --END--
2026-04-26 12:14:59,CodeFlow,https://github.com/deka1105/CodeFlow.git,client/src/app.jsx,modified,success,auto-push: App.jsx [2026-04-26 12:14:57] --END--
2026-04-26 12:15:00,GitHub AutoPush Analytics,https://github.com/deka1105/GitHub-AutoPush-Analytics.git,push_log.csv,modified,success,auto-push: push_log.csv [2026-04-26 12:14:59] --END--
2026-04-26 12:16:28,CodeFlow,https://github.com/deka1105/CodeFlow.git,client/node_modules/.vite-temp/vite.config.js.timestamp-1777220187389-f6623a5b9df55.mjs,created,success,"auto-push: package-lock.json, package.json [2026-04-26 12:16:27] --END--"
2026-04-26 12:16:30,GitHub AutoPush Analytics,https://github.com/deka1105/GitHub-AutoPush-Analytics.git,push_log.csv,modified,success,auto-push: push_log.csv [2026-04-26 12:16:28] --END--
2026-04-26 12:19:32,CodeFlow,https://github.com/deka1105/CodeFlow.git,client/index.html,modified,success,auto-push: index.html [2026-04-26 12:19:30] --END--
2026-04-26 12:19:33,GitHub AutoPush Analytics,https://github.com/deka1105/GitHub-AutoPush-Analytics.git,push_log.csv,modified,success,auto-push: push_log.csv [2026-04-26 12:19:32] --END--
2026-04-26 12:19:45,CodeFlow,https://github.com/deka1105/CodeFlow.git,client/src/app.jsx,modified,success,auto-push: App.jsx [2026-04-26 12:19:44] --END--
2026-04-26 12:19:47,GitHub AutoPush Analytics,https://github.com/deka1105/GitHub-AutoPush-Analytics.git,push_log.csv,modified,success,auto-push: push_log.csv [2026-04-26 12:19:45] --END--
2026-04-26 12:20:43,CodeFlow,https://github.com/deka1105/CodeFlow.git,client/main.jsx,created,success,auto-push: main.jsx [2026-04-26 12:20:41] --END--
2026-04-26 12:20:44,GitHub AutoPush Analytics,https://github.com/deka1105/GitHub-AutoPush-Analytics.git,push_log.csv,modified,success,auto-push: push_log.csv [2026-04-26 12:20:43] --END--
2026-04-26 12:21:01,CodeFlow,https://github.com/deka1105/CodeFlow.git,server/index.js,modified,success,auto-push: index.js [2026-04-26 12:20:59] --END--
2026-04-26 12:21:02,GitHub AutoPush Analytics,https://github.com/deka1105/GitHub-AutoPush-Analytics.git,push_log.csv,modified,success,auto-push: push_log.csv [2026-04-26 12:21:01] --END--
2026-04-26 12:25:22,SimuLogin,https://github.com/deka1105/SimuLogin.git,flaskApp/app (1).py,created,success,auto-push: app.py [2026-04-26 12:25:20] --END--
2026-04-26 12:25:23,GitHub AutoPush Analytics,https://github.com/deka1105/GitHub-AutoPush-Analytics.git,push_log.csv,modified,success,auto-push: push_log.csv [2026-04-26 12:25:22] --END--
2026-04-26 12:25:36,SimuLogin,https://github.com/deka1105/SimuLogin.git,flaskApp/index (1).html,created,success,auto-push: index.html [2026-04-26 12:25:34] --END--
2026-04-26 12:25:37,GitHub AutoPush Analytics,https://github.com/deka1105/GitHub-AutoPush-Analytics.git,push_log.csv,modified,success,auto-push: push_log.csv [2026-04-26 12:25:36] --END--
2026-04-26 12:44:54,SimuLogin,https://github.com/deka1105/SimuLogin.git,flaskApp/README (1).md,created,success,auto-push: README.md [2026-04-26 12:44:53] --END--
2026-04-26 12:44:56,GitHub AutoPush Analytics,https://github.com/deka1105/GitHub-AutoPush-Analytics.git,push_log.csv,modified,success,auto-push: push_log.csv [2026-04-26 12:44:54] --END--
2026-04-26 22:54:34,GitHub AutoPush Analytics,https://github.com/deka1105/GitHub-AutoPush-Analytics.git,push_analytics20-1.html,created,success,"auto-push: push_analytics20-1.html, push_analyticsv20_2.html, push_analyticsv20_3.html, push_log.csv [2026-04-26 22:54:32] --END--"
2026-04-26 22:54:41,GitHub AutoPush Analytics,https://github.com/deka1105/GitHub-AutoPush-Analytics.git,push_analytics20-1.html,moved,success,"auto-push: .DS_Store, push_analytics20-1.html, push_analyticsv20_1.html, push_analyticsv20_2.html, push_log.csv [2026-04-26 22:54:40] --END--"
2026-04-26 22:56:15,TrashMan,https://github.com/deka1105/TrashMan.git,trashman-media-v4.4(2).html,created,success,auto-push: trashman-media-v4.4(2).html [2026-04-26 22:56:13] --END--
2026-04-26 22:56:16,GitHub AutoPush Analytics,https://github.com/deka1105/GitHub-AutoPush-Analytics.git,push_log.csv,modified,success,"auto-push: .DS_Store, push_log.csv [2026-04-26 22:56:15] --END--"
2026-04-26 22:56:24,TrashMan,https://github.com/deka1105/TrashMan.git,trashman-media-v4.4(2).html,moved,success,auto-push: trashman-media-v4.4.html [2026-04-26 22:56:22] --END--
2026-04-26 22:56:25,GitHub AutoPush Analytics,https://github.com/deka1105/GitHub-AutoPush-Analytics.git,push_log.csv,modified,success,auto-push: push_log.csv [2026-04-26 22:56:24] --END--
2026-04-27 08:47:13,GitHub AutoPush Analytics,https://github.com/deka1105/GitHub-AutoPush-Analytics.git,README.md,moved,success,Branch 'main' set up to track remote branch 'main' from 'origin'.--END--
2026-04-28 21:37:19,MultistockDashboard,https://github.com/deka1105/MultistockDashboard.git,Files/stockdash2-6/.gitignore,created,success,auto-push: 70 files changed [2026-04-28 21:37:16] --END--
2026-04-28 21:37:20,GitHub AutoPush Analytics,https://github.com/deka1105/GitHub-AutoPush-Analytics.git,push_log.csv,modified,failed,"To https://github.com/deka1105/GitHub-AutoPush-Analytics.git /n  ! [rejected]        HEAD -> main (non-fast-forward) /n error: failed to push some refs to 'https://github.com/deka1105/GitHub-AutoPush-Analytics.git' /n hint: Updates were rejected because the tip of your current branch is behind /n hint: its remote counterpart. If you want to integrate the remote changes, /n hint: use 'git pull' before pushing again. /n hint: See the 'Note about fast-forwards' in 'git push --help' for details. --END--"
2026-04-28 21:37:44,MultistockDashboard,https://github.com/deka1105/MultistockDashboard.git,Files/stockdash2-7/frontend/tsconfig.node.json,created,success,auto-push: 31 files changed [2026-04-28 21:37:42] --END--
2026-04-28 21:38:51,MultistockDashboard,https://github.com/deka1105/MultistockDashboard.git,Files/stockdash2-8/frontend/tsconfig.node.json,created,success,auto-push: 80 files changed [2026-04-28 21:38:49] --END--
2026-04-28 21:55:44,GitHub AutoPush Analytics,https://github.com/deka1105/GitHub-AutoPush-Analytics.git,README.md,moved,failed,rebase conflict unresolved: error: cannot pull with rebase: You have unstaged changes.\nerror: Please commit or stash them. --END--
2026-04-28 22:09:03,MultistockDashboard,https://github.com/deka1105/MultistockDashboard.git,"DS_Store, iles/.DS_Store, Files/stockdash2-8/.gitignore, Files/stockdash2-8/README.md, Files/stockdash2-8/backend/",startup-sync,success,startup-sync: 9 offline changes [2026-04-28 22:09:02] --END--
2026-04-28 22:09:05,GitHub AutoPush Analytics,https://github.com/deka1105/GitHub-AutoPush-Analytics.git,"DS_Store, ush_log.csv, atcher.log, auto_git_pushv8.py",startup-sync,success,"startup-sync: DS_Store, ush_log.csv, atcher.log, auto_git_pushv8.py [2026-04-28 22:09:04] --END--"
2026-04-28 22:09:08,ImageFix,https://github.com/deka1105/Image-Fix.git,DS_Store,startup-sync,success,startup-sync: DS_Store [2026-04-28 22:09:07] --END--
2026-04-28 22:09:10,TrashMan,https://github.com/deka1105/TrashMan.git,DS_Store,startup-sync,success,startup-sync: DS_Store [2026-04-28 22:09:09] --END--
2026-04-28 22:09:13,CodeFlow,https://github.com/deka1105/CodeFlow.git,DS_Store,startup-sync,success,startup-sync: DS_Store [2026-04-28 22:09:12] --END--
2026-04-28 22:09:25,GitHub AutoPush Analytics,https://github.com/deka1105/GitHub-AutoPush-Analytics.git,auto_git_pushv7.py,moved,success,"auto-push: auto_git_pushv7.py, push_log.csv [2026-04-28 22:09:24] --END--"
2026-04-28 22:14:34,GitHub AutoPush Analytics,https://github.com/deka1105/GitHub-AutoPush-Analytics.git,"ush_log.csv, atcher.log",startup-sync,success,"startup-sync: ush_log.csv, atcher.log [2026-04-28 22:14:33] --END--"
2026-04-28 22:15:46,GitHub AutoPush Analytics,https://github.com/deka1105/GitHub-AutoPush-Analytics.git,Previous Versions/autoGitv3/push_analyticsv20_1.html,created,success,auto-push: 33 files changed [2026-04-28 22:15:44] --END--
2026-04-29 11:42:29,MultistockDashboard,https://github.com/deka1105/MultistockDashboard.git,Files/stockdash2-9/frontend/tsconfig.node.json,created,success,auto-push: 92 files changed [2026-04-29 11:42:27] --END--
2026-04-29 11:42:31,GitHub AutoPush Analytics,https://github.com/deka1105/GitHub-AutoPush-Analytics.git,push_log.csv,modified,success,"auto-push: .DS_Store, push_log.csv [2026-04-29 11:42:29] --END--"
2026-04-29 11:42:48,MultistockDashboard,https://github.com/deka1105/MultistockDashboard.git,Files/stockdash2-10/frontend/tsconfig.node.json,created,success,auto-push: 62 files changed [2026-04-29 11:42:46] --END--
2026-04-29 11:42:50,GitHub AutoPush Analytics,https://github.com/deka1105/GitHub-AutoPush-Analytics.git,push_log.csv,modified,success,auto-push: push_log.csv [2026-04-29 11:42:48] --END--
2026-04-29 11:42:58,MultistockDashboard,https://github.com/deka1105/MultistockDashboard.git,Files/stockdash2-11/frontend/tsconfig.node.json,created,success,auto-push: 62 files changed [2026-04-29 11:42:55] --END--
2026-04-29 11:42:59,GitHub AutoPush Analytics,https://github.com/deka1105/GitHub-AutoPush-Analytics.git,push_log.csv,modified,success,auto-push: push_log.csv [2026-04-29 11:42:58] --END--
2026-04-29 17:31:49,SimuLogin,https://github.com/deka1105/SimuLogin.git,SessionForge/Version1/__init__.py,created,success,auto-push: 11 files changed [2026-04-29 17:31:48] --END--
2026-04-29 17:31:51,GitHub AutoPush Analytics,https://github.com/deka1105/GitHub-AutoPush-Analytics.git,push_log.csv,modified,success,auto-push: push_log.csv [2026-04-29 17:31:50] --END--
2026-04-29 17:33:16,SimuLogin,https://github.com/deka1105/SimuLogin.git,SessionForge/Version1/chatgpt.py,moved,success,"auto-push: .DS_Store, chatgpt.py, claude.py, gemini.py [2026-04-29 17:33:15] --END--"
2026-04-29 17:33:18,GitHub AutoPush Analytics,https://github.com/deka1105/GitHub-AutoPush-Analytics.git,push_log.csv,modified,success,auto-push: push_log.csv [2026-04-29 17:33:17] --END--
2026-04-29 17:33:48,SimuLogin,https://github.com/deka1105/SimuLogin.git,SessionForge/Version1/index.html,moved,success,"auto-push: .DS_Store, chatgpt.py, claude.py, gemini.py, index.html [2026-04-29 17:33:46] --END--"
2026-04-29 17:33:49,GitHub AutoPush Analytics,https://github.com/deka1105/GitHub-AutoPush-Analytics.git,push_log.csv,modified,success,auto-push: push_log.csv [2026-04-29 17:33:48] --END--
2026-04-29 17:34:08,SimuLogin,https://github.com/deka1105/SimuLogin.git,SessionForge/Version1/venv/pyvenv.cfg,created,success,auto-push: 6 files changed [2026-04-29 17:34:07] --END--
2026-04-29 17:34:10,GitHub AutoPush Analytics,https://github.com/deka1105/GitHub-AutoPush-Analytics.git,push_log.csv,modified,success,auto-push: push_log.csv [2026-04-29 17:34:09] --END--
2026-04-29 17:34:50,SimuLogin,https://github.com/deka1105/SimuLogin.git,SessionForge/Version1/venv/lib/python3.11/site-packages/typing_extensions.py,created,success,auto-push: 1579 files changed [2026-04-29 17:34:36] --END--
2026-04-29 17:35:14,SimuLogin,https://github.com/deka1105/SimuLogin.git,SessionForge/Version1/venv/lib/python3.11/site-packages/typing_extensions.py,modified,failed,remote: error: Trace: 991b3f22918e7f008a878ab3041f723193ac5159ceae87216b587862edb0350f\nremote: error: See https://gh.io/lfs for more information.\nremote: error: File SessionForge/Version1/venv/lib/python3.11/site-packages/playwright/driver/node is 115.87 MB; this exceeds GitHub's file size limit of 100.00 MB\nremote: error: GH001: Large files detected. You may want to try Git Large File Storage - https://git-lfs.github.com.\nTo https://github.com/deka1105/SimuLogin.git\n ! [remote rejected] HEAD -> main (pre-receive hook declined)\nerror: failed to push some refs to 'https://github.com/deka1105/SimuLogin.git' --END--
2026-04-29 17:35:18,GitHub AutoPush Analytics,https://github.com/deka1105/GitHub-AutoPush-Analytics.git,watcher.log.1,moved,success,"auto-push: push_log.csv, watcher.log, watcher.log.1, watcher.log.2, watcher.log.3 [2026-04-29 17:35:15] --END--"
2026-04-29 17:38:25,GitHub AutoPush Analytics,https://github.com/deka1105/GitHub-AutoPush-Analytics.git,watcher.log,modified,success,"auto-push: push_log.csv, watcher.log, watcher.log.1, watcher.log.2, watcher.log.3 [2026-04-29 17:38:23] --END--"
2026-04-29 17:41:02,SimuLogin,https://github.com/deka1105/SimuLogin.git,SessionForge/Version1/__init__.py,moved,failed,remote: error: Trace: da29b6b747d3eb96d69e108f16fea9ab933217ff872d1c373de09b121b5b8378\nremote: error: See https://gh.io/lfs for more information.\nremote: error: File SessionForge/Version1/venv/lib/python3.11/site-packages/playwright/driver/node is 115.87 MB; this exceeds GitHub's file size limit of 100.00 MB\nremote: error: GH001: Large files detected. You may want to try Git Large File Storage - https://git-lfs.github.com.\nTo https://github.com/deka1105/SimuLogin.git\n ! [remote rejected] HEAD -> main (pre-receive hook declined)\nerror: failed to push some refs to 'https://github.com/deka1105/SimuLogin.git' --END--
2026-04-29 17:41:05,GitHub AutoPush Analytics,https://github.com/deka1105/GitHub-AutoPush-Analytics.git,push_log.csv,modified,success,"auto-push: push_log.csv, watcher.log [2026-04-29 17:41:03] --END--"
2026-04-29 17:48:17,GitHub AutoPush Analytics,https://github.com/deka1105/GitHub-AutoPush-Analytics.git,push_log.csv,modified,success,auto-push: push_log.csv [2026-04-29 17:48:15] --END--
2026-04-29 17:57:11,GitHub AutoPush Analytics,https://github.com/deka1105/GitHub-AutoPush-Analytics.git,push_log.csv,modified,success,auto-push: push_log.csv [2026-04-29 17:57:09] --END--
2026-04-29 18:09:07,GitHub AutoPush Analytics,https://github.com/deka1105/GitHub-AutoPush-Analytics.git,push_log.csv,modified,success,auto-push: push_log.csv [2026-04-29 18:09:05] --END--
2026-04-29 18:12:41,GitHub AutoPush Analytics,https://github.com/deka1105/GitHub-AutoPush-Analytics.git,push_log.csv,modified,success,auto-push: push_log.csv [2026-04-29 18:12:39] --END--
2026-04-29 18:14:35,GitHub AutoPush Analytics,https://github.com/deka1105/GitHub-AutoPush-Analytics.git,push_log.csv,modified,success,auto-push: push_log.csv [2026-04-29 18:14:33] --END--
2026-04-29 22:25:07,GitHub AutoPush Analytics,https://github.com/deka1105/GitHub-AutoPush-Analytics.git,push_log.csv,modified,success,auto-push: push_log.csv [2026-04-29 22:25:05] --END--
2026-04-29 22:25:31,GitHub AutoPush Analytics,https://github.com/deka1105/GitHub-AutoPush-Analytics.git,push_log.csv,modified,success,auto-push: push_log.csv [2026-04-29 22:25:29] --END--
2026-04-29 22:27:03,GitHub AutoPush Analytics,https://github.com/deka1105/GitHub-AutoPush-Analytics.git,push_log.csv,modified,success,auto-push: push_log.csv [2026-04-29 22:27:01] --END--
2026-04-29 22:31:18,GitHub AutoPush Analytics,https://github.com/deka1105/GitHub-AutoPush-Analytics.git,push_log.csv,modified,success,auto-push: push_log.csv [2026-04-29 22:31:16] --END--
2026-04-29 22:31:54,GitHub AutoPush Analytics,https://github.com/deka1105/GitHub-AutoPush-Analytics.git,push_log.csv,modified,success,auto-push: push_log.csv [2026-04-29 22:31:52] --END--
2026-04-29 22:33:21,GitHub AutoPush Analytics,https://github.com/deka1105/GitHub-AutoPush-Analytics.git,push_log.csv,modified,success,auto-push: push_log.csv [2026-04-29 22:33:19] --END--
2026-04-29 22:33:48,GitHub AutoPush Analytics,https://github.com/deka1105/GitHub-AutoPush-Analytics.git,push_log.csv,modified,success,auto-push: push_log.csv [2026-04-29 22:33:47] --END--
2026-04-29 22:36:00,GitHub AutoPush Analytics,https://github.com/deka1105/GitHub-AutoPush-Analytics.git,push_log.csv,modified,success,auto-push: push_log.csv [2026-04-29 22:35:58] --END--
2026-04-29 22:36:49,GitHub AutoPush Analytics,https://github.com/deka1105/GitHub-AutoPush-Analytics.git,push_log.csv,modified,success,auto-push: push_log.csv [2026-04-29 22:36:48] --END--
2026-04-29 22:39:37,GitHub AutoPush Analytics,https://github.com/deka1105/GitHub-AutoPush-Analytics.git,push_log.csv,modified,success,auto-push: push_log.csv [2026-04-29 22:39:35] --END--
2026-04-29 22:40:23,GitHub AutoPush Analytics,https://github.com/deka1105/GitHub-AutoPush-Analytics.git,push_log.csv,modified,success,auto-push: push_log.csv [2026-04-29 22:40:21] --END--
2026-04-29 22:41:17,GitHub AutoPush Analytics,https://github.com/deka1105/GitHub-AutoPush-Analytics.git,push_log.csv,modified,success,auto-push: push_log.csv [2026-04-29 22:41:16] --END--
2026-04-29 22:44:55,GitHub AutoPush Analytics,https://github.com/deka1105/GitHub-AutoPush-Analytics.git,push_log.csv,modified,success,auto-push: push_log.csv [2026-04-29 22:44:53] --END--
2026-04-29 22:45:21,GitHub AutoPush Analytics,https://github.com/deka1105/GitHub-AutoPush-Analytics.git,push_log.csv,modified,success,auto-push: push_log.csv [2026-04-29 22:45:19] --END--
2026-04-29 22:46:43,GitHub AutoPush Analytics,https://github.com/deka1105/GitHub-AutoPush-Analytics.git,push_log.csv,modified,success,auto-push: push_log.csv [2026-04-29 22:46:41] --END--
2026-04-30 10:17:55,GitHub AutoPush Analytics,https://github.com/deka1105/GitHub-AutoPush-Analytics.git,push_log.csv,modified,success,auto-push: push_log.csv [2026-04-30 10:17:52] --END--
2026-04-30 10:19:57,GitHub AutoPush Analytics,https://github.com/deka1105/GitHub-AutoPush-Analytics.git,push_log.csv,modified,success,auto-push: push_log.csv [2026-04-30 10:19:55] --END--
2026-04-30 11:16:14,GitHub AutoPush Analytics,https://github.com/deka1105/GitHub-AutoPush-Analytics.git,push_log.csv,modified,success,"auto-push: push_log.csv, watcher.log, watcher.log.1, watcher.log.2, watcher.log.3 [2026-04-30 11:16:12] --END--"
2026-04-30 11:19:08,GitHub AutoPush Analytics,https://github.com/deka1105/GitHub-AutoPush-Analytics.git,push_log.csv,modified,success,"auto-push: push_log.csv, watcher.log [2026-04-30 11:19:06] --END--"
2026-04-30 12:34:05,MultistockDashboard,https://github.com/deka1105/MultistockDashboard.git,Files/stockdash2-12/frontend/tsconfig.node.json,created,success,auto-push: 154 files changed [2026-04-30 12:34:03] --END--
2026-04-30 12:34:08,GitHub AutoPush Analytics,https://github.com/deka1105/GitHub-AutoPush-Analytics.git,push_log.csv,modified,success,auto-push: push_log.csv [2026-04-30 12:34:06] --END--
2026-04-30 12:34:18,MultistockDashboard,https://github.com/deka1105/MultistockDashboard.git,Files/stockdash2-13/frontend/tsconfig.node.json,created,success,auto-push: 32 files changed [2026-04-30 12:34:16] --END--
2026-04-30 12:34:20,GitHub AutoPush Analytics,https://github.com/deka1105/GitHub-AutoPush-Analytics.git,push_log.csv,modified,success,auto-push: push_log.csv [2026-04-30 12:34:18] --END--
2026-04-30 21:49:45,MultistockDashboard,https://github.com/deka1105/MultistockDashboard.git,"Files/stockdash2-13/.gitignore, Files/stockdash2-13/README.md, Files/stockdash2-13/backend/, Files/stockdash2-13/docker-compose.yml, Files/stockdash2-13/frontend/src/__tests__/",startup-sync,success,startup-sync: 19 offline changes [2026-04-30 21:49:43] --END--
2026-04-30 21:50:16,SimuLogin,https://github.com/deka1105/SimuLogin.git,"DS_Store, essionForge/.DS_Store, essionForge/Version1/.DS_Store, essionForge/Version1/app.py, essionForge/Version1/sessions/58552819.json",startup-sync,failed,remote: error: Trace: f51bd9209c45c00856e955b4ccfe6cc7de7bd55bc7b92b1bb35fb65a7c591071\nremote: error: See https://gh.io/lfs for more information.\nremote: error: File SessionForge/Version1/venv/lib/python3.11/site-packages/playwright/driver/node is 115.87 MB; this exceeds GitHub's file size limit of 100.00 MB\nremote: error: GH001: Large files detected. You may want to try Git Large File Storage - https://git-lfs.github.com.\nTo https://github.com/deka1105/SimuLogin.git\n ! [remote rejected] HEAD -> main (pre-receive hook declined)\nerror: failed to push some refs to 'https://github.com/deka1105/SimuLogin.git' --END--
2026-05-01 05:54:49,SimuLogin,https://github.com/deka1105/SimuLogin.git,SessionForge/Version1/app.py,deleted,failed,remote: error: Trace: 4000ab46fe3421e5236fadc46eddff70ecc57db1e1385d0eab0899c25da3c005\nremote: error: See https://gh.io/lfs for more information.\nremote: error: File SessionForge/Version1/venv/lib/python3.11/site-packages/playwright/driver/node is 115.87 MB; this exceeds GitHub's file size limit of 100.00 MB\nremote: error: GH001: Large files detected. You may want to try Git Large File Storage - https://git-lfs.github.com.\nTo https://github.com/deka1105/SimuLogin.git\n ! [remote rejected] HEAD -> main (pre-receive hook declined)\nerror: failed to push some refs to 'https://github.com/deka1105/SimuLogin.git' --END--
2026-05-01 05:55:11,SimuLogin,https://github.com/deka1105/SimuLogin.git,SessionForge/Version1/app.py,created,failed,remote: error: Trace: 0755f30ea14b9ab12c0e974af41e1481556d5cf5873f396bd7da439f08b5ee60\nremote: error: See https://gh.io/lfs for more information.\nremote: error: File SessionForge/Version1/venv/lib/python3.11/site-packages/playwright/driver/node is 115.87 MB; this exceeds GitHub's file size limit of 100.00 MB\nremote: error: GH001: Large files detected. You may want to try Git Large File Storage - https://git-lfs.github.com.\nTo https://github.com/deka1105/SimuLogin.git\n ! [remote rejected] HEAD -> main (pre-receive hook declined)\nerror: failed to push some refs to 'https://github.com/deka1105/SimuLogin.git' --END--
2026-05-01 05:55:34,SimuLogin,https://github.com/deka1105/SimuLogin.git,SessionForge/Version1/requirements.txt,deleted,failed,remote: error: Trace: 2385572c607525405b39faa772ac935dc2fe41791ef9a666cb918ae9d853d005\nremote: error: See https://gh.io/lfs for more information.\nremote: error: File SessionForge/Version1/venv/lib/python3.11/site-packages/playwright/driver/node is 115.87 MB; this exceeds GitHub's file size limit of 100.00 MB\nremote: error: GH001: Large files detected. You may want to try Git Large File Storage - https://git-lfs.github.com.\nTo https://github.com/deka1105/SimuLogin.git\n ! [remote rejected] HEAD -> main (pre-receive hook declined)\nerror: failed to push some refs to 'https://github.com/deka1105/SimuLogin.git' --END--
2026-05-01 05:55:57,SimuLogin,https://github.com/deka1105/SimuLogin.git,SessionForge/Version1/requirements.txt,created,failed,remote: error: Trace: b6554d03d7e4eab18e95a003d3a9368c94ac4b4850ab3b807b660a853995eeda\nremote: error: See https://gh.io/lfs for more information.\nremote: error: File SessionForge/Version1/venv/lib/python3.11/site-packages/playwright/driver/node is 115.87 MB; this exceeds GitHub's file size limit of 100.00 MB\nremote: error: GH001: Large files detected. You may want to try Git Large File Storage - https://git-lfs.github.com.\nTo https://github.com/deka1105/SimuLogin.git\n ! [remote rejected] HEAD -> main (pre-receive hook declined)\nerror: failed to push some refs to 'https://github.com/deka1105/SimuLogin.git' --END--
2026-05-01 05:56:21,SimuLogin,https://github.com/deka1105/SimuLogin.git,SessionForge/Version1/providers/base.py,deleted,failed,remote: error: Trace: 0094b20e96714d07f2aaa34bcea854cbd6bf4437bcabdaaf966ae6c096e46946\nremote: error: See https://gh.io/lfs for more information.\nremote: error: File SessionForge/Version1/venv/lib/python3.11/site-packages/playwright/driver/node is 115.87 MB; this exceeds GitHub's file size limit of 100.00 MB\nremote: error: GH001: Large files detected. You may want to try Git Large File Storage - https://git-lfs.github.com.\nTo https://github.com/deka1105/SimuLogin.git\n ! [remote rejected] HEAD -> main (pre-receive hook declined)\nerror: failed to push some refs to 'https://github.com/deka1105/SimuLogin.git' --END--
2026-05-01 05:57:01,SimuLogin,https://github.com/deka1105/SimuLogin.git,SessionForge/Version1/venv/lib/python3.11/site-packages/zipp/__init__.py,created,failed,remote: error: Trace: 4703988b0c26ae61f7d6126f6613884d7a21fa84cafcc3344596c9b87d936273\nremote: error: See https://gh.io/lfs for more information.\nremote: error: File SessionForge/Version1/venv/lib/python3.11/site-packages/playwright/driver/node is 115.87 MB; this exceeds GitHub's file size limit of 100.00 MB\nremote: error: GH001: Large files detected. You may want to try Git Large File Storage - https://git-lfs.github.com.\nTo https://github.com/deka1105/SimuLogin.git\n ! [remote rejected] HEAD -> main (pre-receive hook declined)\nerror: failed to push some refs to 'https://github.com/deka1105/SimuLogin.git' --END--
2026-05-01 05:57:32,SimuLogin,https://github.com/deka1105/SimuLogin.git,SessionForge/Version1/venv/lib/python3.11/site-packages/zipp/__init__.py,modified,failed,remote: error: Trace: 8f0ad1a3253d49e696a46c4bbdd9fedbc5f4788c0d56fe0f333bef113f0d60db\nremote: error: See https://gh.io/lfs for more information.\nremote: error: File SessionForge/Version1/venv/lib/python3.11/site-packages/playwright/driver/node is 115.87 MB; this exceeds GitHub's file size limit of 100.00 MB\nremote: error: GH001: Large files detected. You may want to try Git Large File Storage - https://git-lfs.github.com.\nTo https://github.com/deka1105/SimuLogin.git\n ! [remote rejected] HEAD -> main (pre-receive hook declined)\nerror: failed to push some refs to 'https://github.com/deka1105/SimuLogin.git' --END--
2026-05-01 05:59:08,SimuLogin,https://github.com/deka1105/SimuLogin.git,SessionForge/Version1/venv/lib/python3.11/site-packages/more_itertools/__init__.py,created,failed,remote: error: Trace: 49113968c9a63764a66294a36e9f56c42079188462816c8e2298c369eddc31ad\nremote: error: See https://gh.io/lfs for more information.\nremote: error: File SessionForge/Version1/venv/lib/python3.11/site-packages/playwright/driver/node is 115.87 MB; this exceeds GitHub's file size limit of 100.00 MB\nremote: error: GH001: Large files detected. You may want to try Git Large File Storage - https://git-lfs.github.com.\nTo https://github.com/deka1105/SimuLogin.git\n ! [remote rejected] HEAD -> main (pre-receive hook declined)\nerror: failed to push some refs to 'https://github.com/deka1105/SimuLogin.git' --END--
2026-05-01 05:59:31,SimuLogin,https://github.com/deka1105/SimuLogin.git,SessionForge/Version1/venv/lib/python3.11/site-packages/more_itertools/__init__.py,modified,failed,remote: error: Trace: c70c64f04818ea3c7ca3eeb0e69a728e93ff604f1eaf508c8c5ed3c4c6c0a1bf\nremote: error: See https://gh.io/lfs for more information.\nremote: error: File SessionForge/Version1/venv/lib/python3.11/site-packages/playwright/driver/node is 115.87 MB; this exceeds GitHub's file size limit of 100.00 MB\nremote: error: GH001: Large files detected. You may want to try Git Large File Storage - https://git-lfs.github.com.\nTo https://github.com/deka1105/SimuLogin.git\n ! [remote rejected] HEAD -> main (pre-receive hook declined)\nerror: failed to push some refs to 'https://github.com/deka1105/SimuLogin.git' --END--
2026-05-01 05:59:57,SimuLogin,https://github.com/deka1105/SimuLogin.git,SessionForge/Version1/venv/lib/python3.11/site-packages/more_itertools/__init__.pyi,created,failed,remote: error: Trace: bc747cdb2692c2d2c3cf8d4ef15db5ea4b110ff9442cda68f3fa9e8b522ccec6\nremote: error: See https://gh.io/lfs for more information.\nremote: error: File SessionForge/Version1/venv/lib/python3.11/site-packages/playwright/driver/node is 115.87 MB; this exceeds GitHub's file size limit of 100.00 MB\nremote: error: GH001: Large files detected. You may want to try Git Large File Storage - https://git-lfs.github.com.\nTo https://github.com/deka1105/SimuLogin.git\n ! [remote rejected] HEAD -> main (pre-receive hook declined)\nerror: failed to push some refs to 'https://github.com/deka1105/SimuLogin.git' --END--
2026-05-01 06:00:24,SimuLogin,https://github.com/deka1105/SimuLogin.git,SessionForge/Version1/venv/lib/python3.11/site-packages/more_itertools/__init__.pyi,modified,failed,remote: error: Trace: 5cf78a787b06713c675fe952305608830dd202b9f2dc45a2ebb02d160931adca\nremote: error: See https://gh.io/lfs for more information.\nremote: error: File SessionForge/Version1/venv/lib/python3.11/site-packages/playwright/driver/node is 115.87 MB; this exceeds GitHub's file size limit of 100.00 MB\nremote: error: GH001: Large files detected. You may want to try Git Large File Storage - https://git-lfs.github.com.\nTo https://github.com/deka1105/SimuLogin.git\n ! [remote rejected] HEAD -> main (pre-receive hook declined)\nerror: failed to push some refs to 'https://github.com/deka1105/SimuLogin.git' --END--
2026-05-01 06:01:45,SimuLogin,https://github.com/deka1105/SimuLogin.git,SessionForge/Version1/app.py,deleted,failed,remote: error: Trace: 9ad398ee3c5856a69a7aca2f76223a88bd233caf60e6ec1e3f0429977159f76b\nremote: error: See https://gh.io/lfs for more information.\nremote: error: File SessionForge/Version1/venv/lib/python3.11/site-packages/playwright/driver/node is 115.87 MB; this exceeds GitHub's file size limit of 100.00 MB\nremote: error: GH001: Large files detected. You may want to try Git Large File Storage - https://git-lfs.github.com.\nTo https://github.com/deka1105/SimuLogin.git\n ! [remote rejected] HEAD -> main (pre-receive hook declined)\nerror: failed to push some refs to 'https://github.com/deka1105/SimuLogin.git' --END--
2026-05-01 06:02:28,SimuLogin,https://github.com/deka1105/SimuLogin.git,SessionForge/Version1/sessions/7603df1b.json,created,failed,remote: error: Trace: 5eaab9fa707c0c879325e0151122a889a7c301ba8b621e76fdcc332f7876289d\nremote: error: See https://gh.io/lfs for more information.\nremote: error: File SessionForge/Version1/venv/lib/python3.11/site-packages/playwright/driver/node is 115.87 MB; this exceeds GitHub's file size limit of 100.00 MB\nremote: error: GH001: Large files detected. You may want to try Git Large File Storage - https://git-lfs.github.com.\nTo https://github.com/deka1105/SimuLogin.git\n ! [remote rejected] HEAD -> main (pre-receive hook declined)\nerror: failed to push some refs to 'https://github.com/deka1105/SimuLogin.git' --END--
2026-05-01 06:02:54,SimuLogin,https://github.com/deka1105/SimuLogin.git,SessionForge/Version1/sessions/7603df1b.json,modified,failed,remote: error: Trace: a765f6d74604cd5d57aabd9212399820a9cb306d47f2dffe0a174737f2e3b69e\nremote: error: See https://gh.io/lfs for more information.\nremote: error: File SessionForge/Version1/venv/lib/python3.11/site-packages/playwright/driver/node is 115.87 MB; this exceeds GitHub's file size limit of 100.00 MB\nremote: error: GH001: Large files detected. You may want to try Git Large File Storage - https://git-lfs.github.com.\nTo https://github.com/deka1105/SimuLogin.git\n ! [remote rejected] HEAD -> main (pre-receive hook declined)\nerror: failed to push some refs to 'https://github.com/deka1105/SimuLogin.git' --END--
2026-05-01 06:03:29,SimuLogin,https://github.com/deka1105/SimuLogin.git,SessionForge/Version1/sessions/ecd383db.json,created,failed,remote: error: Trace: 2055642185fb8d3aa3695a66e6e6de7533861de9d0e19f3873ee8e7e7c63b831\nremote: error: See https://gh.io/lfs for more information.\nremote: error: File SessionForge/Version1/venv/lib/python3.11/site-packages/playwright/driver/node is 115.87 MB; this exceeds GitHub's file size limit of 100.00 MB\nremote: error: GH001: Large files detected. You may want to try Git Large File Storage - https://git-lfs.github.com.\nTo https://github.com/deka1105/SimuLogin.git\n ! [remote rejected] HEAD -> main (pre-receive hook declined)\nerror: failed to push some refs to 'https://github.com/deka1105/SimuLogin.git' --END--
2026-05-01 06:03:58,SimuLogin,https://github.com/deka1105/SimuLogin.git,SessionForge/Version1/sessions/ecd383db.json,modified,failed,remote: error: Trace: 426cbe47f4d01d6284f991d4c15af5a19f3f86cb68856f13268abf2c755529f1\nremote: error: See https://gh.io/lfs for more information.\nremote: error: File SessionForge/Version1/venv/lib/python3.11/site-packages/playwright/driver/node is 115.87 MB; this exceeds GitHub's file size limit of 100.00 MB\nremote: error: GH001: Large files detected. You may want to try Git Large File Storage - https://git-lfs.github.com.\nTo https://github.com/deka1105/SimuLogin.git\n ! [remote rejected] HEAD -> main (pre-receive hook declined)\nerror: failed to push some refs to 'https://github.com/deka1105/SimuLogin.git' --END--
2026-05-01 06:04:37,SimuLogin,https://github.com/deka1105/SimuLogin.git,SessionForge/Version1/sessions/0f64b0fe.json,created,failed,remote: error: Trace: f14f9d48c268c8e654ae564f029c70e29d2a7ef77c597b164704998cffb5e974\nremote: error: See https://gh.io/lfs for more information.\nremote: error: File SessionForge/Version1/venv/lib/python3.11/site-packages/playwright/driver/node is 115.87 MB; this exceeds GitHub's file size limit of 100.00 MB\nremote: error: GH001: Large files detected. You may want to try Git Large File Storage - https://git-lfs.github.com.\nTo https://github.com/deka1105/SimuLogin.git\n ! [remote rejected] HEAD -> main (pre-receive hook declined)\nerror: failed to push some refs to 'https://github.com/deka1105/SimuLogin.git' --END--
2026-05-01 06:05:02,SimuLogin,https://github.com/deka1105/SimuLogin.git,SessionForge/Version1/sessions/0f64b0fe.json,modified,failed,remote: error: Trace: 1ae09a241498397e7ff4db4fe3b69324238f57f7b225b7526785ef35e3b54c5c\nremote: error: See https://gh.io/lfs for more information.\nremote: error: File SessionForge/Version1/venv/lib/python3.11/site-packages/playwright/driver/node is 115.87 MB; this exceeds GitHub's file size limit of 100.00 MB\nremote: error: GH001: Large files detected. You may want to try Git Large File Storage - https://git-lfs.github.com.\nTo https://github.com/deka1105/SimuLogin.git\n ! [remote rejected] HEAD -> main (pre-receive hook declined)\nerror: failed to push some refs to 'https://github.com/deka1105/SimuLogin.git' --END--
2026-05-01 06:08:10,SimuLogin,https://github.com/deka1105/SimuLogin.git,SessionForge/Version1/sessions/c648c4d6.json,created,failed,rebase conflict unresolved: From https://github.com/deka1105/SimuLogin\n * branch            HEAD       -> FETCH_HEAD\nerror: cannot rebase: You have unstaged changes.\nerror: Please commit or stash them. --END--
2026-05-01 06:08:58,SimuLogin,https://github.com/deka1105/SimuLogin.git,SessionForge/Version1/sessions/c648c4d6.json,modified,failed,remote: error: Trace: e4e509593be8f630a7f3194abd3351ce2925b48f543deca91b4f0b6f48e4485f\nremote: error: See https://gh.io/lfs for more information.\nremote: error: File SessionForge/Version1/venv/lib/python3.11/site-packages/playwright/driver/node is 115.87 MB; this exceeds GitHub's file size limit of 100.00 MB\nremote: error: GH001: Large files detected. You may want to try Git Large File Storage - https://git-lfs.github.com.\nTo https://github.com/deka1105/SimuLogin.git\n ! [remote rejected] HEAD -> main (pre-receive hook declined)\nerror: failed to push some refs to 'https://github.com/deka1105/SimuLogin.git' --END--
2026-05-01 06:11:32,SimuLogin,https://github.com/deka1105/SimuLogin.git,SessionForge/Version1/sessions/c648c4d6.json,modified,failed,remote: error: Trace: f802b1a1d994269248feae9a7d9633fe1f8f86127d1218f2354af2b2030439da\nremote: error: See https://gh.io/lfs for more information.\nremote: error: File SessionForge/Version1/venv/lib/python3.11/site-packages/playwright/driver/node is 115.87 MB; this exceeds GitHub's file size limit of 100.00 MB\nremote: error: GH001: Large files detected. You may want to try Git Large File Storage - https://git-lfs.github.com.\nTo https://github.com/deka1105/SimuLogin.git\n ! [remote rejected] HEAD -> main (pre-receive hook declined)\nerror: failed to push some refs to 'https://github.com/deka1105/SimuLogin.git' --END--
2026-05-13 23:16:49,WarehouseFlow,https://github.com/deka1105/WarehouseFlow.git,"DS_Store, ublic/.DS_Store",startup-sync,success,"startup-sync: DS_Store, .DS_Store [2026-05-13 23:16:48] --END--"
2026-05-13 23:17:17,SimuLogin,https://github.com/deka1105/SimuLogin.git,essionForge/Version1/sessions/.DS_Store,startup-sync,failed,remote: error: Trace: ba32903d3c3c875cc4c6a5e249224525065612433648f2e94f9cd8e0cef51984\nremote: error: See https://gh.io/lfs for more information.\nremote: error: File SessionForge/Version1/venv/lib/python3.11/site-packages/playwright/driver/node is 115.87 MB; this exceeds GitHub's file size limit of 100.00 MB\nremote: error: GH001: Large files detected. You may want to try Git Large File Storage - https://git-lfs.github.com.\nTo https://github.com/deka1105/SimuLogin.git\n ! [remote rejected] HEAD -> main (pre-receive hook declined)\nerror: failed to push some refs to 'https://github.com/deka1105/SimuLogin.git' --END--
2026-05-13 23:18:56,SimuLogin,https://github.com/deka1105/SimuLogin.git,SessionForge/sessionforgefox13May.zip,created,failed,remote: error: Trace: 938224a614b0b719d4d920bb0fee9c0bacd25737fdcbda7825aee0a0a0a4c1ca\nremote: error: See https://gh.io/lfs for more information.\nremote: error: File SessionForge/Version1/venv/lib/python3.11/site-packages/playwright/driver/node is 115.87 MB; this exceeds GitHub's file size limit of 100.00 MB\nremote: error: GH001: Large files detected. You may want to try Git Large File Storage - https://git-lfs.github.com.\nTo https://github.com/deka1105/SimuLogin.git\n ! [remote rejected] HEAD -> main (pre-receive hook declined)\nerror: failed to push some refs to 'https://github.com/deka1105/SimuLogin.git' --END--
2026-05-14 15:50:12,GitHub AutoPush Analytics,https://github.com/deka1105/GitHub-AutoPush-Analytics.git,Previous Versions/auto_git_pushv8.py,created,success,auto-push: auto_git_pushv8.py [2026-05-14 15:50:10] --END--
2026-05-14 15:50:53,GitHub AutoPush Analytics,https://github.com/deka1105/GitHub-AutoPush-Analytics.git,auto_git_push.py,created,success,auto-push: auto_git_push.py [2026-05-14 15:50:51] --END--
2026-05-14 15:51:59,TestWatcher,https://github.com/deka1105/TestWatcher.git,.gitignore,startup-sync,success,startup-sync: .gitignore [2026-05-14 15:51:57] --END--
2026-05-14 15:52:01,MultistockDashboard,https://github.com/deka1105/MultistockDashboard.git,.gitignore,startup-sync,success,startup-sync: .gitignore [2026-05-14 15:52:00] --END--
2026-05-14 15:52:03,GitHub AutoPush Analytics,https://github.com/deka1105/GitHub-AutoPush-Analytics.git,.gitignore,startup-sync,success,startup-sync: .gitignore [2026-05-14 15:52:02] --END--
2026-05-14 15:52:06,WarehouseFlow,https://github.com/deka1105/WarehouseFlow.git,.gitignore,startup-sync,success,startup-sync: .gitignore [2026-05-14 15:52:04] --END--
2026-05-14 15:52:08,ImageFix,https://github.com/deka1105/Image-Fix.git,.gitignore,startup-sync,success,startup-sync: .gitignore [2026-05-14 15:52:07] --END--
2026-05-14 15:52:10,TrashMan,https://github.com/deka1105/TrashMan.git,.gitignore,startup-sync,success,startup-sync: .gitignore [2026-05-14 15:52:09] --END--
2026-05-14 15:52:12,ShadowController,https://github.com/deka1105/ShadowController.git,.gitignore,startup-sync,success,startup-sync: .gitignore [2026-05-14 15:52:11] --END--
2026-05-14 15:52:38,SimuLogin,https://github.com/deka1105/SimuLogin.git,.gitignore,startup-sync,failed,remote: error: Trace: 8cd9f434ad898b105f933ad838fb91f424ba5b6a38fb941cc4a632d593d17603\nremote: error: See https://gh.io/lfs for more information.\nremote: error: File SessionForge/Version1/venv/lib/python3.11/site-packages/playwright/driver/node is 115.87 MB; this exceeds GitHub's file size limit of 100.00 MB\nremote: error: GH001: Large files detected. You may want to try Git Large File Storage - https://git-lfs.github.com.\nTo https://github.com/deka1105/SimuLogin.git\n ! [remote rejected] HEAD -> main (pre-receive hook declined)\nerror: failed to push some refs to 'https://github.com/deka1105/SimuLogin.git' --END--
2026-05-14 15:52:40,CodeFlow,https://github.com/deka1105/CodeFlow.git,.gitignore,startup-sync,success,startup-sync: .gitignore [2026-05-14 15:52:39] --END--
2026-05-14 15:55:40,SimuLogin,https://github.com/deka1105/SimuLogin.git,SessionForge/favicon.png,created,failed,remote: error: Trace: ac66b1a434e22cb744765b428a0123eb60794a670099a9fb3941618a4461d3a5\nremote: error: See https://gh.io/lfs for more information.\nremote: error: File SessionForge/Version1/venv/lib/python3.11/site-packages/playwright/driver/node is 115.87 MB; this exceeds GitHub's file size limit of 100.00 MB\nremote: error: GH001: Large files detected. You may want to try Git Large File Storage - https://git-lfs.github.com.\nTo https://github.com/deka1105/SimuLogin.git\n ! [remote rejected] HEAD -> main (pre-receive hook declined)\nerror: failed to push some refs to 'https://github.com/deka1105/SimuLogin.git' --END--
2026-05-14 16:01:41,WarehouseFlow,https://github.com/deka1105/WarehouseFlow.git,favicon.png,created,success,auto-push: favicon.png [2026-05-14 16:01:38] --END--
2026-05-15 23:31:23,globeProducts,https://github.com/deka1105/globeProducts.git,.gitignore,startup-sync,success,startup-sync: .gitignore [2026-05-15 23:31:22] --END--
2026-05-15 23:34:47,globeProducts,https://github.com/deka1105/globeProducts.git,Editable/index.html,created,success,"auto-push: .DS_Store, index.html [2026-05-15 23:34:45] --END--"
2026-05-15 23:34:53,globeProducts,https://github.com/deka1105/globeProducts.git,Editable/portfolio-editor.html,created,success,auto-push: portfolio-editor.html [2026-05-15 23:34:51] --END--
2026-05-15 23:34:58,globeProducts,https://github.com/deka1105/globeProducts.git,Editable/globe-engine.js,created,success,auto-push: globe-engine.js [2026-05-15 23:34:57] --END--
2026-05-15 23:39:26,globeProducts,https://github.com/deka1105/globeProducts.git,index.html,modified,success,auto-push: index.html [2026-05-15 23:39:24] --END--
2026-05-15 23:41:11,globeProducts,https://github.com/deka1105/globeProducts.git,index.html,moved,success,auto-push: index03.html [2026-05-15 23:41:09] --END--
2026-05-15 23:41:17,globeProducts,https://github.com/deka1105/globeProducts.git,index.html,created,success,auto-push: index.html [2026-05-15 23:41:15] --END--
2026-05-15 23:41:56,globeProducts,https://github.com/deka1105/globeProducts.git,globe-engine.js,moved,success,auto-push: globe-enginev03.js [2026-05-15 23:41:54] --END--
2026-05-15 23:42:02,globeProducts,https://github.com/deka1105/globeProducts.git,globe-engine.js,created,success,auto-push: globe-engine.js [2026-05-15 23:42:01] --END--
2026-05-15 23:47:23,globeProducts,https://github.com/deka1105/globeProducts.git,Logo Options.html,created,success,auto-push: Logo Options.html [2026-05-15 23:47:21] --END--
2026-05-16 09:31:28,globeProducts,https://github.com/deka1105/globeProducts.git,Forge.html,created,success,auto-push: Forge.html [2026-05-16 09:31:26] --END--
2026-05-16 22:30:02,3DPrintMaket,https://github.com/deka1105/3DPrintMaket.git,.gitignore,startup-sync,success,startup-sync: .gitignore [2026-05-16 22:30:01] --END--
2026-05-16 22:30:34,3DPrintMaket,https://github.com/deka1105/3DPrintMaket.git,Forge.html,created,success,auto-push: Forge.html [2026-05-16 22:30:32] --END--
2026-05-16 22:30:35,globeProducts,https://github.com/deka1105/globeProducts.git,Forge.html,deleted,success,auto-push: Forge.html [2026-05-16 22:30:34] --END--
2026-05-16 22:31:26,globeProducts,https://github.com/deka1105/globeProducts.git,index.html,modified,success,auto-push: index copy.html [2026-05-16 22:31:24] --END--
2026-05-16 22:31:34,globeProducts,https://github.com/deka1105/globeProducts.git,index copy.html,moved,success,auto-push: indexv04.html [2026-05-16 22:31:32] --END--
2026-05-16 22:31:54,globeProducts,https://github.com/deka1105/globeProducts.git,index.html,deleted,success,auto-push: index.html [2026-05-16 22:31:52] --END--
2026-05-17 05:27:29,HomeCook,https://github.com/deka1105/HomeCook.git,"DS_Store, .gitignore, EADME.md, Trash/.DS_Store",startup-sync,success,"startup-sync: DS_Store, .gitignore, EADME.md, .DS_Store [2026-05-17 05:27:28] --END--"
2026-05-17 05:45:50,globeProducts,https://github.com/deka1105/globeProducts.git,.claude/skills/ui-ux-pro-max/SKILL.md,created,success,auto-push: 28 files changed [2026-05-17 05:45:48] --END--
2026-05-17 16:33:17,globeProducts,https://github.com/deka1105/globeProducts.git,"DS_Store, brand/",startup-sync,success,"startup-sync: DS_Store, brand [2026-05-17 16:33:16] --END--"
2026-05-17 16:33:35,globeProducts,https://github.com/deka1105/globeProducts.git,favicon.png,created,success,"auto-push: favicon.png, logo-dark.png, logo-light.png [2026-05-17 16:33:34] --END--"
2026-05-17 16:35:31,globeProducts,https://github.com/deka1105/globeProducts.git,index.html.tmp.8422.1779050129464,created,success,auto-push: index.html [2026-05-17 16:35:29] --END--
2026-05-17 16:37:02,globeProducts,https://github.com/deka1105/globeProducts.git,index.html.tmp.8422.1779050220815,created,success,auto-push: index.html [2026-05-17 16:37:00] --END--
2026-05-17 16:37:32,globeProducts,https://github.com/deka1105/globeProducts.git,index.html.tmp.8422.1779050250905,created,success,auto-push: index.html [2026-05-17 16:37:30] --END--
2026-05-17 16:37:38,globeProducts,https://github.com/deka1105/globeProducts.git,index.html.tmp.8422.1779050256813,created,success,auto-push: index.html [2026-05-17 16:37:36] --END--
2026-05-17 16:37:49,globeProducts,https://github.com/deka1105/globeProducts.git,index.html,modified,failed,rebase conflict unresolved: From https://github.com/deka1105/globeProducts\n * branch            HEAD       -> FETCH_HEAD\nerror: cannot rebase: You have unstaged changes.\nerror: Please commit or stash them. --END--
2026-05-17 16:37:59,globeProducts,https://github.com/deka1105/globeProducts.git,index.html.tmp.8422.1779050277654,created,success,auto-push: index.html [2026-05-17 16:37:57] --END--
2026-05-17 16:49:11,globeProducts,https://github.com/deka1105/globeProducts.git,brand/brandv02/logo-monogram.png,created,success,auto-push: 7 files changed [2026-05-17 16:49:09] --END--
2026-05-17 16:49:32,globeProducts,https://github.com/deka1105/globeProducts.git,brand/brandv01/logo-monogram.png,created,success,auto-push: 7 files changed [2026-05-17 16:49:30] --END--
2026-05-17 16:49:46,globeProducts,https://github.com/deka1105/globeProducts.git,brand/brandv01/favicon.png,created,success,"auto-push: favicon.png, logo-dark.png [2026-05-17 16:49:44] --END--"
2026-05-17 16:50:07,globeProducts,https://github.com/deka1105/globeProducts.git,brand/favicon.png,deleted,success,auto-push: 9 files changed [2026-05-17 16:50:05] --END--
2026-05-17 16:51:30,globeProducts,https://github.com/deka1105/globeProducts.git,brand/brandv03/logo-monogram.png,created,success,auto-push: 8 files changed [2026-05-17 16:51:28] --END--
2026-05-17 16:51:52,globeProducts,https://github.com/deka1105/globeProducts.git,brand/brandv03/logo-monogram.png,moved,success,auto-push: favicon.png [2026-05-17 16:51:51] --END--
2026-05-17 16:52:09,globeProducts,https://github.com/deka1105/globeProducts.git,brand/brandv03/logo-bracketed-on-dark.png,moved,success,auto-push: logo-dark.png [2026-05-17 16:52:07] --END--
2026-05-17 16:52:16,globeProducts,https://github.com/deka1105/globeProducts.git,brand/brandv03/logo-bracketed-on-light.png,moved,success,auto-push: logo-light.png [2026-05-17 16:52:14] --END--
2026-05-17 16:52:26,globeProducts,https://github.com/deka1105/globeProducts.git,logo-light.png,deleted,success,"auto-push: logo-dark.png, logo-light.png [2026-05-17 16:52:24] --END--"
2026-05-17 17:03:13,globeProducts,https://github.com/deka1105/globeProducts.git,index.html.tmp.8422.1779051791663,created,success,auto-push: index.html [2026-05-17 17:03:11] --END--
2026-05-17 17:03:20,globeProducts,https://github.com/deka1105/globeProducts.git,index.html.tmp.8422.1779051798469,created,success,auto-push: index.html [2026-05-17 17:03:18] --END--
2026-05-17 17:06:53,globeProducts,https://github.com/deka1105/globeProducts.git,index.html.tmp.8422.1779052011321,created,success,auto-push: index.html [2026-05-17 17:06:51] --END--
2026-05-17 17:06:59,globeProducts,https://github.com/deka1105/globeProducts.git,index.html.tmp.8422.1779052017449,created,success,auto-push: index.html [2026-05-17 17:06:57] --END--
2026-05-17 17:12:11,globeProducts,https://github.com/deka1105/globeProducts.git,Shubham A. D. — Builder.png,created,success,"auto-push: ""Shubham A. D. \342\200\224 Builder.png"" [2026-05-17 17:12:09] --END--"
2026-05-17 17:12:18,globeProducts,https://github.com/deka1105/globeProducts.git,Shubham A. D. — Builder.png,moved,success,auto-push: issue.png [2026-05-17 17:12:16] --END--
2026-05-17 17:14:38,globeProducts,https://github.com/deka1105/globeProducts.git,index.html.tmp.8422.1779052476453,created,success,auto-push: index.html [2026-05-17 17:14:36] --END--
2026-05-17 17:14:47,globeProducts,https://github.com/deka1105/globeProducts.git,index.html.tmp.8422.1779052485094,created,success,auto-push: index.html [2026-05-17 17:14:45] --END--
2026-05-17 17:15:00,globeProducts,https://github.com/deka1105/globeProducts.git,index.html.tmp.8422.1779052498591,created,success,auto-push: index.html [2026-05-17 17:14:58] --END--
2026-05-17 17:15:12,globeProducts,https://github.com/deka1105/globeProducts.git,index.html.tmp.8422.1779052510794,created,success,auto-push: index.html [2026-05-17 17:15:10] --END--
2026-05-17 17:15:24,globeProducts,https://github.com/deka1105/globeProducts.git,index.html.tmp.8422.1779052522740,created,success,auto-push: index.html [2026-05-17 17:15:22] --END--
2026-05-17 17:25:10,globeProducts,https://github.com/deka1105/globeProducts.git,index.html,modified,success,auto-push: index.html [2026-05-17 17:25:08] --END--
2026-05-17 17:26:04,HomeCook,https://github.com/deka1105/HomeCook.git,app_dev_plan_complete.md,created,success,auto-push: app_dev_plan_complete.md [2026-05-17 17:26:02] --END--
2026-05-17 17:30:28,globeProducts,https://github.com/deka1105/globeProducts.git,index.html.tmp.8422.1779053426304,created,success,auto-push: index.html [2026-05-17 17:30:26] --END--
2026-05-17 17:30:35,globeProducts,https://github.com/deka1105/globeProducts.git,index.html.tmp.8422.1779053434058,created,success,auto-push: index.html [2026-05-17 17:30:34] --END--
2026-05-17 17:30:46,globeProducts,https://github.com/deka1105/globeProducts.git,index.html.tmp.8422.1779053443962,created,success,auto-push: index.html [2026-05-17 17:30:44] --END--
2026-05-17 17:55:47,MultistockDashboard,https://github.com/deka1105/MultistockDashboard.git,backend/celerybeat-schedule,created,success,auto-push: celerybeat-schedule [2026-05-17 17:55:45] --END--
2026-05-17 17:56:32,MultistockDashboard,https://github.com/deka1105/MultistockDashboard.git,frontend/package-lock.json,created,success,auto-push: package-lock.json [2026-05-17 17:56:30] --END--
2026-05-17 17:57:51,MultistockDashboard,https://github.com/deka1105/MultistockDashboard.git,backend/celerybeat-schedule,modified,success,auto-push: celerybeat-schedule [2026-05-17 17:57:49] --END--
2026-05-17 18:02:51,globeProducts,https://github.com/deka1105/globeProducts.git,portfolio-updater.html.tmp.8422.1779055369400,created,success,auto-push: portfolio-updater.html [2026-05-17 18:02:49] --END--
2026-05-17 18:02:57,globeProducts,https://github.com/deka1105/globeProducts.git,portfolio-updater.html.tmp.8422.1779055376185,created,success,auto-push: portfolio-updater.html [2026-05-17 18:02:56] --END--
2026-05-17 18:28:25,MultistockDashboard,https://github.com/deka1105/MultistockDashboard.git,.claude/settings.json.tmp.15004.1779056904318,created,success,auto-push: settings.json [2026-05-17 18:28:24] --END--
2026-05-17 18:31:30,MultistockDashboard,https://github.com/deka1105/MultistockDashboard.git,CLAUDE.md.tmp.15004.1779057088931,created,success,auto-push: CLAUDE.md [2026-05-17 18:31:29] --END--
2026-05-17 18:33:03,MultistockDashboard,https://github.com/deka1105/MultistockDashboard.git,render.yaml.tmp.15004.1779057181562,created,success,auto-push: render.yaml [2026-05-17 18:33:01] --END--
2026-05-17 18:33:30,MultistockDashboard,https://github.com/deka1105/MultistockDashboard.git,render.yaml.tmp.15004.1779057208189,created,success,auto-push: render.yaml [2026-05-17 18:33:28] --END--
2026-05-17 18:33:35,MultistockDashboard,https://github.com/deka1105/MultistockDashboard.git,render.yaml.tmp.15004.1779057213556,created,success,auto-push: render.yaml [2026-05-17 18:33:33] --END--
2026-05-17 18:36:23,MultistockDashboard,https://github.com/deka1105/MultistockDashboard.git,render.yaml.tmp.15004.1779057381683,created,success,auto-push: render.yaml [2026-05-17 18:36:21] --END--
2026-05-17 18:36:32,MultistockDashboard,https://github.com/deka1105/MultistockDashboard.git,render.yaml.tmp.15004.1779057390712,created,success,auto-push: render.yaml [2026-05-17 18:36:30] --END--
2026-05-17 18:36:42,MultistockDashboard,https://github.com/deka1105/MultistockDashboard.git,render.yaml.tmp.15004.1779057401289,created,success,auto-push: render.yaml [2026-05-17 18:36:41] --END--
2026-05-17 18:36:48,MultistockDashboard,https://github.com/deka1105/MultistockDashboard.git,render.yaml.tmp.15004.1779057406455,created,success,auto-push: render.yaml [2026-05-17 18:36:46] --END--
2026-05-17 18:40:11,MultistockDashboard,https://github.com/deka1105/MultistockDashboard.git,render.yaml.tmp.15004.1779057609726,created,success,auto-push: render.yaml [2026-05-17 18:40:10] --END--
2026-05-17 18:46:16,MultistockDashboard,https://github.com/deka1105/MultistockDashboard.git,requirements.txt,created,success,auto-push: requirements.txt [2026-05-17 18:46:14] --END--
2026-05-17 18:50:53,MultistockDashboard,https://github.com/deka1105/MultistockDashboard.git,backend/entrypoint.sh,modified,success,auto-push: entrypoint.sh [2026-05-17 18:50:51] --END--
2026-05-17 19:17:03,MultistockDashboard,https://github.com/deka1105/MultistockDashboard.git,backend/entrypoint.sh,deleted,success,auto-push: entrypoint.sh [2026-05-17 19:17:02] --END--
2026-05-17 19:17:14,MultistockDashboard,https://github.com/deka1105/MultistockDashboard.git,backend/entrypoint.sh,created,success,"auto-push: .DS_Store, entrypoint.sh [2026-05-17 19:17:12] --END--"
2026-06-09 22:11:55,3DPrintMaket,https://github.com/deka1105/3DPrintMaket.git,"DS_Store, .claude/, claude/, pitch_deck_ideas.html, platform_update_v1_1.html",startup-sync,success,"startup-sync: DS_Store, .claude, claude, pitch_deck_ideas.html, platform_update_v1_1.html [2026-06-09 22:11:54] --END--"
2026-06-09 22:11:57,HomeCook,https://github.com/deka1105/HomeCook.git,"""My Verizon | $500 off select Samsung products, on us..pdf""",startup-sync,success,"startup-sync: ""My Verizon | $500 off select Samsung products, on us..pdf"" [2026-06-09 22:11:56] --END--"
2026-06-09 22:18:12,HabitFarmer,https://github.com/deka1105/HabitFarmer.git,"DS_Store, .gitignore, esign_handoff_habitfarmer-25May/.DS_Store, design_handoff_habitfarmer-25May/design/Window Customizations.html"", OS_App_v1/HabitFarmer",startup-sync,success,startup-sync: 11 offline changes [2026-06-09 22:18:11] --END--
2026-06-09 22:18:13,ClaudeCertificates,https://github.com/deka1105/ClaudeCertificates.git,.gitignore,startup-sync,success,startup-sync: .gitignore [2026-06-09 22:18:12] --END--
2026-06-09 22:18:44,ClaudeCertificates,https://github.com/deka1105/ClaudeCertificates.git,certificate-sij2emjtx687-1780860284.pdf,created,success,auto-push: certificate-sij2emjtx687-1780860284.pdf [2026-06-09 22:18:42] --END--
2026-06-09 22:22:46,ClaudeCertificates,https://github.com/deka1105/ClaudeCertificates.git,certificate-u6nywd24q2m5-1780869240.pdf,created,success,auto-push: certificate-u6nywd24q2m5-1780869240.pdf [2026-06-09 22:22:44] --END--
2026-06-09 22:23:12,ClaudeCertificates,https://github.com/deka1105/ClaudeCertificates.git,certificate-umwbvwz29ya8-1779708831.pdf,created,success,auto-push: certificate-umwbvwz29ya8-1779708831.pdf [2026-06-09 22:23:11] --END--
2026-06-09 22:26:14,ClaudeCertificates,https://github.com/deka1105/ClaudeCertificates.git,certificate-nvz8ckeoe2ud-1779709170.pdf,created,success,"auto-push: certificate-ixybtayybrjw-1779746239.pdf, certificate-nvz8ckeoe2ud-1779709170.pdf [2026-06-09 22:26:12] --END--"
2026-06-09 22:26:19,ClaudeCertificates,https://github.com/deka1105/ClaudeCertificates.git,certificate-24fmktb7ex7x-1779745993.pdf,created,success,auto-push: certificate-24fmktb7ex7x-1779745993.pdf [2026-06-09 22:26:18] --END--
2026-06-09 22:36:03,ClaudeCertificates,https://github.com/deka1105/ClaudeCertificates.git,certificate-phesiogsvpv9-1779745738.pdf,created,success,auto-push: certificate-phesiogsvpv9-1779745738.pdf [2026-06-09 22:36:01] --END--
2026-06-09 22:36:14,ClaudeCertificates,https://github.com/deka1105/ClaudeCertificates.git,certificate-pxibd4gnd335-1779746503.pdf,created,success,auto-push: certificate-pxibd4gnd335-1779746503.pdf [2026-06-09 22:36:12] --END--
2026-06-09 22:42:48,ClaudeCertificates,https://github.com/deka1105/ClaudeCertificates.git,certificate-4zgm6v9v5qky-1779745222.pdf,created,success,auto-push: certificate-4zgm6v9v5qky-1779745222.pdf [2026-06-09 22:42:47] --END--
2026-06-09 22:43:32,ClaudeCertificates,https://github.com/deka1105/ClaudeCertificates.git,certificate-pz4do4cyhrp7-1779745767.pdf,created,success,auto-push: certificate-pz4do4cyhrp7-1779745767.pdf [2026-06-09 22:43:30] --END--
2026-06-09 22:48:39,ClaudeCertificates,https://github.com/deka1105/ClaudeCertificates.git,certificate-5i3vo6kd9734-1779745647.pdf,created,success,auto-push: certificate-5i3vo6kd9734-1779745647.pdf [2026-06-09 22:48:38] --END--
2026-06-09 22:49:35,ClaudeCertificates,https://github.com/deka1105/ClaudeCertificates.git,certificate-2au9goy76bxi-1779743376.pdf,created,success,auto-push: certificate-2au9goy76bxi-1779743376.pdf [2026-06-09 22:49:34] --END--
2026-06-09 22:52:53,ClaudeCertificates,https://github.com/deka1105/ClaudeCertificates.git,certificate-ci4oicfhdzum-1779743104.pdf,created,success,auto-push: certificate-ci4oicfhdzum-1779743104.pdf [2026-06-09 22:52:52] --END--
2026-06-09 22:53:09,ClaudeCertificates,https://github.com/deka1105/ClaudeCertificates.git,certificate-rezvxz2s4z8v-1779745429.pdf,created,success,auto-push: certificate-rezvxz2s4z8v-1779745429.pdf [2026-06-09 22:53:07] --END--
2026-06-09 22:57:18,ClaudeCertificates,https://github.com/deka1105/ClaudeCertificates.git,certificate-d63p3uwij4d2-1779743742.pdf,created,success,auto-push: certificate-d63p3uwij4d2-1779743742.pdf [2026-06-09 22:57:17] --END--
2026-06-10 08:17:56,HabitFarmer,https://github.com/deka1105/HabitFarmer.git,iOS_App_v2/HabitFarmer/HabitFarmer/Screens/BanyanView.swift.tmp.46422.02f8323286fd,created,error,git commit failed: --END--
2026-06-10 08:18:06,HabitFarmer,https://github.com/deka1105/HabitFarmer.git,iOS_App_v2/HabitFarmer/HabitFarmer/Screens/BanyanView.swift.tmp.46422.9450da4ad055,created,error,git commit failed: --END--
2026-06-10 08:18:24,HabitFarmer,https://github.com/deka1105/HabitFarmer.git,habitfarmer-web/app/page.tsx.tmp.46422.225488ccbaec,created,success,auto-push: page.tsx [2026-06-10 08:18:22] --END--
2026-06-10 08:18:28,HabitFarmer,https://github.com/deka1105/HabitFarmer.git,iOS_App_v2/HabitFarmer/HabitFarmer/Plants/Forms/DrawingPrimitives.swift.tmp.46422.4c26ff60f5d3,created,error,git commit failed: --END--
2026-06-10 08:18:47,HabitFarmer,https://github.com/deka1105/HabitFarmer.git,iOS_App_v2/HabitFarmer/HabitFarmer/Screens/Shell/FriendsView.swift.tmp.46422.df57f2372642,created,success,auto-push: page.tsx [2026-06-10 08:18:46] --END--
2026-06-10 08:18:51,HabitFarmer,https://github.com/deka1105/HabitFarmer.git,iOS_App_v2/HabitFarmer/HabitFarmer/Plants/Forms/DrawingPrimitives.swift.tmp.46422.aa66791ccee5,created,error,git commit failed: --END--
2026-06-10 08:18:59,HabitFarmer,https://github.com/deka1105/HabitFarmer.git,habitfarmer-web/components/DashboardNav.tsx.tmp.46422.6ba43068d866,created,success,auto-push: DashboardNav.tsx [2026-06-10 08:18:58] --END--
2026-06-10 08:19:24,HabitFarmer,https://github.com/deka1105/HabitFarmer.git,habitfarmer-web/components/FarmGrid.tsx.tmp.46422.d7f269292756,created,success,auto-push: FarmGrid.tsx [2026-06-10 08:19:22] --END--
2026-06-10 08:19:43,HabitFarmer,https://github.com/deka1105/HabitFarmer.git,habitfarmer-web/components/TodayChecklist.tsx.tmp.46422.d85e9994b023,created,success,auto-push: TodayChecklist.tsx [2026-06-10 08:19:42] --END--
2026-06-10 08:20:02,HabitFarmer,https://github.com/deka1105/HabitFarmer.git,habitfarmer-web/components/StatsChart.tsx.tmp.46422.56dc27da6600,created,success,auto-push: StatsChart.tsx [2026-06-10 08:20:00] --END--
2026-06-10 08:20:21,HabitFarmer,https://github.com/deka1105/HabitFarmer.git,habitfarmer-web/app/dashboard/page.tsx.tmp.46422.77f32c09cb51,created,success,"auto-push: layout.tsx, page.tsx [2026-06-10 08:20:19] --END--"
2026-06-10 08:20:33,HabitFarmer,https://github.com/deka1105/HabitFarmer.git,iOS_App_v2/HabitFarmer/HabitFarmer/Plants/Forms/DrawingPrimitives.swift.tmp.46422.d27320a6edc5,created,error,git commit failed: --END--
2026-06-10 08:20:48,HabitFarmer,https://github.com/deka1105/HabitFarmer.git,habitfarmer-web/app/dashboard/stats/page.tsx.tmp.46422.c81826841652,created,success,"auto-push: page.tsx, page.tsx [2026-06-10 08:20:46] --END--"
2026-06-10 08:20:54,HabitFarmer,https://github.com/deka1105/HabitFarmer.git,habitfarmer-web/app/dashboard/settings/page.tsx.tmp.46422.a06f11dc8a40,created,success,auto-push: page.tsx [2026-06-10 08:20:53] --END--
2026-06-10 08:21:02,HabitFarmer,https://github.com/deka1105/HabitFarmer.git,iOS_App_v2/HabitFarmer/HabitFarmer/Plants/Forms/DrawingPrimitives.swift.tmp.46422.5d43722c1122,created,error,git commit failed: --END--
2026-06-10 08:21:16,HabitFarmer,https://github.com/deka1105/HabitFarmer.git,habitfarmer-web/components/SettingsForm.tsx.tmp.46422.b4dc9bb19652,created,success,auto-push: SettingsForm.tsx [2026-06-10 08:21:14] --END--
2026-06-10 08:21:22,HabitFarmer,https://github.com/deka1105/HabitFarmer.git,habitfarmer-web/.next/lock,created,error,git commit failed: --END--
2026-06-10 08:21:28,HabitFarmer,https://github.com/deka1105/HabitFarmer.git,habitfarmer-web/.next/cache/.tsbuildinfo,modified,error,git commit failed: --END--
2026-06-10 08:22:22,HabitFarmer,https://github.com/deka1105/HabitFarmer.git,habitfarmer-web/.next/lock,created,error,git commit failed: --END--
2026-06-10 08:22:28,HabitFarmer,https://github.com/deka1105/HabitFarmer.git,habitfarmer-web/.next/required-server-files.json,created,error,git commit failed: --END--
2026-06-10 13:14:51,HabitFarmer,https://github.com/deka1105/HabitFarmer.git,certificate-umwbvwz29ya8-1779708831.pdf,created,success,auto-push: certificate-umwbvwz29ya8-1779708831.pdf [2026-06-10 13:14:49] --END--
2026-06-10 13:15:13,HabitFarmer,https://github.com/deka1105/HabitFarmer.git,certificate-umwbvwz29ya8-1779708831.pdf,deleted,success,auto-push: certificate-umwbvwz29ya8-1779708831.pdf [2026-06-10 13:15:11] --END--
2026-06-10 13:33:24,HabitFarmer,https://github.com/deka1105/HabitFarmer.git,.claude/settings.local.json.tmp.46422.a85ef5d77fd9,created,error,git commit failed: --END--
2026-06-11 12:50:25,3DPrintMaket,https://github.com/deka1105/3DPrintMaket.git,plt_Phase2Verified/node_modules/.pnpm/@capacitor+push-notifications@8.1.1_@capacitor+core@8.4.0/node_modules/@capacitor/core,created,failed,rebase conflict unresolved: From https://github.com/deka1105/3DPrintMaket\n * branch            HEAD       -> FETCH_HEAD\nerror: cannot rebase: You have unstaged changes.\nerror: Please commit or stash them. --END--
2026-06-11 12:50:35,3DPrintMaket,https://github.com/deka1105/3DPrintMaket.git,plt_Phase2Verified/apps/web/capacitor.config.ts.tmp.78328.43e39674c2a2,created,failed,rebase conflict unresolved: error: cannot pull with rebase: You have unstaged changes.\nerror: Please commit or stash them. --END--
2026-06-11 12:50:49,3DPrintMaket,https://github.com/deka1105/3DPrintMaket.git,plt_Phase2Verified/packages/db/prisma/schema.prisma.tmp.78328.7089c06df137,created,success,"auto-push: index.html, schema.prisma [2026-06-11 12:50:46] --END--"
2026-06-11 12:50:56,3DPrintMaket,https://github.com/deka1105/3DPrintMaket.git,plt_Phase2Verified/_tmp_80913_bf0f66de00462d116307da4161701fca,created,failed,rebase conflict unresolved: From https://github.com/deka1105/3DPrintMaket\n * branch            HEAD       -> FETCH_HEAD\nerror: cannot rebase: You have unstaged changes.\nerror: Please commit or stash them. --END--
2026-06-11 12:51:06,3DPrintMaket,https://github.com/deka1105/3DPrintMaket.git,plt_Phase2Verified/node_modules/.pnpm/@capacitor+ios@8.4.0_@capacitor+core@8.4.0/node_modules/@capacitor/core,created,success,auto-push: schema.prisma [2026-06-11 12:51:04] --END--
2026-06-11 12:51:11,3DPrintMaket,https://github.com/deka1105/3DPrintMaket.git,plt_Phase2Verified/packages/db/prisma/schema.prisma.tmp.78328.d8bc0d6e9d89,created,success,"auto-push: package.json, schema.prisma, pnpm-lock.yaml [2026-06-11 12:51:09] --END--"
2026-06-11 12:51:19,3DPrintMaket,https://github.com/deka1105/3DPrintMaket.git,plt_Phase2Verified/packages/db/prisma/schema.prisma.tmp.78328.b3028026405f,created,success,auto-push: 20 files changed [2026-06-11 12:51:16] --END--
2026-06-11 12:51:26,3DPrintMaket,https://github.com/deka1105/3DPrintMaket.git,plt_Phase2Verified/packages/db/prisma/schema.prisma.tmp.78328.b88402814831,created,success,auto-push: 54 files changed [2026-06-11 12:51:23] --END--
2026-06-11 12:51:37,3DPrintMaket,https://github.com/deka1105/3DPrintMaket.git,plt_Phase2Verified/apps/web/ios/App/App/Info.plist.tmp.78328.c514f514f051,created,success,"auto-push: AndroidManifest.xml, Info.plist [2026-06-11 12:51:35] --END--"
2026-06-11 12:51:43,3DPrintMaket,https://github.com/deka1105/3DPrintMaket.git,plt_Phase2Verified/apps/web/android/app/src/main/AndroidManifest.xml.tmp.78328.ba784d2dec29,created,success,auto-push: AndroidManifest.xml [2026-06-11 12:51:41] --END--
2026-06-11 12:51:55,3DPrintMaket,https://github.com/deka1105/3DPrintMaket.git,plt_Phase2Verified/apps/web/scripts/cap-sync.sh.tmp.78328.af7ef282e383,created,success,auto-push: cap-sync.sh [2026-06-11 12:51:53] --END--
2026-06-11 12:52:05,3DPrintMaket,https://github.com/deka1105/3DPrintMaket.git,plt_Phase2Verified/apps/web/package.json.tmp.78328.cfca8f1966e0,created,success,auto-push: package.json [2026-06-11 12:52:03] --END--
2026-06-11 12:52:15,3DPrintMaket,https://github.com/deka1105/3DPrintMaket.git,plt_Phase2Verified/packages/db/prisma/schema.prisma.tmp.78328.924ab167e440,created,success,auto-push: schema.prisma [2026-06-11 12:52:14] --END--
2026-06-11 12:52:23,3DPrintMaket,https://github.com/deka1105/3DPrintMaket.git,plt_Phase2Verified/packages/db/.env.tmp.78328.57b9108bd218,created,success,auto-push: .env [2026-06-11 12:52:21] --END--
2026-06-11 12:52:35,3DPrintMaket,https://github.com/deka1105/3DPrintMaket.git,plt_Phase2Verified/apps/web/.env.local.tmp.78328.54d336885a8e,created,success,auto-push: .env.local [2026-06-11 12:52:34] --END--
2026-06-11 12:52:42,3DPrintMaket,https://github.com/deka1105/3DPrintMaket.git,plt_Phase2Verified/node_modules/.pnpm/prisma@5.22.0/node_modules/prisma/libquery_engine-darwin.dylib.node,created,success,auto-push: native.ts [2026-06-11 12:52:40] --END--
2026-06-11 12:52:49,3DPrintMaket,https://github.com/deka1105/3DPrintMaket.git,plt_Phase2Verified/packages/db/prisma/dev.db,created,success,"auto-push: App.entitlements, dev.db, dev.db-journal [2026-06-11 12:52:47] --END--"
2026-06-11 12:53:07,3DPrintMaket,https://github.com/deka1105/3DPrintMaket.git,plt_Phase2Verified/apps/web/ios/App/App/public/cordova.js,deleted,success,"auto-push: dev.db, dev.db-journal [2026-06-11 12:53:06] --END--"
2026-06-11 12:53:20,3DPrintMaket,https://github.com/deka1105/3DPrintMaket.git,plt_Phase2Verified/apps/web/.gitignore.tmp.78328.e45c0ea4c5a6,created,success,auto-push: .gitignore [2026-06-11 12:53:18] --END--
2026-06-11 12:55:10,3DPrintMaket,https://github.com/deka1105/3DPrintMaket.git,plt_Phase2Verified/packages/db/src/seed.ts.tmp.78328.24bd4858b8e1,created,success,auto-push: seed.ts [2026-06-11 12:55:08] --END--
2026-06-11 12:55:31,3DPrintMaket,https://github.com/deka1105/3DPrintMaket.git,plt_Phase2Verified/packages/db/.env.tmp.78328.7724c507b9de,created,success,auto-push: .env [2026-06-11 12:55:29] --END--
2026-06-11 12:55:49,3DPrintMaket,https://github.com/deka1105/3DPrintMaket.git,plt_Phase2Verified/packages/db/.env.tmp.78328.48e00bd873a6,created,success,auto-push: .env [2026-06-11 12:55:47] --END--
2026-06-11 12:55:57,3DPrintMaket,https://github.com/deka1105/3DPrintMaket.git,plt_Phase2Verified/apps/web/package.json.tmp.78328.8baaaefe7246,created,success,auto-push: package.json [2026-06-11 12:55:55] --END--
2026-06-11 12:56:08,3DPrintMaket,https://github.com/deka1105/3DPrintMaket.git,plt_Phase2Verified/apps/web/src/lib/server/db.ts.tmp.78328.2367106090bd,created,success,auto-push: db.ts [2026-06-11 12:56:06] --END--
2026-06-11 12:56:17,3DPrintMaket,https://github.com/deka1105/3DPrintMaket.git,plt_Phase2Verified/apps/web/src/lib/server/auth.ts.tmp.78328.7653e6f7e5b5,created,success,"auto-push: auth.ts, stripe.ts [2026-06-11 12:56:16] --END--"
2026-06-11 12:56:31,3DPrintMaket,https://github.com/deka1105/3DPrintMaket.git,plt_Phase2Verified/apps/web/src/lib/server/printmatch.ts.tmp.78328.3e95f4f332a4,created,success,auto-push: printmatch.ts [2026-06-11 12:56:29] --END--
2026-06-11 12:56:41,3DPrintMaket,https://github.com/deka1105/3DPrintMaket.git,plt_Phase2Verified/apps/web/src/app/api/designs/route.ts.tmp.78328.2e40a17286a6,created,success,auto-push: route.ts [2026-06-11 12:56:40] --END--
2026-06-11 12:56:47,3DPrintMaket,https://github.com/deka1105/3DPrintMaket.git,plt_Phase2Verified/apps/web/src/app/api/designs/[slug]/route.ts.tmp.78328.7793d8b9ae63,created,success,auto-push: route.ts [2026-06-11 12:56:46] --END--
2026-06-11 12:56:56,3DPrintMaket,https://github.com/deka1105/3DPrintMaket.git,plt_Phase2Verified/apps/web/src/app/api/designs/search/route.ts.tmp.78328.d2f383c183a6,created,success,auto-push: route.ts [2026-06-11 12:56:55] --END--
2026-06-11 12:57:08,3DPrintMaket,https://github.com/deka1105/3DPrintMaket.git,plt_Phase2Verified/apps/web/src/app/api/designs/collections/[slug]/route.ts.tmp.78328.de1b1a505d98,created,success,"auto-push: route.ts, route.ts [2026-06-11 12:57:07] --END--"
2026-06-11 12:57:46,3DPrintMaket,https://github.com/deka1105/3DPrintMaket.git,plt_Phase2Verified/apps/web/src/app/api/orders/route.ts.tmp.78328.40c63dc6a37f,created,success,auto-push: route.ts [2026-06-11 12:57:44] --END--
2026-06-11 12:57:57,3DPrintMaket,https://github.com/deka1105/3DPrintMaket.git,plt_Phase2Verified/apps/web/src/app/api/orders/[id]/route.ts.tmp.78328.12824fa8cde8,created,success,auto-push: route.ts [2026-06-11 12:57:55] --END--
2026-06-11 12:58:11,3DPrintMaket,https://github.com/deka1105/3DPrintMaket.git,plt_Phase2Verified/apps/web/src/app/api/orders/[id]/approve/route.ts.tmp.78328.0f83eb7c1385,created,success,auto-push: route.ts [2026-06-11 12:58:09] --END--
2026-06-11 12:58:24,3DPrintMaket,https://github.com/deka1105/3DPrintMaket.git,plt_Phase2Verified/apps/web/src/app/api/orders/[id]/photos/route.ts.tmp.78328.4836d7cb2b11,created,success,auto-push: route.ts [2026-06-11 12:58:22] --END--
2026-06-11 12:58:35,3DPrintMaket,https://github.com/deka1105/3DPrintMaket.git,plt_Phase2Verified/apps/web/src/app/api/users/me/route.ts.tmp.78328.650b7f33b86e,created,success,auto-push: route.ts [2026-06-11 12:58:33] --END--
2026-06-11 12:58:48,3DPrintMaket,https://github.com/deka1105/3DPrintMaket.git,plt_Phase2Verified/apps/web/src/app/api/webhooks/stripe/route.ts.tmp.78328.b66f612e6668,created,success,auto-push: route.ts [2026-06-11 12:58:47] --END--
2026-06-11 12:59:04,3DPrintMaket,https://github.com/deka1105/3DPrintMaket.git,plt_Phase2Verified/apps/web/src/app/api/webhooks/clerk/route.ts.tmp.78328.d63a2af316a0,created,success,auto-push: route.ts [2026-06-11 12:59:02] --END--
2026-06-11 12:59:15,3DPrintMaket,https://github.com/deka1105/3DPrintMaket.git,plt_Phase2Verified/apps/web/src/app/api/notifications/route.ts.tmp.78328.191ef66e43b7,created,success,auto-push: route.ts [2026-06-11 12:59:13] --END--
2026-06-11 12:59:23,3DPrintMaket,https://github.com/deka1105/3DPrintMaket.git,plt_Phase2Verified/apps/web/src/app/api/admin/orders/route.ts.tmp.78328.399b1fb8bc43,created,success,auto-push: route.ts [2026-06-11 12:59:21] --END--
2026-06-11 12:59:31,3DPrintMaket,https://github.com/deka1105/3DPrintMaket.git,plt_Phase2Verified/apps/web/src/app/api/admin/users/route.ts.tmp.78328.c9de5b5b6fb4,created,success,auto-push: route.ts [2026-06-11 12:59:30] --END--
2026-06-11 12:59:39,3DPrintMaket,https://github.com/deka1105/3DPrintMaket.git,plt_Phase2Verified/apps/web/src/app/api/admin/designs/route.ts.tmp.78328.682cdae20ded,created,success,auto-push: route.ts [2026-06-11 12:59:37] --END--
2026-06-11 12:59:50,3DPrintMaket,https://github.com/deka1105/3DPrintMaket.git,plt_Phase2Verified/apps/web/src/app/api/admin/designs/[id]/moderate/route.ts.tmp.78328.6aa94d51b627,created,success,auto-push: route.ts [2026-06-11 12:59:49] --END--
2026-06-11 13:00:00,3DPrintMaket,https://github.com/deka1105/3DPrintMaket.git,plt_Phase2Verified/apps/web/src/app/api/printer/orders/route.ts.tmp.78328.b54b16574237,created,success,auto-push: route.ts [2026-06-11 12:59:58] --END--
2026-06-11 13:00:12,3DPrintMaket,https://github.com/deka1105/3DPrintMaket.git,plt_Phase2Verified/apps/web/src/app/api/printer/profile/route.ts.tmp.78328.dffa6a4ce503,created,success,auto-push: route.ts [2026-06-11 13:00:10] --END--
2026-06-11 13:00:21,3DPrintMaket,https://github.com/deka1105/3DPrintMaket.git,plt_Phase2Verified/apps/web/src/app/api/printer/orders/[id]/status/route.ts.tmp.78328.5e07b1c2b70f,created,success,auto-push: route.ts [2026-06-11 13:00:20] --END--
2026-06-11 13:00:37,3DPrintMaket,https://github.com/deka1105/3DPrintMaket.git,plt_Phase2Verified/apps/web/.env.local.tmp.78328.a91e7357183f,created,success,auto-push: .env.local [2026-06-11 13:00:36] --END--
2026-06-11 13:00:44,3DPrintMaket,https://github.com/deka1105/3DPrintMaket.git,plt_Phase2Verified/apps/web/.env.local.tmp.78328.04334e57687d,created,success,auto-push: .env.local [2026-06-11 13:00:43] --END--
2026-06-11 13:01:05,3DPrintMaket,https://github.com/deka1105/3DPrintMaket.git,plt_Phase2Verified/apps/web/next.config.js.tmp.78328.dfcc76cfca00,created,success,auto-push: next.config.js [2026-06-11 13:01:03] --END--
2026-06-11 13:01:39,3DPrintMaket,https://github.com/deka1105/3DPrintMaket.git,plt_Phase2Verified/apps/web/package.json.tmp.78328.5012b49eeae4,created,success,"auto-push: package.json, pnpm-lock.yaml [2026-06-11 13:01:37] --END--"
2026-06-11 13:03:37,3DPrintMaket,https://github.com/deka1105/3DPrintMaket.git,plt_Phase2Verified/packages/db/prisma/schema.production.prisma.tmp.78328.5d865db97cf5,created,success,"auto-push: schema.production.prisma, pnpm-lock.yaml [2026-06-11 13:03:36] --END--"
2026-06-11 13:03:48,3DPrintMaket,https://github.com/deka1105/3DPrintMaket.git,plt_Phase2Verified/.gitignore.tmp.78328.02ce3d0afe77,created,success,auto-push: .gitignore [2026-06-11 13:03:47] --END--
2026-06-11 15:11:15,3DPrintMaket,https://github.com/deka1105/3DPrintMaket.git,plt_Phase2Verified/apps/web/src/lib/native.ts.tmp.78328.954fe308cb69,created,success,auto-push: native.ts [2026-06-11 15:11:12] --END--
2026-06-11 15:12:56,3DPrintMaket,https://github.com/deka1105/3DPrintMaket.git,vercel.json,created,success,auto-push: vercel.json [2026-06-11 15:12:54] --END--
2026-06-11 15:14:20,3DPrintMaket,https://github.com/deka1105/3DPrintMaket.git,.vercel/project.json,created,success,"auto-push: README.txt, project.json [2026-06-11 15:14:18] --END--"
2026-06-11 15:15:51,3DPrintMaket,https://github.com/deka1105/3DPrintMaket.git,plt_Phase2Verified/apps/web/src/lib/native.ts.tmp.78328.7486fe4f19d7,created,success,auto-push: native.ts [2026-06-11 15:15:49] --END--
2026-06-12 11:19:07,HabitFarmer,https://github.com/deka1105/HabitFarmer.git,OS_App_v1/HabitFarmer,startup-sync,error,commit failed: --END--
2026-06-12 11:19:52,3DPrintMaket,https://github.com/deka1105/3DPrintMaket.git,3dprint_msp_financial_model.xlsx,created,success,"auto-push: 3dprint_msp_financial_model.xlsx, 3dprint_msp_pitch_deck.pptx, investor_teaser.html [2026-06-12 11:19:50] --END--"
2026-06-12 11:20:28,ClaudeCertificates,https://github.com/deka1105/ClaudeCertificates.git,slide_01.png,created,success,"auto-push: slide_01.png, slide_02.png [2026-06-12 11:20:26] --END--"
2026-06-17 12:01:44,3DPrintMaket,https://github.com/deka1105/3DPrintMaket.git,3D Print MSP — One-Page Teaser.pdf,created,success,"auto-push: ""3D Print MSP \342\200\224 One-Page Teaser.pdf"" [2026-06-17 12:01:42] --END--"
2026-06-17 17:10:29,3DPrintMaket,https://github.com/deka1105/3DPrintMaket.git,PrintMSP_Pitch_Analysis.html,created,success,auto-push: PrintMSP_Pitch_Analysis.html [2026-06-17 17:10:26] --END--
2026-06-26 23:56:40,HabitFarmer,https://github.com/deka1105/HabitFarmer.git,OS_App_v1/HabitFarmer,startup-sync,error,commit failed: --END--
2026-06-26 23:57:09,3DPrintMaket,https://github.com/deka1105/3DPrintMaket.git,Screenshot 2026-06-26 at 22-15-00 Website Traffic Checker - Free Analytics For Any Website Similarweb.png,created,success,auto-push: Screenshot 2026-06-26 at 22-15-00 Website Traffic Checker - Free Analytics For Any Website Similarweb.png [2026-06-26 23:57:07] --END--
2026-06-26 23:57:26,3DPrintMaket,https://github.com/deka1105/3DPrintMaket.git,Screenshot 2026-06-26 at 22-15-14 thangs.com Traffic Analytics Ranking & Audience May 2026 Similarweb.png,created,success,auto-push: Screenshot 2026-06-26 at 22-15-14 thangs.com Traffic Analytics Ranking & Audience May 2026 Similarweb.png [2026-06-26 23:57:24] --END--
2026-06-26 23:57:34,3DPrintMaket,https://github.com/deka1105/3DPrintMaket.git,Screenshot 2026-06-26 at 22-15-43 Website Traffic Checker Check Any Site’s Traffic for Free.png,created,success,"auto-push: ""Screenshot 2026-06-26 at 22-15-43 Website Traffic Checker Check Any Site\342\200\231s Traffic for Free.png"" [2026-06-26 23:57:32] --END--"
2026-06-26 23:57:42,3DPrintMaket,https://github.com/deka1105/3DPrintMaket.git,Screenshot 2026-06-26 at 22-15-25 printables.com Traffic Analytics Ranking & Audience May 2026 Similarweb.png,created,success,auto-push: Screenshot 2026-06-26 at 22-15-25 printables.com Traffic Analytics Ranking & Audience May 2026 Similarweb.png [2026-06-26 23:57:40] --END--
2026-06-26 23:57:51,3DPrintMaket,https://github.com/deka1105/3DPrintMaket.git,Screenshot 2026-06-26 at 22-15-00 Website Traffic Checker - Free Analytics For Any Website Similarweb.png,moved,success,"auto-push: Screenshot 2026-06-26 at 22-15-00 Website Traffic Checker - Free Analytics For Any Website Similarweb.png, Screenshot 2026-06-26 at 22-15-14 thangs.com Traffic Analytics Ranking & Audience May 2026 Similarweb.png, Screenshot 2026-06-26 at 22-15-25 printables.com Traffic Analytics Ranking & Audience May 2026 Similarweb.png, Screenshot 2026-06-26 at 22-15-43 Website Traffic Checker Check Any Site\342\200\231s Traffic for Free.png"" [2026-06-26 23:57:50] --END--"
2026-06-26 23:57:57,3DPrintMaket,https://github.com/deka1105/3DPrintMaket.git,New Folder With Items/Screenshot 2026-06-26 at 22-15-25 printables.com Traffic Analytics Ranking & Audience May 2026 Similarweb.png,moved,success,"auto-push: Screenshot 2026-06-26 at 22-15-00 Website Traffic Checker - Free Analytics For Any Website Similarweb.png, Screenshot 2026-06-26 at 22-15-14 thangs.com Traffic Analytics Ranking & Audience May 2026 Similarweb.png, Screenshot 2026-06-26 at 22-15-25 printables.com Traffic Analytics Ranking & Audience May 2026 Similarweb.png, Screenshot 2026-06-26 at 22-15-43 Website Traffic Checker Check Any Site\342\200\231s Traffic for Free.png"" [2026-06-26 23:57:55] --END--"
2026-07-05 10:26:38,HabitFarmer,https://github.com/deka1105/HabitFarmer.git,HANDOFF_FABLE5.md.tmp.14825.2bc7fa322282,created,success,auto-push: HANDOFF_FABLE5.md [2026-07-05 10:26:37] --END--
2026-07-05 10:35:08,HabitFarmer,https://github.com/deka1105/HabitFarmer.git,.claude/settings.local.json.tmp.17433.b6d26df1a555,created,error,git commit failed: --END--
2026-07-05 10:35:54,HabitFarmer,https://github.com/deka1105/HabitFarmer.git,.claude/settings.local.json.tmp.17433.2f1d2b3d72ed,created,error,git commit failed: --END--
2026-07-05 10:39:52,HabitFarmer,https://github.com/deka1105/HabitFarmer.git,.claude/settings.local.json.tmp.17433.39b530995804,created,error,git commit failed: --END--
2026-07-05 10:40:34,HabitFarmer,https://github.com/deka1105/HabitFarmer.git,OS_App_v1/HabitFarmer,startup-sync,error,commit failed: --END--
2026-07-05 10:40:35,HabitFarmer,https://github.com/deka1105/HabitFarmer.git,.claude/settings.local.json.tmp.17433.4c9ed81bdd7d,created,error,git commit failed: --END--
2026-07-05 10:41:06,HabitFarmer,https://github.com/deka1105/HabitFarmer.git,.claude/settings.local.json.tmp.17433.11d2a035c306,created,error,git commit failed: --END--
2026-07-05 10:41:57,HabitFarmer,https://github.com/deka1105/HabitFarmer.git,iOS_App_v2/HabitFarmer/HabitFarmer/PrivacyInfo.xcprivacy.tmp.17433.43397a7ba309,created,error,git commit failed: --END--
2026-07-05 10:43:02,HabitFarmer,https://github.com/deka1105/HabitFarmer.git,iOS_App_v2/HabitFarmer/HabitFarmerTests/AchievementTests.swift.tmp.17433.a4977dabdd14,created,error,git commit failed: --END--
2026-07-05 10:43:21,HabitFarmer,https://github.com/deka1105/HabitFarmer.git,iOS_App_v2/HabitFarmer/HabitFarmerTests/PersistenceTests.swift.tmp.17433.bd925582f079,created,error,git commit failed: --END--
2026-07-05 10:44:04,HabitFarmer,https://github.com/deka1105/HabitFarmer.git,.claude/settings.local.json.tmp.17433.007fe83a5c0a,created,error,git commit failed: --END--
2026-07-05 10:44:34,HabitFarmer,https://github.com/deka1105/HabitFarmer.git,iOS_App_v2/HabitFarmer/HabitFarmerTests/HabitFarmerTests.swift.tmp.17433.365377f8bd69,created,error,git commit failed: --END--
2026-07-05 10:44:52,HabitFarmer,https://github.com/deka1105/HabitFarmer.git,habitfarmer-web/.next/lock,created,error,git commit failed: --END--
2026-07-05 10:44:59,HabitFarmer,https://github.com/deka1105/HabitFarmer.git,habitfarmer-web/.next/required-server-files.json,created,error,git commit failed: --END--
2026-07-05 10:45:36,HabitFarmer,https://github.com/deka1105/HabitFarmer.git,habitfarmer-web/proxy.ts.tmp.17433.60d75c8ee4aa,created,error,git add failed: fatal: unable to stat 'habitfarmer-web/proxy.ts.tmp.17433.60d75c8ee4aa': No such file or directory --END--
2026-07-05 10:45:55,HabitFarmer,https://github.com/deka1105/HabitFarmer.git,habitfarmer-web/next.config.ts.tmp.17433.5cd6cc8e1611,created,failed,rebase conflict unresolved: From https://github.com/deka1105/HabitFarmer\n * branch            HEAD       -> FETCH_HEAD\nerror: cannot rebase: You have unstaged changes.\nerror: Please commit or stash them. --END--
2026-07-05 10:46:06,HabitFarmer,https://github.com/deka1105/HabitFarmer.git,habitfarmer-web/.next/lock,created,success,auto-push: middleware.ts [2026-07-05 10:46:04] --END--
2026-07-05 10:46:26,HabitFarmer,https://github.com/deka1105/HabitFarmer.git,habitfarmer-web/.next/static/chunks/00t37q1v3r7vp.js,created,error,git commit failed: --END--
2026-07-05 10:46:29,HabitFarmer,https://github.com/deka1105/HabitFarmer.git,habitfarmer-web/.next/static/chunks/00t37q1v3r7vp.js,modified,error,git commit failed: --END--
2026-07-05 10:47:24,HabitFarmer,https://github.com/deka1105/HabitFarmer.git,habitfarmer-web/lib/supabase/middleware.ts.tmp.17433.b2f2648ac08f,created,success,auto-push: middleware.ts [2026-07-05 10:47:22] --END--
2026-07-05 10:50:17,HabitFarmer,https://github.com/deka1105/HabitFarmer.git,habitfarmer-web/app/dashboard/page.tsx,modified,success,"auto-push: page.tsx, page.tsx, page.tsx, page.tsx [2026-07-05 10:50:16] --END--"
2026-07-05 10:51:09,HabitFarmer,https://github.com/deka1105/HabitFarmer.git,iOS_App_v2/HabitFarmer/HabitFarmerTests/AchievementTests.swift.tmp.17433.153dcc811579,created,error,git commit failed: --END--
2026-07-05 10:51:54,HabitFarmer,https://github.com/deka1105/HabitFarmer.git,.claude/settings.local.json.tmp.17433.c12f3b790ac9,created,error,git commit failed: --END--
2026-07-05 10:53:16,HabitFarmer,https://github.com/deka1105/HabitFarmer.git,habitfarmer-web/components/PlantCanvas.tsx,modified,success,auto-push: PlantCanvas.tsx [2026-07-05 10:53:14] --END--
2026-07-05 10:53:41,HabitFarmer,https://github.com/deka1105/HabitFarmer.git,habitfarmer-web/components/ErrorBoundary.tsx,modified,success,"auto-push: ErrorBoundary.tsx, StatsChart.tsx, mockData.ts [2026-07-05 10:53:39] --END--"
2026-07-05 10:53:50,HabitFarmer,https://github.com/deka1105/HabitFarmer.git,habitfarmer-web/lib/mockData.ts,modified,success,auto-push: mockData.ts [2026-07-05 10:53:48] --END--
2026-07-05 10:54:15,HabitFarmer,https://github.com/deka1105/HabitFarmer.git,habitfarmer-web/app/(auth)/sign-in/page.tsx,modified,success,"auto-push: page.tsx, PlantCanvas.tsx [2026-07-05 10:54:12] --END--"
2026-07-05 10:54:29,HabitFarmer,https://github.com/deka1105/HabitFarmer.git,habitfarmer-web/.next/lock,created,error,git commit failed: --END--
2026-07-05 10:54:34,HabitFarmer,https://github.com/deka1105/HabitFarmer.git,habitfarmer-web/.next/static/media/7e7f32a39836f228-s.0bmyfaahigzds.woff2,created,error,git commit failed: --END--
2026-07-05 10:54:40,HabitFarmer,https://github.com/deka1105/HabitFarmer.git,habitfarmer-web/.next/required-server-files.json,created,error,git commit failed: --END--
2026-07-05 10:59:15,HabitFarmer,https://github.com/deka1105/HabitFarmer.git,habitfarmer-web/lib/stageEngine.ts,modified,success,auto-push: stageEngine.ts [2026-07-05 10:59:14] --END--
2026-07-05 10:59:26,HabitFarmer,https://github.com/deka1105/HabitFarmer.git,habitfarmer-web/components/StatsChart.tsx,modified,success,"auto-push: StatsChart.tsx, TodayChecklist.tsx [2026-07-05 10:59:24] --END--"
2026-07-05 10:59:32,HabitFarmer,https://github.com/deka1105/HabitFarmer.git,habitfarmer-web/.next/lock,created,error,git commit failed: --END--
2026-07-05 10:59:37,HabitFarmer,https://github.com/deka1105/HabitFarmer.git,habitfarmer-web/.next/cache/.tsbuildinfo,modified,error,git commit failed: --END--
2026-07-05 10:59:51,HabitFarmer,https://github.com/deka1105/HabitFarmer.git,iOS_App_v2/HabitFarmer/HabitFarmerTests/HabitFarmerTests.swift.tmp.17433.a8de51418750,created,error,git commit failed: --END--
2026-07-05 11:00:56,HabitFarmer,https://github.com/deka1105/HabitFarmer.git,.claude/settings.local.json.tmp.17433.9b7e68b953d0,created,error,git commit failed: --END--
2026-07-05 11:01:25,HabitFarmer,https://github.com/deka1105/HabitFarmer.git,.claude/settings.local.json.tmp.17433.d0532337c3a1,created,error,git commit failed: --END--
2026-07-05 11:02:32,HabitFarmer,https://github.com/deka1105/HabitFarmer.git,iOS_App_v2/HabitFarmer/fastlane/metadata/en-US/name.txt,created,error,git commit failed: --END--
2026-07-05 11:02:58,HabitFarmer,https://github.com/deka1105/HabitFarmer.git,iOS_App_v2/HabitFarmer/fastlane/metadata/en-US/description.txt.tmp.17433.14548d1e8385,created,error,git commit failed: --END--
2026-07-05 11:03:26,HabitFarmer,https://github.com/deka1105/HabitFarmer.git,LAUNCH_COPY.md.tmp.17433.d34b682f30b9,created,success,auto-push: LAUNCH_COPY.md [2026-07-05 11:03:24] --END--
2026-07-05 11:03:35,HabitFarmer,https://github.com/deka1105/HabitFarmer.git,iOS_App_v2/HabitFarmer/fastlane/Appfile,modified,error,git commit failed: --END--
2026-07-05 11:06:50,HabitFarmer,https://github.com/deka1105/HabitFarmer.git,HANDOFF_FABLE5.md.tmp.17433.5c40fcbe5552,created,success,"auto-push: HANDOFF_FABLE5.md, HabitFarmer [2026-07-05 11:06:48] --END--"
2026-07-05 11:16:05,HabitFarmer,https://github.com/deka1105/HabitFarmer.git,habitfarmer-web/proxy.ts.tmp.17433.da80ebf9d8d1,created,success,auto-push: proxy.ts [2026-07-05 11:16:03] --END--
2026-07-05 11:16:17,HabitFarmer,https://github.com/deka1105/HabitFarmer.git,habitfarmer-web/lib/supabase/middleware.ts.tmp.17433.0399bb0dba91,created,success,auto-push: middleware.ts [2026-07-05 11:16:16] --END--
2026-07-05 11:16:24,HabitFarmer,https://github.com/deka1105/HabitFarmer.git,habitfarmer-web/.next/lock,created,error,git commit failed: --END--
2026-07-05 11:16:29,HabitFarmer,https://github.com/deka1105/HabitFarmer.git,habitfarmer-web/.next/server/app/page.js.map,modified,error,git commit failed: --END--
2026-07-05 11:16:34,HabitFarmer,https://github.com/deka1105/HabitFarmer.git,habitfarmer-web/.next/static/mGYr-gGA7SRrTF8Pytb7g/_clientMiddlewareManifest.js,modified,error,git commit failed: --END--
2026-07-05 11:23:06,HabitFarmer,https://github.com/deka1105/HabitFarmer.git,.claude/settings.local.json.tmp.17433.db5f3cac6cef,created,error,git commit failed: --END--
2026-07-05 11:28:13,HabitFarmer,https://github.com/deka1105/HabitFarmer.git,.claude/settings.local.json.tmp.17433.61a81f1c2809,created,error,git commit failed: --END--
2026-07-05 11:34:00,HabitFarmer,https://github.com/deka1105/HabitFarmer.git,.claude/settings.local.json.tmp.17433.2dfdfe971cd3,created,error,git commit failed: --END--
2026-07-05 12:38:12,HabitFarmer,https://github.com/deka1105/HabitFarmer.git,iOS_App_v2/HabitFarmer/HabitFarmer/Screens/WindowView.swift.tmp.17433.152d7ad72113,created,error,git commit failed: --END--
2026-07-05 12:38:18,HabitFarmer,https://github.com/deka1105/HabitFarmer.git,iOS_App_v2/HabitFarmer/HabitFarmer/Screens/WindowView.swift.tmp.17433.032917e4b877,created,error,git commit failed: --END--
2026-07-05 12:48:39,HabitFarmer,https://github.com/deka1105/HabitFarmer.git,iOS_App_v2/HabitFarmer/HabitFarmer/HabitFarmerApp.swift.tmp.17433.a941b56d95eb,created,success,auto-push: HabitFarmer [2026-07-05 12:48:38] --END--
2026-07-05 12:48:53,HabitFarmer,https://github.com/deka1105/HabitFarmer.git,iOS_App_v2/HabitFarmer/HabitFarmerUITests/ScreenshotTests.swift.tmp.17433.03a748ca4f96,created,error,git commit failed: --END--
2026-07-05 12:51:11,HabitFarmer,https://github.com/deka1105/HabitFarmer.git,.claude/settings.local.json.tmp.17433.04ec41672432,created,error,git commit failed: --END--
2026-07-05 12:52:35,HabitFarmer,https://github.com/deka1105/HabitFarmer.git,.claude/settings.local.json.tmp.17433.83c07e85bb53,created,error,git commit failed: --END--
2026-07-05 12:53:23,HabitFarmer,https://github.com/deka1105/HabitFarmer.git,.claude/settings.local.json.tmp.17433.43f38ddab393,created,error,git commit failed: --END--
2026-07-05 12:55:27,HabitFarmer,https://github.com/deka1105/HabitFarmer.git,iOS_App_v2/HabitFarmer/fastlane/screenshots/en-US/iPhone 6.3-01-farm-plots.png,created,error,git commit failed: --END--
2026-07-05 12:55:38,HabitFarmer,https://github.com/deka1105/HabitFarmer.git,iOS_App_v2/HabitFarmer/fastlane/screenshots/en-US/iPhone 6.3-029BCDB0-0723-4B52-9932-989F3FC964E6.png,deleted,error,git commit failed: --END--
2026-07-05 13:00:12,HabitFarmer,https://github.com/deka1105/HabitFarmer.git,iOS_App_v2/HabitFarmer/fastlane/screenshots/en-US/iPhone 6.9-04-today.png,created,success,auto-push: .DS_Store [2026-07-05 13:00:10] --END--
2026-07-05 13:06:57,HabitFarmer,https://github.com/deka1105/HabitFarmer.git,iOS_App_v2/HabitFarmer/fastlane/screenshots/en-US/iPhone 6.9-06-you.png,created,error,git commit failed: --END--
2026-07-05 13:58:19,HabitFarmer,https://github.com/deka1105/HabitFarmer.git,"OS_App_v1/HabitFarmer, OS_App_v2/HabitFarmer",startup-sync,success,"startup-sync: HabitFarmer, HabitFarmer [2026-07-05 13:58:18] --END--"
2026-07-05 14:38:15,3DPrintMaket,https://github.com/deka1105/3DPrintMaket.git,plt_Phase2Verified/apps/web/.turbo/turbo-typecheck.log,created,success,"auto-push: turbo-typecheck.log, turbo-typecheck.log, turbo-typecheck.log [2026-07-05 14:38:13] --END--"
2026-07-05 14:38:23,3DPrintMaket,https://github.com/deka1105/3DPrintMaket.git,plt_Phase2Verified/apps/web/.turbo/turbo-typecheck.log,modified,success,"auto-push: turbo-typecheck.log, turbo-typecheck.log [2026-07-05 14:38:22] --END--"
2026-07-05 14:38:33,3DPrintMaket,https://github.com/deka1105/3DPrintMaket.git,plt_Phase2Verified/apps/web/.turbo/turbo-typecheck.log,modified,success,"auto-push: turbo-typecheck.log, turbo-typecheck.log [2026-07-05 14:38:32] --END--"
2026-07-05 14:38:42,3DPrintMaket,https://github.com/deka1105/3DPrintMaket.git,plt_Phase2Verified/apps/web/.turbo/turbo-typecheck.log,modified,success,"auto-push: turbo-typecheck.log, turbo-typecheck.log [2026-07-05 14:38:40] --END--"
2026-07-05 14:38:59,3DPrintMaket,https://github.com/deka1105/3DPrintMaket.git,plt_Phase2Verified/apps/api/.turbo/turbo-typecheck.log,modified,success,auto-push: turbo-typecheck.log [2026-07-05 14:38:58] --END--
2026-07-05 14:39:04,3DPrintMaket,https://github.com/deka1105/3DPrintMaket.git,plt_Phase2Verified/packages/validators/.turbo/turbo-test.log,created,failed,rebase conflict unresolved: From https://github.com/deka1105/3DPrintMaket\n * branch            HEAD       -> FETCH_HEAD\nerror: cannot rebase: You have unstaged changes.\nerror: Please commit or stash them. --END--
2026-07-05 14:39:11,3DPrintMaket,https://github.com/deka1105/3DPrintMaket.git,plt_Phase2Verified/apps/api/vitest.config.ts.timestamp-1783276750144-78b037ecfd162.mjs,created,success,"auto-push: turbo-test.log, turbo-test.log, turbo-test.log [2026-07-05 14:39:10] --END--"
2026-07-05 14:41:20,3DPrintMaket,https://github.com/deka1105/3DPrintMaket.git,plt_Phase2Verified/package.json.tmp.61216.487452f13e27,created,success,auto-push: package.json [2026-07-05 14:41:18] --END--
2026-07-05 14:41:40,3DPrintMaket,https://github.com/deka1105/3DPrintMaket.git,plt_Phase2Verified/apps/api/src/types/fastify.d.ts.tmp.61216.338442b28dcf,created,success,"auto-push: fastify.d.ts, pnpm-lock.yaml [2026-07-05 14:41:38] --END--"
2026-07-05 14:41:46,3DPrintMaket,https://github.com/deka1105/3DPrintMaket.git,plt_Phase2Verified/packages/db/src/index.ts.tmp.61216.72376957fd48,created,success,auto-push: index.ts [2026-07-05 14:41:44] --END--
2026-07-05 14:41:53,3DPrintMaket,https://github.com/deka1105/3DPrintMaket.git,plt_Phase2Verified/packages/types/package.json.tmp.61216.3bafa83e3522,created,success,auto-push: package.json [2026-07-05 14:41:52] --END--
2026-07-05 14:44:39,3DPrintMaket,https://github.com/deka1105/3DPrintMaket.git,plt_Phase2Verified/node_modules/.pnpm/@prisma+client@5.22.0_prisma@5.22.0/node_modules/.prisma/client/index.js,deleted,success,auto-push: pnpm-lock.yaml [2026-07-05 14:44:37] --END--
2026-07-05 15:00:51,3DPrintMaket,https://github.com/deka1105/3DPrintMaket.git,plt_Phase2Verified/apps/api/src/types/fastify.d.ts.tmp.61216.7d24f776184e,created,success,auto-push: fastify.d.ts [2026-07-05 15:00:50] --END--
2026-07-05 15:01:33,3DPrintMaket,https://github.com/deka1105/3DPrintMaket.git,plt_Phase2Verified/apps/api/src/routes/admin.ts.tmp.61216.78ef35c54944,created,success,auto-push: admin.ts [2026-07-05 15:01:31] --END--
2026-07-05 15:01:41,3DPrintMaket,https://github.com/deka1105/3DPrintMaket.git,plt_Phase2Verified/apps/api/src/routes/designs.ts.tmp.61216.0b17a27df704,created,success,auto-push: designs.ts [2026-07-05 15:01:40] --END--
2026-07-05 15:01:53,3DPrintMaket,https://github.com/deka1105/3DPrintMaket.git,plt_Phase2Verified/apps/api/src/routes/designs.ts.tmp.61216.edb822380a48,created,success,auto-push: designs.ts [2026-07-05 15:01:52] --END--
2026-07-05 15:01:59,3DPrintMaket,https://github.com/deka1105/3DPrintMaket.git,plt_Phase2Verified/apps/api/src/routes/designs.ts.tmp.61216.2c153f23f2dd,created,success,auto-push: designs.ts [2026-07-05 15:01:58] --END--
2026-07-05 15:02:10,3DPrintMaket,https://github.com/deka1105/3DPrintMaket.git,plt_Phase2Verified/apps/api/src/routes/orders.ts.tmp.61216.ddf1603e7476,created,success,"auto-push: designs.ts, orders.ts [2026-07-05 15:02:08] --END--"
2026-07-05 15:02:37,3DPrintMaket,https://github.com/deka1105/3DPrintMaket.git,plt_Phase2Verified/apps/api/src/routes/printers.ts.tmp.61216.541772bf8131,created,success,"auto-push: orders.ts, printers.ts [2026-07-05 15:02:35] --END--"
2026-07-05 15:02:43,3DPrintMaket,https://github.com/deka1105/3DPrintMaket.git,plt_Phase2Verified/apps/api/src/routes/printers.ts.tmp.61216.7efd4d07810e,created,success,auto-push: printers.ts [2026-07-05 15:02:41] --END--
2026-07-05 15:02:53,3DPrintMaket,https://github.com/deka1105/3DPrintMaket.git,plt_Phase2Verified/apps/api/src/services/userService.ts.tmp.61216.5a944f6a5048,created,success,auto-push: userService.ts [2026-07-05 15:02:52] --END--
2026-07-05 15:02:59,3DPrintMaket,https://github.com/deka1105/3DPrintMaket.git,plt_Phase2Verified/apps/api/src/services/userService.ts.tmp.61216.4ef048f92ed7,created,success,auto-push: userService.ts [2026-07-05 15:02:57] --END--
2026-07-05 15:03:14,3DPrintMaket,https://github.com/deka1105/3DPrintMaket.git,plt_Phase2Verified/apps/api/src/webhooks/stripe.ts,modified,success,auto-push: 7 files changed [2026-07-05 15:03:13] --END--
2026-07-05 15:03:37,3DPrintMaket,https://github.com/deka1105/3DPrintMaket.git,plt_Phase2Verified/apps/api/src/routes/designs.ts.tmp.61216.430a1b2f6070,created,success,auto-push: designs.ts [2026-07-05 15:03:36] --END--
2026-07-05 15:04:13,3DPrintMaket,https://github.com/deka1105/3DPrintMaket.git,plt_Phase2Verified/apps/api/src/tests/creditConsumption.test.ts,modified,success,auto-push: 6 files changed [2026-07-05 15:04:11] --END--
2026-07-05 15:09:42,3DPrintMaket,https://github.com/deka1105/3DPrintMaket.git,plt_Phase2Verified/apps/api/src/tests/printMatch.test.ts,modified,success,auto-push: printMatch.test.ts [2026-07-05 15:09:40] --END--
2026-07-05 15:09:49,3DPrintMaket,https://github.com/deka1105/3DPrintMaket.git,plt_Phase2Verified/apps/admin/.turbo/turbo-typecheck.log,modified,success,"auto-push: turbo-typecheck.log, turbo-typecheck.log [2026-07-05 15:09:48] --END--"
2026-07-05 15:09:55,3DPrintMaket,https://github.com/deka1105/3DPrintMaket.git,plt_Phase2Verified/apps/api/.turbo/turbo-typecheck.log,modified,success,auto-push: turbo-typecheck.log [2026-07-05 15:09:54] --END--
2026-07-05 15:10:01,3DPrintMaket,https://github.com/deka1105/3DPrintMaket.git,plt_Phase2Verified/apps/api/.turbo/turbo-typecheck.log,modified,success,auto-push: turbo-typecheck.log [2026-07-05 15:10:00] --END--
2026-07-05 15:10:22,3DPrintMaket,https://github.com/deka1105/3DPrintMaket.git,plt_Phase2Verified/apps/api/src/algorithms/printScore.ts.tmp.61216.38ee36a85de4,created,success,auto-push: printScore.ts [2026-07-05 15:10:20] --END--
2026-07-05 15:10:38,3DPrintMaket,https://github.com/deka1105/3DPrintMaket.git,plt_Phase2Verified/packages/validators/src/index.ts,modified,success,auto-push: index.ts [2026-07-05 15:10:37] --END--
2026-07-05 15:10:48,3DPrintMaket,https://github.com/deka1105/3DPrintMaket.git,plt_Phase2Verified/apps/printer-app/package.json,modified,success,auto-push: package.json [2026-07-05 15:10:46] --END--
2026-07-05 15:10:53,3DPrintMaket,https://github.com/deka1105/3DPrintMaket.git,plt_Phase2Verified/packages/validators/node_modules/.vite/vitest/results.json,modified,success,"auto-push: turbo-test.log, turbo-test.log, turbo-test.log [2026-07-05 15:10:52] --END--"
2026-07-05 15:12:35,3DPrintMaket,https://github.com/deka1105/3DPrintMaket.git,.gitignore.tmp.61216.da6825f9254e,created,success,"auto-push: .gitignore, turbo-test.log [2026-07-05 15:12:32] --END--"
2026-07-05 15:12:59,3DPrintMaket,https://github.com/deka1105/3DPrintMaket.git,plt_Phase2Verified/apps/api/.turbo/turbo-typecheck.log,modified,success,auto-push: 7 files changed [2026-07-05 15:12:55] --END--
2026-07-05 15:13:09,3DPrintMaket,https://github.com/deka1105/3DPrintMaket.git,plt_Phase2Verified/apps/admin/.turbo/turbo-typecheck.log,modified,success,auto-push: turbo-typecheck.log [2026-07-05 15:13:07] --END--
2026-07-05 15:13:19,3DPrintMaket,https://github.com/deka1105/3DPrintMaket.git,plt_Phase2Verified/apps/api/.turbo/turbo-typecheck.log,modified,failed,rebase conflict unresolved: From https://github.com/deka1105/3DPrintMaket\n * branch            HEAD       -> FETCH_HEAD\nerror: cannot rebase: You have unstaged changes.\nerror: Please commit or stash them. --END--
2026-07-05 15:13:27,3DPrintMaket,https://github.com/deka1105/3DPrintMaket.git,plt_Phase2Verified/apps/printer-app/.turbo/turbo-test.log,modified,success,"auto-push: turbo-test.log, turbo-typecheck.log [2026-07-05 15:13:25] --END--"
2026-07-05 15:16:33,HabitFarmer,https://github.com/deka1105/HabitFarmer.git,iOS_App_v2/HabitFarmer/fastlane/screenshots/en-US/iPhone 6.3-06-you.png,modified,success,auto-push: HabitFarmer [2026-07-05 15:16:31] --END--
2026-07-05 15:31:13,ColdEmails,https://github.com/deka1105/ColdEmails.git,".gitignore, EADME.md, .env.example, coldemails/, pyproject.toml",startup-sync,success,startup-sync: 6 offline changes [2026-07-05 15:31:12] --END--
2026-07-05 15:32:41,ColdEmails,https://github.com/deka1105/ColdEmails.git,coldemails/company.py.tmp.83971.e34b0edf7dbe,created,success,"auto-push: company.py, sources.py [2026-07-05 15:32:40] --END--"
2026-07-05 15:32:53,ColdEmails,https://github.com/deka1105/ColdEmails.git,coldemails/campaigns.py.tmp.83971.934bce291586,created,success,auto-push: campaigns.py [2026-07-05 15:32:52] --END--
2026-07-05 15:32:58,ColdEmails,https://github.com/deka1105/ColdEmails.git,coldemails/config.py.tmp.83971.15a0c8ea6caa,created,success,auto-push: config.py [2026-07-05 15:32:57] --END--
2026-07-05 15:33:11,ColdEmails,https://github.com/deka1105/ColdEmails.git,coldemails/enrich.py.tmp.83971.6860b8e79da0,created,success,auto-push: enrich.py [2026-07-05 15:33:10] --END--
2026-07-05 15:33:26,ColdEmails,https://github.com/deka1105/ColdEmails.git,coldemails/personalize.py.tmp.83971.76d3f78ed668,created,success,auto-push: personalize.py [2026-07-05 15:33:24] --END--
2026-07-05 15:33:39,ColdEmails,https://github.com/deka1105/ColdEmails.git,coldemails/gmail.py.tmp.83971.e92f58df6757,created,success,auto-push: gmail.py [2026-07-05 15:33:38] --END--
2026-07-05 15:34:00,ColdEmails,https://github.com/deka1105/ColdEmails.git,coldemails/engine.py.tmp.83971.2918c6a1955b,created,success,auto-push: engine.py [2026-07-05 15:33:58] --END--
2026-07-05 15:34:15,ColdEmails,https://github.com/deka1105/ColdEmails.git,coldemails/cli.py.tmp.83971.1be10596e038,created,success,auto-push: cli.py [2026-07-05 15:34:14] --END--
2026-07-05 15:36:44,ColdEmails,https://github.com/deka1105/ColdEmails.git,coldemails/store.py.tmp.83971.68b7e86f40fe,created,success,auto-push: store.py [2026-07-05 15:36:42] --END--
2026-07-05 15:41:26,ColdEmails,https://github.com/deka1105/ColdEmails.git,coldemails/campaigns.py.tmp.83971.fec02f021e57,created,success,"auto-push: campaigns.py, engine.py [2026-07-05 15:41:25] --END--"
2026-07-05 15:44:03,ColdEmails,https://github.com/deka1105/ColdEmails.git,coldemails/enrich.py.tmp.83971.458a8f6be524,created,success,auto-push: enrich.py [2026-07-05 15:44:02] --END--
2026-07-05 15:46:25,ColdEmails,https://github.com/deka1105/ColdEmails.git,coldemails/enrich.py.tmp.83971.03050a98ad25,created,success,auto-push: enrich.py [2026-07-05 15:46:24] --END--
2026-07-05 15:46:32,ColdEmails,https://github.com/deka1105/ColdEmails.git,coldemails/enrich.py.tmp.83971.427fc3c8f5c6,created,success,auto-push: enrich.py [2026-07-05 15:46:31] --END--
2026-07-05 15:46:53,ColdEmails,https://github.com/deka1105/ColdEmails.git,coldemails/enrich.py.tmp.83971.957bf39c9df6,created,success,auto-push: enrich.py [2026-07-05 15:46:52] --END--
2026-07-05 15:50:12,ColdEmails,https://github.com/deka1105/ColdEmails.git,coldemails/sources.py.tmp.83971.75e7afba8573,created,success,auto-push: sources.py [2026-07-05 15:50:10] --END--
2026-07-05 15:50:24,ColdEmails,https://github.com/deka1105/ColdEmails.git,coldemails/campaigns.py.tmp.83971.562a0eb5c170,created,success,auto-push: campaigns.py [2026-07-05 15:50:22] --END--
2026-07-05 15:50:39,ColdEmails,https://github.com/deka1105/ColdEmails.git,coldemails/engine.py.tmp.83971.0c225ca6d62e,created,success,"auto-push: campaigns.py, engine.py [2026-07-05 15:50:38] --END--"
2026-07-05 15:50:46,ColdEmails,https://github.com/deka1105/ColdEmails.git,coldemails/cli.py.tmp.83971.1530c345a5ef,created,success,auto-push: cli.py [2026-07-05 15:50:44] --END--
2026-07-05 15:51:31,ColdEmails,https://github.com/deka1105/ColdEmails.git,coldemails/personalize.py.tmp.83971.bd08906e650a,created,success,auto-push: personalize.py [2026-07-05 15:51:30] --END--
2026-07-05 15:51:37,ColdEmails,https://github.com/deka1105/ColdEmails.git,coldemails/campaigns.py.tmp.83971.63e8cd9db695,created,success,auto-push: campaigns.py [2026-07-05 15:51:36] --END--
2026-07-05 15:57:17,ColdEmails,https://github.com/deka1105/ColdEmails.git,tests/conftest.py.tmp.83971.acf446b206e0,created,success,auto-push: conftest.py [2026-07-05 15:57:15] --END--
2026-07-05 15:57:28,ColdEmails,https://github.com/deka1105/ColdEmails.git,tests/test_models_store.py.tmp.83971.c702bbbb05eb,created,success,auto-push: test_models_store.py [2026-07-05 15:57:26] --END--
2026-07-05 15:57:39,ColdEmails,https://github.com/deka1105/ColdEmails.git,tests/test_personalize_company.py.tmp.83971.8ddb9f7e716d,created,success,auto-push: test_personalize_company.py [2026-07-05 15:57:38] --END--
2026-07-05 15:57:59,ColdEmails,https://github.com/deka1105/ColdEmails.git,tests/test_sources_enrich.py.tmp.83971.1822fe246187,created,success,auto-push: test_sources_enrich.py [2026-07-05 15:57:58] --END--
2026-07-05 15:58:17,ColdEmails,https://github.com/deka1105/ColdEmails.git,tests/test_engine.py.tmp.83971.f87c00045c9d,created,success,auto-push: test_engine.py [2026-07-05 15:58:16] --END--
2026-07-05 15:58:33,ColdEmails,https://github.com/deka1105/ColdEmails.git,pyproject.toml.tmp.83971.efa277868f31,created,success,auto-push: pyproject.toml [2026-07-05 15:58:31] --END--
2026-07-05 15:58:46,ColdEmails,https://github.com/deka1105/ColdEmails.git,README.md.tmp.83971.77ce05f901df,created,success,auto-push: README.md [2026-07-05 15:58:45] --END--
2026-07-05 15:59:40,3DPrintMaket,https://github.com/deka1105/3DPrintMaket.git,plt_Phase2Verified/apps/api/temp-5188.rdb,created,success,auto-push: dump.rdb [2026-07-05 15:59:38] --END--
2026-07-05 16:01:09,ColdEmails,https://github.com/deka1105/ColdEmails.git,coldemails/engine.py.tmp.83971.2d3350505103,created,success,auto-push: engine.py [2026-07-05 16:01:08] --END--
2026-07-05 16:01:44,ColdEmails,https://github.com/deka1105/ColdEmails.git,app.py.tmp.83971.69329a5f7087,created,success,auto-push: app.py [2026-07-05 16:01:43] --END--
2026-07-05 16:03:07,ColdEmails,https://github.com/deka1105/ColdEmails.git,pyproject.toml.tmp.83971.a09f791a035f,created,success,auto-push: pyproject.toml [2026-07-05 16:03:05] --END--
2026-07-05 16:03:16,ColdEmails,https://github.com/deka1105/ColdEmails.git,tests/test_app.py.tmp.83971.8e4ef8819dc5,created,success,auto-push: test_app.py [2026-07-05 16:03:15] --END--
2026-07-05 16:03:31,ColdEmails,https://github.com/deka1105/ColdEmails.git,README.md.tmp.83971.70c07923124a,created,success,auto-push: README.md [2026-07-05 16:03:30] --END--
2026-07-05 16:04:41,3DPrintMaket,https://github.com/deka1105/3DPrintMaket.git,plt_Phase2Verified/apps/api/temp-6994.rdb,created,success,auto-push: dump.rdb [2026-07-05 16:04:39] --END--
2026-07-05 16:05:30,ColdEmails,https://github.com/deka1105/ColdEmails.git,coldemails/firmfinder.py.tmp.83971.e96bb0f2c502,created,success,auto-push: firmfinder.py [2026-07-05 16:05:29] --END--
2026-07-05 16:05:38,ColdEmails,https://github.com/deka1105/ColdEmails.git,coldemails/cli.py.tmp.83971.4fd2651d8e91,created,success,auto-push: cli.py [2026-07-05 16:05:37] --END--
2026-07-05 16:05:45,ColdEmails,https://github.com/deka1105/ColdEmails.git,coldemails/cli.py.tmp.83971.719a1eb84f83,created,success,auto-push: cli.py [2026-07-05 16:05:44] --END--
2026-07-05 16:05:57,ColdEmails,https://github.com/deka1105/ColdEmails.git,app.py.tmp.83971.2f59081b9fd9,created,success,auto-push: app.py [2026-07-05 16:05:56] --END--
2026-07-05 16:06:29,ColdEmails,https://github.com/deka1105/ColdEmails.git,tests/test_firmfinder.py.tmp.83971.76e7921364f9,created,success,auto-push: test_firmfinder.py [2026-07-05 16:06:28] --END--
2026-07-05 16:06:57,ColdEmails,https://github.com/deka1105/ColdEmails.git,tests/test_firmfinder.py.tmp.83971.d28dfc448d8e,created,success,auto-push: test_firmfinder.py [2026-07-05 16:06:55] --END--
2026-07-05 16:07:15,ColdEmails,https://github.com/deka1105/ColdEmails.git,README.md.tmp.83971.ddda22df00e0,created,success,auto-push: README.md [2026-07-05 16:07:13] --END--
2026-07-05 16:09:41,3DPrintMaket,https://github.com/deka1105/3DPrintMaket.git,plt_Phase2Verified/apps/api/temp-9366.rdb,created,success,auto-push: dump.rdb [2026-07-05 16:09:40] --END--
2026-07-05 16:14:43,3DPrintMaket,https://github.com/deka1105/3DPrintMaket.git,plt_Phase2Verified/apps/api/temp-9746.rdb,created,success,auto-push: dump.rdb [2026-07-05 16:14:41] --END--
2026-07-05 16:19:00,ColdEmails,https://github.com/deka1105/ColdEmails.git,coldemails/firmfinder.py.tmp.83971.5a7fb011b810,created,success,auto-push: firmfinder.py [2026-07-05 16:18:59] --END--
2026-07-05 16:19:18,ColdEmails,https://github.com/deka1105/ColdEmails.git,tests/test_firmfinder.py.tmp.83971.1d85c8b9d80a,created,success,auto-push: test_firmfinder.py [2026-07-05 16:19:16] --END--
2026-07-05 16:19:47,3DPrintMaket,https://github.com/deka1105/3DPrintMaket.git,plt_Phase2Verified/apps/api/temp-10568.rdb,created,success,auto-push: dump.rdb [2026-07-05 16:19:42] --END--
2026-07-05 16:21:56,3DPrintMaket,https://github.com/deka1105/3DPrintMaket.git,plt_Phase2Verified/apps/api/src/index.ts.tmp.61216.1b3855703825,created,success,auto-push: index.ts [2026-07-05 16:21:54] --END--
2026-07-05 16:24:41,ColdEmails,https://github.com/deka1105/ColdEmails.git,coldemails/personalize.py.tmp.83971.d58744785ae3,created,success,auto-push: personalize.py [2026-07-05 16:24:40] --END--
2026-07-05 16:24:44,3DPrintMaket,https://github.com/deka1105/3DPrintMaket.git,plt_Phase2Verified/apps/api/temp-12796.rdb,created,success,auto-push: dump.rdb [2026-07-05 16:24:43] --END--
2026-07-05 16:24:49,ColdEmails,https://github.com/deka1105/ColdEmails.git,app.py.tmp.83971.e0f50dddf6c1,created,success,auto-push: app.py [2026-07-05 16:24:48] --END--
2026-07-05 16:25:45,ColdEmails,https://github.com/deka1105/ColdEmails.git,coldemails/personalize.py.tmp.83971.0eb38add5bc0,created,success,auto-push: personalize.py [2026-07-05 16:25:44] --END--
2026-07-05 16:26:15,ColdEmails,https://github.com/deka1105/ColdEmails.git,tests/test_personalize_company.py.tmp.83971.c6799c0bc9d0,created,success,auto-push: test_personalize_company.py [2026-07-05 16:26:13] --END--
2026-07-05 16:26:27,ColdEmails,https://github.com/deka1105/ColdEmails.git,coldemails/personalize.py.tmp.83971.ccfea30c126d,created,success,auto-push: personalize.py [2026-07-05 16:26:25] --END--
2026-07-05 16:26:36,ColdEmails,https://github.com/deka1105/ColdEmails.git,coldemails/personalize.py.tmp.83971.1e961769de01,created,success,auto-push: personalize.py [2026-07-05 16:26:35] --END--
2026-07-05 16:26:52,ColdEmails,https://github.com/deka1105/ColdEmails.git,README.md.tmp.83971.f995b67835d6,created,success,auto-push: README.md [2026-07-05 16:26:51] --END--
2026-07-05 16:27:00,ColdEmails,https://github.com/deka1105/ColdEmails.git,.env.example.tmp.83971.ef62b954537e,created,success,auto-push: .env.example [2026-07-05 16:26:59] --END--
2026-07-05 16:27:42,ColdEmails,https://github.com/deka1105/ColdEmails.git,coldemails/cli.py.tmp.83971.4beacadff482,created,success,auto-push: cli.py [2026-07-05 16:27:41] --END--
2026-07-05 16:27:48,ColdEmails,https://github.com/deka1105/ColdEmails.git,coldemails/cli.py.tmp.83971.a4ad104c0b8f,created,success,auto-push: cli.py [2026-07-05 16:27:46] --END--
2026-07-05 16:29:45,3DPrintMaket,https://github.com/deka1105/3DPrintMaket.git,plt_Phase2Verified/apps/api/temp-16784.rdb,created,success,auto-push: dump.rdb [2026-07-05 16:29:44] --END--
2026-07-05 16:33:25,ColdEmails,https://github.com/deka1105/ColdEmails.git,app.py.tmp.83971.c4294a9d024b,created,success,auto-push: app.py [2026-07-05 16:33:24] --END--
2026-07-05 16:34:46,3DPrintMaket,https://github.com/deka1105/3DPrintMaket.git,plt_Phase2Verified/apps/api/temp-18339.rdb,created,success,auto-push: dump.rdb [2026-07-05 16:34:45] --END--
2026-07-05 16:39:19,3DPrintMaket,https://github.com/deka1105/3DPrintMaket.git,plt_Phase2Verified/apps/api/src/middleware/auth.ts.tmp.61216.cf63793ee94c,created,success,auto-push: auth.ts [2026-07-05 16:39:17] --END--
2026-07-05 16:39:37,3DPrintMaket,https://github.com/deka1105/3DPrintMaket.git,plt_Phase2Verified/apps/api/src/middleware/auth.ts.tmp.61216.9f9e4d555de0,created,success,auto-push: auth.ts [2026-07-05 16:39:35] --END--
2026-07-05 16:39:47,3DPrintMaket,https://github.com/deka1105/3DPrintMaket.git,plt_Phase2Verified/apps/api/temp-21918.rdb,created,success,auto-push: dump.rdb [2026-07-05 16:39:46] --END--
2026-07-05 16:42:25,ColdEmails,https://github.com/deka1105/ColdEmails.git,README.md.tmp.83971.7cb170b8e815,created,success,auto-push: README.md [2026-07-05 16:42:24] --END--
2026-07-05 16:43:34,ColdEmails,https://github.com/deka1105/ColdEmails.git,HANDOFF.md.tmp.83971.27fb520ddcc0,created,success,auto-push: HANDOFF.md [2026-07-05 16:43:33] --END--
2026-07-05 16:44:48,3DPrintMaket,https://github.com/deka1105/3DPrintMaket.git,plt_Phase2Verified/apps/api/temp-24334.rdb,created,success,auto-push: dump.rdb [2026-07-05 16:44:47] --END--
2026-07-05 16:46:39,ColdEmails,https://github.com/deka1105/ColdEmails.git,coldemails/company.py.tmp.23374.a4ca019cfeaf,created,success,auto-push: company.py [2026-07-05 16:46:37] --END--
2026-07-05 16:46:51,ColdEmails,https://github.com/deka1105/ColdEmails.git,coldemails/personalize.py.tmp.23374.dca5c550e79d,created,success,auto-push: personalize.py [2026-07-05 16:46:49] --END--
2026-07-05 16:47:00,ColdEmails,https://github.com/deka1105/ColdEmails.git,coldemails/personalize.py.tmp.23374.054239d9ab5b,created,success,auto-push: personalize.py [2026-07-05 16:46:59] --END--
2026-07-05 16:47:07,ColdEmails,https://github.com/deka1105/ColdEmails.git,coldemails/personalize.py.tmp.23374.2a131cded04e,created,success,auto-push: personalize.py [2026-07-05 16:47:05] --END--
2026-07-05 16:47:14,ColdEmails,https://github.com/deka1105/ColdEmails.git,coldemails/personalize.py.tmp.23374.c5797fbf423b,created,success,auto-push: personalize.py [2026-07-05 16:47:12] --END--
2026-07-05 16:47:31,3DPrintMaket,https://github.com/deka1105/3DPrintMaket.git,plt_Phase2Verified/apps/api/Dockerfile,modified,success,"auto-push: Dockerfile, railway.json [2026-07-05 16:47:29] --END--"
2026-07-05 16:47:33,ColdEmails,https://github.com/deka1105/ColdEmails.git,coldemails/campaigns.py.tmp.23374.16d19aa041bc,created,success,auto-push: campaigns.py [2026-07-05 16:47:31] --END--
2026-07-05 16:47:45,ColdEmails,https://github.com/deka1105/ColdEmails.git,coldemails/firmfinder.py.tmp.23374.05d3a17d3f0a,created,success,auto-push: firmfinder.py [2026-07-05 16:47:44] --END--
2026-07-05 16:47:57,ColdEmails,https://github.com/deka1105/ColdEmails.git,coldemails/firmfinder.py.tmp.23374.7782d6958d42,created,success,auto-push: firmfinder.py [2026-07-05 16:47:56] --END--
2026-07-05 16:48:09,ColdEmails,https://github.com/deka1105/ColdEmails.git,coldemails/cli.py.tmp.23374.76f0d6cfde25,created,success,auto-push: cli.py [2026-07-05 16:48:08] --END--
2026-07-05 16:48:20,ColdEmails,https://github.com/deka1105/ColdEmails.git,app.py.tmp.23374.929bb56285ae,created,success,"auto-push: app.py, cli.py [2026-07-05 16:48:19] --END--"
2026-07-05 16:48:35,ColdEmails,https://github.com/deka1105/ColdEmails.git,Dockerfile.tmp.23374.a738de781ad4,created,success,"auto-push: Dockerfile, app.py [2026-07-05 16:48:33] --END--"
2026-07-05 16:48:52,ColdEmails,https://github.com/deka1105/ColdEmails.git,tests/conftest.py.tmp.23374.d0d27c4fa656,created,success,"auto-push: .dockerignore, conftest.py [2026-07-05 16:48:51] --END--"
2026-07-05 16:48:59,ColdEmails,https://github.com/deka1105/ColdEmails.git,tests/test_personalize_company.py.tmp.23374.a5982624118c,created,success,auto-push: test_personalize_company.py [2026-07-05 16:48:58] --END--
2026-07-05 16:49:09,ColdEmails,https://github.com/deka1105/ColdEmails.git,tests/test_personalize_company.py.tmp.23374.e2d2564649e1,created,success,auto-push: test_personalize_company.py [2026-07-05 16:49:07] --END--
2026-07-05 16:49:14,ColdEmails,https://github.com/deka1105/ColdEmails.git,tests/test_personalize_company.py.tmp.23374.b7d60005d152,created,success,auto-push: test_personalize_company.py [2026-07-05 16:49:12] --END--
2026-07-05 16:49:24,ColdEmails,https://github.com/deka1105/ColdEmails.git,tests/test_campaigns_cli.py.tmp.23374.0557609e704c,created,success,auto-push: test_campaigns_cli.py [2026-07-05 16:49:23] --END--
2026-07-05 16:49:49,3DPrintMaket,https://github.com/deka1105/3DPrintMaket.git,plt_Phase2Verified/apps/api/temp-29470.rdb,created,success,auto-push: dump.rdb [2026-07-05 16:49:48] --END--
2026-07-05 16:54:50,3DPrintMaket,https://github.com/deka1105/3DPrintMaket.git,plt_Phase2Verified/apps/api/temp-30646.rdb,created,success,auto-push: dump.rdb [2026-07-05 16:54:49] --END--
2026-07-05 16:55:24,3DPrintMaket,https://github.com/deka1105/3DPrintMaket.git,plt_Phase2Verified/apps/web/vercel.json,modified,success,"auto-push: vercel.json, vercel.json [2026-07-05 16:55:23] --END--"
2026-07-05 16:55:25,ColdEmails,https://github.com/deka1105/ColdEmails.git,README.md.tmp.23374.2631a4d43b09,created,success,auto-push: README.md [2026-07-05 16:55:24] --END--
2026-07-05 16:55:30,ColdEmails,https://github.com/deka1105/ColdEmails.git,README.md.tmp.23374.92d0cbadb1eb,created,success,auto-push: README.md [2026-07-05 16:55:29] --END--
2026-07-05 16:55:46,ColdEmails,https://github.com/deka1105/ColdEmails.git,HANDOFF.md.tmp.23374.63b8715a547b,created,success,"auto-push: HANDOFF.md, README.md [2026-07-05 16:55:45] --END--"
2026-07-05 16:55:57,ColdEmails,https://github.com/deka1105/ColdEmails.git,HANDOFF.md.tmp.23374.1d8b708fa0ca,created,success,auto-push: HANDOFF.md [2026-07-05 16:55:56] --END--
2026-07-05 16:59:51,3DPrintMaket,https://github.com/deka1105/3DPrintMaket.git,plt_Phase2Verified/apps/api/temp-33107.rdb,created,success,auto-push: dump.rdb [2026-07-05 16:59:50] --END--
2026-07-05 17:04:53,3DPrintMaket,https://github.com/deka1105/3DPrintMaket.git,plt_Phase2Verified/apps/api/temp-33249.rdb,created,success,auto-push: dump.rdb [2026-07-05 17:04:52] --END--
2026-07-05 17:09:54,3DPrintMaket,https://github.com/deka1105/3DPrintMaket.git,plt_Phase2Verified/apps/api/temp-33340.rdb,created,success,auto-push: dump.rdb [2026-07-05 17:09:52] --END--
2026-07-05 17:14:54,3DPrintMaket,https://github.com/deka1105/3DPrintMaket.git,plt_Phase2Verified/apps/api/temp-33404.rdb,created,success,auto-push: dump.rdb [2026-07-05 17:14:53] --END--
2026-07-05 17:19:55,3DPrintMaket,https://github.com/deka1105/3DPrintMaket.git,plt_Phase2Verified/apps/api/temp-33466.rdb,created,success,auto-push: dump.rdb [2026-07-05 17:19:54] --END--
2026-07-05 17:24:56,3DPrintMaket,https://github.com/deka1105/3DPrintMaket.git,plt_Phase2Verified/apps/api/temp-33526.rdb,created,success,auto-push: dump.rdb [2026-07-05 17:24:55] --END--
2026-07-05 17:29:57,3DPrintMaket,https://github.com/deka1105/3DPrintMaket.git,plt_Phase2Verified/apps/api/temp-33648.rdb,created,success,auto-push: dump.rdb [2026-07-05 17:29:56] --END--
2026-07-05 17:34:58,3DPrintMaket,https://github.com/deka1105/3DPrintMaket.git,plt_Phase2Verified/apps/api/temp-33701.rdb,created,success,auto-push: dump.rdb [2026-07-05 17:34:57] --END--
2026-07-05 17:39:59,3DPrintMaket,https://github.com/deka1105/3DPrintMaket.git,plt_Phase2Verified/apps/api/temp-33775.rdb,created,success,auto-push: dump.rdb [2026-07-05 17:39:58] --END--
2026-07-05 17:45:00,3DPrintMaket,https://github.com/deka1105/3DPrintMaket.git,plt_Phase2Verified/apps/api/temp-33842.rdb,created,success,auto-push: dump.rdb [2026-07-05 17:44:59] --END--
2026-07-05 17:50:02,3DPrintMaket,https://github.com/deka1105/3DPrintMaket.git,plt_Phase2Verified/apps/api/temp-33904.rdb,created,success,auto-push: dump.rdb [2026-07-05 17:50:00] --END--
2026-07-05 17:55:03,3DPrintMaket,https://github.com/deka1105/3DPrintMaket.git,plt_Phase2Verified/apps/api/temp-33981.rdb,created,success,auto-push: dump.rdb [2026-07-05 17:55:01] --END--
2026-07-05 18:00:03,3DPrintMaket,https://github.com/deka1105/3DPrintMaket.git,plt_Phase2Verified/apps/api/temp-34070.rdb,created,success,auto-push: dump.rdb [2026-07-05 18:00:02] --END--
2026-07-05 18:05:04,3DPrintMaket,https://github.com/deka1105/3DPrintMaket.git,plt_Phase2Verified/apps/api/temp-34139.rdb,created,success,auto-push: dump.rdb [2026-07-05 18:05:03] --END--
2026-07-05 18:10:06,3DPrintMaket,https://github.com/deka1105/3DPrintMaket.git,plt_Phase2Verified/apps/api/temp-34211.rdb,created,success,auto-push: dump.rdb [2026-07-05 18:10:04] --END--
2026-07-05 18:15:07,3DPrintMaket,https://github.com/deka1105/3DPrintMaket.git,plt_Phase2Verified/apps/api/temp-34274.rdb,created,success,auto-push: dump.rdb [2026-07-05 18:15:05] --END--
2026-07-05 18:20:07,3DPrintMaket,https://github.com/deka1105/3DPrintMaket.git,plt_Phase2Verified/apps/api/temp-34349.rdb,created,success,auto-push: dump.rdb [2026-07-05 18:20:06] --END--
2026-07-05 18:25:09,3DPrintMaket,https://github.com/deka1105/3DPrintMaket.git,plt_Phase2Verified/apps/api/temp-34413.rdb,created,success,auto-push: dump.rdb [2026-07-05 18:25:07] --END--
2026-07-05 18:30:09,3DPrintMaket,https://github.com/deka1105/3DPrintMaket.git,plt_Phase2Verified/apps/api/temp-34564.rdb,created,success,auto-push: dump.rdb [2026-07-05 18:30:08] --END--
2026-07-05 18:36:20,3DPrintMaket,https://github.com/deka1105/3DPrintMaket.git,plt_Phase2Verified/apps/api/temp-34673.rdb,created,success,auto-push: dump.rdb [2026-07-05 18:36:18] --END--
2026-07-05 19:02:13,3DPrintMaket,https://github.com/deka1105/3DPrintMaket.git,plt_Phase2Verified/apps/api/temp-34712.rdb,created,success,auto-push: dump.rdb [2026-07-05 19:02:08] --END--
2026-07-05 19:20:16,3DPrintMaket,https://github.com/deka1105/3DPrintMaket.git,plt_Phase2Verified/apps/api/temp-34760.rdb,created,success,auto-push: dump.rdb [2026-07-05 19:20:14] --END--
2026-07-05 19:44:46,3DPrintMaket,https://github.com/deka1105/3DPrintMaket.git,plt_Phase2Verified/apps/api/temp-34817.rdb,created,success,auto-push: dump.rdb [2026-07-05 19:44:44] --END--
2026-07-05 20:02:56,3DPrintMaket,https://github.com/deka1105/3DPrintMaket.git,plt_Phase2Verified/apps/api/temp-34861.rdb,created,success,auto-push: dump.rdb [2026-07-05 20:02:54] --END--
2026-07-05 20:14:02,3DPrintMaket,https://github.com/deka1105/3DPrintMaket.git,plt_Phase2Verified/apps/api/temp-34945.rdb,created,success,auto-push: dump.rdb [2026-07-05 20:14:00] --END--
2026-07-05 20:18:44,3DPrintMaket,https://github.com/deka1105/3DPrintMaket.git,plt_Phase2Verified/package.json,modified,success,"auto-push: package.json, package.json, package.json [2026-07-05 20:18:42] --END--"
2026-07-05 20:19:01,3DPrintMaket,https://github.com/deka1105/3DPrintMaket.git,plt_Phase2Verified/apps/api/temp-36726.rdb,created,success,"auto-push: dump.rdb, pnpm-lock.yaml [2026-07-05 20:19:00] --END--"
2026-07-05 20:24:02,3DPrintMaket,https://github.com/deka1105/3DPrintMaket.git,plt_Phase2Verified/apps/api/temp-36843.rdb,created,success,auto-push: dump.rdb [2026-07-05 20:24:01] --END--
2026-07-05 20:29:04,3DPrintMaket,https://github.com/deka1105/3DPrintMaket.git,plt_Phase2Verified/apps/api/temp-36914.rdb,created,success,auto-push: dump.rdb [2026-07-05 20:29:02] --END--
2026-07-05 20:31:49,3DPrintMaket,https://github.com/deka1105/3DPrintMaket.git,plt_Phase2Verified/apps/admin/.vercel/project.json,created,success,auto-push: .gitignore [2026-07-05 20:31:47] --END--
2026-07-05 20:34:05,3DPrintMaket,https://github.com/deka1105/3DPrintMaket.git,plt_Phase2Verified/apps/api/temp-37518.rdb,created,success,auto-push: dump.rdb [2026-07-05 20:34:03] --END--
2026-07-05 20:36:11,ColdEmails,https://github.com/deka1105/ColdEmails.git,design_handoff_1b_streamlit/ColdEmails Redesign.dc.html,created,success,"auto-push: ColdEmails Redesign.dc.html, README.md [2026-07-05 20:36:09] --END--"
2026-07-05 20:39:05,3DPrintMaket,https://github.com/deka1105/3DPrintMaket.git,plt_Phase2Verified/apps/api/temp-39265.rdb,created,success,auto-push: dump.rdb [2026-07-05 20:39:04] --END--
2026-07-05 20:40:48,ColdEmails,https://github.com/deka1105/ColdEmails.git,app.py.tmp.23374.56475225e6ad,created,success,auto-push: app.py [2026-07-05 20:40:47] --END--
2026-07-05 20:44:06,3DPrintMaket,https://github.com/deka1105/3DPrintMaket.git,plt_Phase2Verified/apps/api/temp-40358.rdb,created,success,auto-push: dump.rdb [2026-07-05 20:44:05] --END--
2026-07-05 20:45:00,ColdEmails,https://github.com/deka1105/ColdEmails.git,HANDOFF.md.tmp.23374.6d66fd8e1629,created,success,auto-push: HANDOFF.md [2026-07-05 20:44:59] --END--
2026-07-05 20:49:07,3DPrintMaket,https://github.com/deka1105/3DPrintMaket.git,plt_Phase2Verified/apps/api/temp-41633.rdb,created,success,auto-push: dump.rdb [2026-07-05 20:49:06] --END--
2026-07-05 20:50:47,3DPrintMaket,https://github.com/deka1105/3DPrintMaket.git,plt_Phase2Verified/apps/api/Dockerfile,modified,success,auto-push: Dockerfile [2026-07-05 20:50:45] --END--
2026-07-05 20:50:56,ColdEmails,https://github.com/deka1105/ColdEmails.git,.claude/settings.local.json.tmp.41309.5038dd96eef4,created,success,auto-push: coldemails.md [2026-07-05 20:50:55] --END--
2026-07-05 20:52:35,ColdEmails,https://github.com/deka1105/ColdEmails.git,app.py.tmp.23374.aa9f78b45571,created,success,auto-push: app.py [2026-07-05 20:52:34] --END--
2026-07-05 20:54:10,3DPrintMaket,https://github.com/deka1105/3DPrintMaket.git,plt_Phase2Verified/apps/api/temp-45414.rdb,created,success,auto-push: dump.rdb [2026-07-05 20:54:08] --END--
2026-07-05 20:56:55,ColdEmails,https://github.com/deka1105/ColdEmails.git,setup.sh.tmp.23374.f8acbac7a5aa,created,success,auto-push: setup.sh [2026-07-05 20:56:54] --END--
2026-07-05 20:57:10,ColdEmails,https://github.com/deka1105/ColdEmails.git,.claude/commands/coldemails.md.tmp.23374.9ed07df28268,created,success,auto-push: coldemails.md [2026-07-05 20:57:09] --END--
2026-07-05 20:57:50,ColdEmails,https://github.com/deka1105/ColdEmails.git,coldemails.egg-info/tmpf7iwq6wh,created,success,auto-push: 7 files changed [2026-07-05 20:57:49] --END--
2026-07-05 20:58:03,ColdEmails,https://github.com/deka1105/ColdEmails.git,README.md.tmp.23374.422d727f28c9,created,success,auto-push: README.md [2026-07-05 20:58:02] --END--
2026-07-05 20:59:09,3DPrintMaket,https://github.com/deka1105/3DPrintMaket.git,plt_Phase2Verified/apps/api/temp-46776.rdb,created,success,auto-push: dump.rdb [2026-07-05 20:59:08] --END--
2026-07-05 21:04:11,3DPrintMaket,https://github.com/deka1105/3DPrintMaket.git,plt_Phase2Verified/apps/api/temp-46849.rdb,created,success,auto-push: dump.rdb [2026-07-05 21:04:10] --END--
2026-07-05 21:09:12,3DPrintMaket,https://github.com/deka1105/3DPrintMaket.git,plt_Phase2Verified/apps/api/temp-46920.rdb,created,success,auto-push: dump.rdb [2026-07-05 21:09:10] --END--
2026-07-05 21:14:13,3DPrintMaket,https://github.com/deka1105/3DPrintMaket.git,plt_Phase2Verified/apps/api/temp-47000.rdb,created,success,auto-push: dump.rdb [2026-07-05 21:14:11] --END--
2026-07-05 21:19:14,3DPrintMaket,https://github.com/deka1105/3DPrintMaket.git,plt_Phase2Verified/apps/api/temp-47106.rdb,created,success,auto-push: dump.rdb [2026-07-05 21:19:12] --END--
2026-07-05 21:24:15,3DPrintMaket,https://github.com/deka1105/3DPrintMaket.git,plt_Phase2Verified/apps/api/temp-47237.rdb,created,success,auto-push: dump.rdb [2026-07-05 21:24:14] --END--
2026-07-05 21:29:15,3DPrintMaket,https://github.com/deka1105/3DPrintMaket.git,plt_Phase2Verified/apps/api/temp-47300.rdb,created,success,auto-push: dump.rdb [2026-07-05 21:29:14] --END--
2026-07-05 21:34:16,3DPrintMaket,https://github.com/deka1105/3DPrintMaket.git,plt_Phase2Verified/apps/api/temp-47375.rdb,created,success,auto-push: dump.rdb [2026-07-05 21:34:15] --END--
2026-07-05 21:39:17,3DPrintMaket,https://github.com/deka1105/3DPrintMaket.git,plt_Phase2Verified/apps/api/temp-47447.rdb,created,success,auto-push: dump.rdb [2026-07-05 21:39:16] --END--
2026-07-05 21:44:19,3DPrintMaket,https://github.com/deka1105/3DPrintMaket.git,plt_Phase2Verified/apps/api/temp-47528.rdb,created,success,auto-push: dump.rdb [2026-07-05 21:44:17] --END--
2026-07-05 21:49:19,3DPrintMaket,https://github.com/deka1105/3DPrintMaket.git,plt_Phase2Verified/apps/api/temp-47597.rdb,created,success,auto-push: dump.rdb [2026-07-05 21:49:18] --END--
2026-07-05 21:54:20,3DPrintMaket,https://github.com/deka1105/3DPrintMaket.git,plt_Phase2Verified/apps/api/temp-47672.rdb,created,success,auto-push: dump.rdb [2026-07-05 21:54:19] --END--
2026-07-05 21:59:22,3DPrintMaket,https://github.com/deka1105/3DPrintMaket.git,plt_Phase2Verified/apps/api/temp-47763.rdb,created,success,auto-push: dump.rdb [2026-07-05 21:59:21] --END--
2026-07-05 22:04:23,3DPrintMaket,https://github.com/deka1105/3DPrintMaket.git,plt_Phase2Verified/apps/api/temp-47837.rdb,created,success,auto-push: dump.rdb [2026-07-05 22:04:21] --END--
2026-07-05 22:09:23,3DPrintMaket,https://github.com/deka1105/3DPrintMaket.git,plt_Phase2Verified/apps/api/temp-47912.rdb,created,success,auto-push: dump.rdb [2026-07-05 22:09:22] --END--
2026-07-05 22:14:24,3DPrintMaket,https://github.com/deka1105/3DPrintMaket.git,plt_Phase2Verified/apps/api/temp-47991.rdb,created,success,auto-push: dump.rdb [2026-07-05 22:14:23] --END--
2026-07-05 22:19:25,3DPrintMaket,https://github.com/deka1105/3DPrintMaket.git,plt_Phase2Verified/apps/api/temp-48074.rdb,created,success,auto-push: dump.rdb [2026-07-05 22:19:24] --END--
2026-07-05 22:24:26,3DPrintMaket,https://github.com/deka1105/3DPrintMaket.git,plt_Phase2Verified/apps/api/temp-48146.rdb,created,success,auto-push: dump.rdb [2026-07-05 22:24:25] --END--
2026-07-05 22:29:27,3DPrintMaket,https://github.com/deka1105/3DPrintMaket.git,plt_Phase2Verified/apps/api/temp-48221.rdb,created,success,auto-push: dump.rdb [2026-07-05 22:29:26] --END--
2026-07-05 22:34:28,3DPrintMaket,https://github.com/deka1105/3DPrintMaket.git,plt_Phase2Verified/apps/api/temp-48293.rdb,created,success,auto-push: dump.rdb [2026-07-05 22:34:27] --END--
2026-07-05 22:39:30,3DPrintMaket,https://github.com/deka1105/3DPrintMaket.git,plt_Phase2Verified/apps/api/temp-48364.rdb,created,success,auto-push: dump.rdb [2026-07-05 22:39:28] --END--
2026-07-05 22:44:31,3DPrintMaket,https://github.com/deka1105/3DPrintMaket.git,plt_Phase2Verified/apps/api/temp-48445.rdb,created,success,auto-push: dump.rdb [2026-07-05 22:44:29] --END--
2026-07-05 22:49:31,3DPrintMaket,https://github.com/deka1105/3DPrintMaket.git,plt_Phase2Verified/apps/api/temp-48521.rdb,created,success,auto-push: dump.rdb [2026-07-05 22:49:30] --END--
2026-07-05 22:54:32,3DPrintMaket,https://github.com/deka1105/3DPrintMaket.git,plt_Phase2Verified/apps/api/temp-48588.rdb,created,success,auto-push: dump.rdb [2026-07-05 22:54:31] --END--
2026-07-05 22:59:34,3DPrintMaket,https://github.com/deka1105/3DPrintMaket.git,plt_Phase2Verified/apps/api/temp-48669.rdb,created,success,auto-push: dump.rdb [2026-07-05 22:59:32] --END--
2026-07-05 23:04:34,3DPrintMaket,https://github.com/deka1105/3DPrintMaket.git,plt_Phase2Verified/apps/api/temp-48742.rdb,created,success,auto-push: dump.rdb [2026-07-05 23:04:33] --END--
2026-07-05 23:09:35,3DPrintMaket,https://github.com/deka1105/3DPrintMaket.git,plt_Phase2Verified/apps/api/temp-48823.rdb,created,success,auto-push: dump.rdb [2026-07-05 23:09:34] --END--
2026-07-05 23:14:36,3DPrintMaket,https://github.com/deka1105/3DPrintMaket.git,plt_Phase2Verified/apps/api/temp-48906.rdb,created,success,auto-push: dump.rdb [2026-07-05 23:14:35] --END--
2026-07-05 23:19:37,3DPrintMaket,https://github.com/deka1105/3DPrintMaket.git,plt_Phase2Verified/apps/api/temp-48985.rdb,created,success,auto-push: dump.rdb [2026-07-05 23:19:36] --END--
2026-07-05 23:24:38,3DPrintMaket,https://github.com/deka1105/3DPrintMaket.git,plt_Phase2Verified/apps/api/temp-49062.rdb,created,success,auto-push: dump.rdb [2026-07-05 23:24:37] --END--
2026-07-05 23:29:39,3DPrintMaket,https://github.com/deka1105/3DPrintMaket.git,plt_Phase2Verified/apps/api/temp-49141.rdb,created,success,auto-push: dump.rdb [2026-07-05 23:29:38] --END--
2026-07-05 23:34:40,3DPrintMaket,https://github.com/deka1105/3DPrintMaket.git,plt_Phase2Verified/apps/api/temp-49213.rdb,created,success,auto-push: dump.rdb [2026-07-05 23:34:39] --END--
2026-07-05 23:39:41,3DPrintMaket,https://github.com/deka1105/3DPrintMaket.git,plt_Phase2Verified/apps/api/temp-49286.rdb,created,success,auto-push: dump.rdb [2026-07-05 23:39:40] --END--
2026-07-05 23:44:42,3DPrintMaket,https://github.com/deka1105/3DPrintMaket.git,plt_Phase2Verified/apps/api/temp-49365.rdb,created,success,auto-push: dump.rdb [2026-07-05 23:44:41] --END--
2026-07-05 23:49:43,3DPrintMaket,https://github.com/deka1105/3DPrintMaket.git,plt_Phase2Verified/apps/api/temp-49442.rdb,created,success,auto-push: dump.rdb [2026-07-05 23:49:42] --END--
2026-07-05 23:54:44,3DPrintMaket,https://github.com/deka1105/3DPrintMaket.git,plt_Phase2Verified/apps/api/temp-49515.rdb,created,success,auto-push: dump.rdb [2026-07-05 23:54:43] --END--
2026-07-05 23:59:45,3DPrintMaket,https://github.com/deka1105/3DPrintMaket.git,plt_Phase2Verified/apps/api/temp-49587.rdb,created,success,auto-push: dump.rdb [2026-07-05 23:59:44] --END--
2026-07-06 00:04:46,3DPrintMaket,https://github.com/deka1105/3DPrintMaket.git,plt_Phase2Verified/apps/api/temp-49699.rdb,created,success,auto-push: dump.rdb [2026-07-06 00:04:45] --END--
2026-07-06 00:09:47,3DPrintMaket,https://github.com/deka1105/3DPrintMaket.git,plt_Phase2Verified/apps/api/temp-49775.rdb,created,success,auto-push: dump.rdb [2026-07-06 00:09:46] --END--
2026-07-06 00:14:48,3DPrintMaket,https://github.com/deka1105/3DPrintMaket.git,plt_Phase2Verified/apps/api/temp-49850.rdb,created,success,auto-push: dump.rdb [2026-07-06 00:14:47] --END--
2026-07-06 00:19:49,3DPrintMaket,https://github.com/deka1105/3DPrintMaket.git,plt_Phase2Verified/apps/api/temp-49935.rdb,created,success,auto-push: dump.rdb [2026-07-06 00:19:48] --END--
2026-07-06 00:24:50,3DPrintMaket,https://github.com/deka1105/3DPrintMaket.git,plt_Phase2Verified/apps/api/temp-50015.rdb,created,success,auto-push: dump.rdb [2026-07-06 00:24:49] --END--
2026-07-06 00:29:51,3DPrintMaket,https://github.com/deka1105/3DPrintMaket.git,plt_Phase2Verified/apps/api/temp-50087.rdb,created,success,auto-push: dump.rdb [2026-07-06 00:29:50] --END--
2026-07-06 00:34:52,3DPrintMaket,https://github.com/deka1105/3DPrintMaket.git,plt_Phase2Verified/apps/api/temp-50164.rdb,created,success,auto-push: dump.rdb [2026-07-06 00:34:51] --END--
2026-07-06 00:39:53,3DPrintMaket,https://github.com/deka1105/3DPrintMaket.git,plt_Phase2Verified/apps/api/temp-50248.rdb,created,success,auto-push: dump.rdb [2026-07-06 00:39:52] --END--
2026-07-06 00:44:54,3DPrintMaket,https://github.com/deka1105/3DPrintMaket.git,plt_Phase2Verified/apps/api/temp-50326.rdb,created,success,auto-push: dump.rdb [2026-07-06 00:44:53] --END--
2026-07-06 00:49:55,3DPrintMaket,https://github.com/deka1105/3DPrintMaket.git,plt_Phase2Verified/apps/api/temp-50402.rdb,created,success,auto-push: dump.rdb [2026-07-06 00:49:54] --END--
2026-07-06 00:54:56,3DPrintMaket,https://github.com/deka1105/3DPrintMaket.git,plt_Phase2Verified/apps/api/temp-50483.rdb,created,success,auto-push: dump.rdb [2026-07-06 00:54:55] --END--
2026-07-06 00:59:57,3DPrintMaket,https://github.com/deka1105/3DPrintMaket.git,plt_Phase2Verified/apps/api/temp-50570.rdb,created,success,auto-push: dump.rdb [2026-07-06 00:59:56] --END--
2026-07-06 01:04:58,3DPrintMaket,https://github.com/deka1105/3DPrintMaket.git,plt_Phase2Verified/apps/api/temp-50633.rdb,created,success,auto-push: dump.rdb [2026-07-06 01:04:57] --END--
2026-07-06 01:09:59,3DPrintMaket,https://github.com/deka1105/3DPrintMaket.git,plt_Phase2Verified/apps/api/temp-50708.rdb,created,success,auto-push: dump.rdb [2026-07-06 01:09:58] --END--
2026-07-06 01:15:00,3DPrintMaket,https://github.com/deka1105/3DPrintMaket.git,plt_Phase2Verified/apps/api/temp-50792.rdb,created,success,auto-push: dump.rdb [2026-07-06 01:14:59] --END--
2026-07-06 01:20:01,3DPrintMaket,https://github.com/deka1105/3DPrintMaket.git,plt_Phase2Verified/apps/api/temp-50885.rdb,created,success,auto-push: dump.rdb [2026-07-06 01:20:00] --END--
2026-07-06 01:25:02,3DPrintMaket,https://github.com/deka1105/3DPrintMaket.git,plt_Phase2Verified/apps/api/temp-50957.rdb,created,success,auto-push: dump.rdb [2026-07-06 01:25:01] --END--
2026-07-06 01:30:03,3DPrintMaket,https://github.com/deka1105/3DPrintMaket.git,plt_Phase2Verified/apps/api/temp-51033.rdb,created,success,auto-push: dump.rdb [2026-07-06 01:30:02] --END--
2026-07-06 01:35:04,3DPrintMaket,https://github.com/deka1105/3DPrintMaket.git,plt_Phase2Verified/apps/api/temp-51106.rdb,created,success,auto-push: dump.rdb [2026-07-06 01:35:03] --END--
2026-07-06 01:40:05,3DPrintMaket,https://github.com/deka1105/3DPrintMaket.git,plt_Phase2Verified/apps/api/temp-51212.rdb,created,success,auto-push: dump.rdb [2026-07-06 01:40:04] --END--
2026-07-06 01:45:06,3DPrintMaket,https://github.com/deka1105/3DPrintMaket.git,plt_Phase2Verified/apps/api/temp-51294.rdb,created,success,auto-push: dump.rdb [2026-07-06 01:45:05] --END--
2026-07-06 01:50:07,3DPrintMaket,https://github.com/deka1105/3DPrintMaket.git,plt_Phase2Verified/apps/api/temp-51365.rdb,created,success,auto-push: dump.rdb [2026-07-06 01:50:06] --END--
2026-07-06 01:55:08,3DPrintMaket,https://github.com/deka1105/3DPrintMaket.git,plt_Phase2Verified/apps/api/temp-51431.rdb,created,success,auto-push: dump.rdb [2026-07-06 01:55:07] --END--
2026-07-06 02:00:10,3DPrintMaket,https://github.com/deka1105/3DPrintMaket.git,plt_Phase2Verified/apps/api/temp-51504.rdb,created,success,auto-push: dump.rdb [2026-07-06 02:00:08] --END--
2026-07-06 02:05:10,3DPrintMaket,https://github.com/deka1105/3DPrintMaket.git,plt_Phase2Verified/apps/api/temp-51574.rdb,created,success,auto-push: dump.rdb [2026-07-06 02:05:09] --END--
2026-07-06 02:10:11,3DPrintMaket,https://github.com/deka1105/3DPrintMaket.git,plt_Phase2Verified/apps/api/temp-51654.rdb,created,success,auto-push: dump.rdb [2026-07-06 02:10:10] --END--
2026-07-06 02:15:12,3DPrintMaket,https://github.com/deka1105/3DPrintMaket.git,plt_Phase2Verified/apps/api/temp-51732.rdb,created,success,auto-push: dump.rdb [2026-07-06 02:15:11] --END--
2026-07-06 02:20:13,3DPrintMaket,https://github.com/deka1105/3DPrintMaket.git,plt_Phase2Verified/apps/api/temp-51966.rdb,created,success,auto-push: dump.rdb [2026-07-06 02:20:12] --END--
2026-07-06 02:21:08,ColdEmails,https://github.com/deka1105/ColdEmails.git,.claude/settings.local.json.tmp.23374.4b2bc660fee4,created,success,auto-push: README.md [2026-07-06 02:21:06] --END--
2026-07-06 02:21:12,3DPrintMaket,https://github.com/deka1105/3DPrintMaket.git,plt_Phase2Verified/apps/api/Dockerfile,modified,success,auto-push: Dockerfile [2026-07-06 02:21:10] --END--
2026-07-06 02:23:22,3DPrintMaket,https://github.com/deka1105/3DPrintMaket.git,plt_Phase2Verified/apps/api/Dockerfile,modified,success,"auto-push: Dockerfile, railway.json [2026-07-06 02:23:20] --END--"
2026-07-06 02:24:02,3DPrintMaket,https://github.com/deka1105/3DPrintMaket.git,plt_Phase2Verified/apps/web/src/app/api/printer/orders/[id]/status/route.ts,modified,success,auto-push: 20 files changed [2026-07-06 02:24:01] --END--
2026-07-06 02:25:14,3DPrintMaket,https://github.com/deka1105/3DPrintMaket.git,plt_Phase2Verified/apps/api/temp-55980.rdb,created,success,auto-push: dump.rdb [2026-07-06 02:25:13] --END--
2026-07-06 02:28:50,3DPrintMaket,https://github.com/deka1105/3DPrintMaket.git,plt_Phase2Verified/packages/db/prisma/schema.prisma,modified,success,auto-push: schema.prisma [2026-07-06 02:28:48] --END--
2026-07-06 02:30:15,3DPrintMaket,https://github.com/deka1105/3DPrintMaket.git,plt_Phase2Verified/apps/api/temp-57108.rdb,created,success,auto-push: dump.rdb [2026-07-06 02:30:14] --END--
2026-07-06 02:31:20,ColdEmails,https://github.com/deka1105/ColdEmails.git,app.py.tmp.23374.c7fabd646efc,created,success,auto-push: app.py [2026-07-06 02:31:19] --END--
2026-07-06 02:31:30,ColdEmails,https://github.com/deka1105/ColdEmails.git,app.py.tmp.23374.bca55c3a4c82,created,success,auto-push: app.py [2026-07-06 02:31:29] --END--
2026-07-06 02:31:43,ColdEmails,https://github.com/deka1105/ColdEmails.git,app.py.tmp.23374.8a87625c30ad,created,success,auto-push: app.py [2026-07-06 02:31:42] --END--
2026-07-06 02:31:49,ColdEmails,https://github.com/deka1105/ColdEmails.git,app.py.tmp.23374.b332e1f20f00,created,success,auto-push: app.py [2026-07-06 02:31:48] --END--
2026-07-06 02:31:59,ColdEmails,https://github.com/deka1105/ColdEmails.git,.streamlit/config.toml.tmp.23374.7467f10ef810,created,success,auto-push: config.toml [2026-07-06 02:31:58] --END--
2026-07-06 02:35:16,3DPrintMaket,https://github.com/deka1105/3DPrintMaket.git,plt_Phase2Verified/apps/api/temp-59725.rdb,created,success,auto-push: dump.rdb [2026-07-06 02:35:15] --END--
2026-07-06 02:35:49,ColdEmails,https://github.com/deka1105/ColdEmails.git,app.py.tmp.23374.a17429af6f81,created,success,auto-push: app.py [2026-07-06 02:35:48] --END--
2026-07-06 02:36:03,ColdEmails,https://github.com/deka1105/ColdEmails.git,app.py.tmp.23374.0dddaa024270,created,success,auto-push: app.py [2026-07-06 02:36:02] --END--
2026-07-06 02:40:17,3DPrintMaket,https://github.com/deka1105/3DPrintMaket.git,plt_Phase2Verified/apps/api/temp-60923.rdb,created,success,auto-push: dump.rdb [2026-07-06 02:40:16] --END--
2026-07-06 02:40:57,3DPrintMaket,https://github.com/deka1105/3DPrintMaket.git,Philamentos-pilot/README.md,created,success,auto-push: Philamentos-pilot [2026-07-06 02:40:56] --END--
2026-07-06 02:45:18,3DPrintMaket,https://github.com/deka1105/3DPrintMaket.git,plt_Phase2Verified/apps/api/temp-61503.rdb,created,success,auto-push: dump.rdb [2026-07-06 02:45:17] --END--
2026-07-06 02:50:19,3DPrintMaket,https://github.com/deka1105/3DPrintMaket.git,plt_Phase2Verified/apps/api/temp-61922.rdb,created,success,"auto-push: Philamentos-pilot, dump.rdb [2026-07-06 02:50:18] --END--"
2026-07-06 02:55:20,3DPrintMaket,https://github.com/deka1105/3DPrintMaket.git,plt_Phase2Verified/apps/api/temp-62305.rdb,created,success,"auto-push: Philamentos-pilot, dump.rdb [2026-07-06 02:55:19] --END--"
2026-07-06 02:58:26,3DPrintMaket,https://github.com/deka1105/3DPrintMaket.git,Philamentos-pilot/PLAN.md,modified,success,auto-push: Philamentos-pilot [2026-07-06 02:58:24] --END--
2026-07-06 03:00:21,3DPrintMaket,https://github.com/deka1105/3DPrintMaket.git,plt_Phase2Verified/apps/api/temp-62966.rdb,created,success,"auto-push: Philamentos-pilot, dump.rdb [2026-07-06 03:00:20] --END--"
2026-07-06 03:05:22,3DPrintMaket,https://github.com/deka1105/3DPrintMaket.git,plt_Phase2Verified/apps/api/temp-63030.rdb,created,success,auto-push: dump.rdb [2026-07-06 03:05:21] --END--
2026-07-06 03:10:24,3DPrintMaket,https://github.com/deka1105/3DPrintMaket.git,plt_Phase2Verified/apps/api/temp-63552.rdb,created,success,"auto-push: Philamentos-pilot, dump.rdb [2026-07-06 03:10:22] --END--"
2026-07-06 03:15:24,3DPrintMaket,https://github.com/deka1105/3DPrintMaket.git,plt_Phase2Verified/apps/api/temp-63717.rdb,created,success,auto-push: dump.rdb [2026-07-06 03:15:23] --END--
2026-07-06 03:18:37,3DPrintMaket,https://github.com/deka1105/3DPrintMaket.git,Philamentos-pilot/PLAN.md,modified,success,auto-push: Philamentos-pilot [2026-07-06 03:18:35] --END--
2026-07-06 03:20:25,3DPrintMaket,https://github.com/deka1105/3DPrintMaket.git,plt_Phase2Verified/apps/api/temp-64227.rdb,created,success,auto-push: dump.rdb [2026-07-06 03:20:24] --END--
2026-07-06 03:25:07,3DPrintMaket,https://github.com/deka1105/3DPrintMaket.git,Philamentos-pilot/PLAN.md,modified,success,auto-push: Philamentos-pilot [2026-07-06 03:25:06] --END--
2026-07-06 03:25:26,3DPrintMaket,https://github.com/deka1105/3DPrintMaket.git,plt_Phase2Verified/apps/api/temp-64654.rdb,created,success,auto-push: dump.rdb [2026-07-06 03:25:25] --END--
2026-07-06 03:30:27,3DPrintMaket,https://github.com/deka1105/3DPrintMaket.git,plt_Phase2Verified/apps/api/temp-66259.rdb,created,success,auto-push: dump.rdb [2026-07-06 03:30:26] --END--
2026-07-06 03:35:28,3DPrintMaket,https://github.com/deka1105/3DPrintMaket.git,plt_Phase2Verified/apps/api/temp-68732.rdb,created,success,"auto-push: dump.rdb, pnpm-lock.yaml [2026-07-06 03:35:27] --END--"
2026-07-06 03:39:16,3DPrintMaket,https://github.com/deka1105/3DPrintMaket.git,Philamentos-pilot/node_modules/.pnpm/@prisma+client@6.19.3_prisma@6.19.3_typescript@5.9.3__typescript@5.9.3/node_modules/.prisma/client/index.js,deleted,success,auto-push: Philamentos-pilot [2026-07-06 03:39:14] --END--
2026-07-06 03:40:05,3DPrintMaket,https://github.com/deka1105/3DPrintMaket.git,.vercel/README.txt,deleted,success,"auto-push: README.txt, project.json [2026-07-06 03:40:04] --END--"
2026-07-06 03:40:29,3DPrintMaket,https://github.com/deka1105/3DPrintMaket.git,plt_Phase2Verified/apps/api/temp-71046.rdb,created,success,"auto-push: .gitignore, dump.rdb [2026-07-06 03:40:28] --END--"
2026-07-06 03:45:30,3DPrintMaket,https://github.com/deka1105/3DPrintMaket.git,plt_Phase2Verified/apps/api/temp-72415.rdb,created,success,auto-push: dump.rdb [2026-07-06 03:45:29] --END--
2026-07-06 03:49:49,3DPrintMaket,https://github.com/deka1105/3DPrintMaket.git,Philamentos-pilot/prisma/schema.prisma.tmp.61216.3a035c7c1fc6,created,success,auto-push: Philamentos-pilot [2026-07-06 03:49:48] --END--
2026-07-06 03:50:42,3DPrintMaket,https://github.com/deka1105/3DPrintMaket.git,Philamentos-pilot/src/app/printer/page.tsx.tmp.61216.67f0a06c1df9,created,success,auto-push: dump.rdb [2026-07-06 03:50:41] --END--
2026-07-06 03:55:32,3DPrintMaket,https://github.com/deka1105/3DPrintMaket.git,plt_Phase2Verified/apps/api/temp-75837.rdb,created,success,auto-push: dump.rdb [2026-07-06 03:55:31] --END--
2026-07-06 03:58:06,3DPrintMaket,https://github.com/deka1105/3DPrintMaket.git,Philamentos-pilot/src/lib/payments.ts.tmp.61216.6eb33422233a,created,success,auto-push: Philamentos-pilot [2026-07-06 03:58:05] --END--
2026-07-06 04:00:33,3DPrintMaket,https://github.com/deka1105/3DPrintMaket.git,plt_Phase2Verified/apps/api/temp-77297.rdb,created,success,auto-push: dump.rdb [2026-07-06 04:00:32] --END--
2026-07-06 04:05:34,3DPrintMaket,https://github.com/deka1105/3DPrintMaket.git,plt_Phase2Verified/apps/api/temp-79023.rdb,created,success,auto-push: dump.rdb [2026-07-06 04:05:33] --END--
2026-07-06 04:10:35,3DPrintMaket,https://github.com/deka1105/3DPrintMaket.git,plt_Phase2Verified/apps/api/temp-79112.rdb,created,success,auto-push: dump.rdb [2026-07-06 04:10:34] --END--
2026-07-06 04:15:37,3DPrintMaket,https://github.com/deka1105/3DPrintMaket.git,plt_Phase2Verified/apps/api/temp-79193.rdb,created,success,auto-push: dump.rdb [2026-07-06 04:15:35] --END--
2026-07-06 04:20:37,3DPrintMaket,https://github.com/deka1105/3DPrintMaket.git,plt_Phase2Verified/apps/api/temp-79291.rdb,created,success,auto-push: dump.rdb [2026-07-06 04:20:36] --END--
2026-07-06 04:25:38,3DPrintMaket,https://github.com/deka1105/3DPrintMaket.git,plt_Phase2Verified/apps/api/temp-79404.rdb,created,success,auto-push: dump.rdb [2026-07-06 04:25:37] --END--
2026-07-06 04:30:39,3DPrintMaket,https://github.com/deka1105/3DPrintMaket.git,plt_Phase2Verified/apps/api/temp-79511.rdb,created,success,auto-push: dump.rdb [2026-07-06 04:30:38] --END--
2026-07-06 04:35:40,3DPrintMaket,https://github.com/deka1105/3DPrintMaket.git,plt_Phase2Verified/apps/api/temp-79592.rdb,created,success,auto-push: dump.rdb [2026-07-06 04:35:39] --END--
2026-07-06 04:40:41,3DPrintMaket,https://github.com/deka1105/3DPrintMaket.git,plt_Phase2Verified/apps/api/temp-79672.rdb,created,success,auto-push: dump.rdb [2026-07-06 04:40:40] --END--
2026-07-06 04:45:42,3DPrintMaket,https://github.com/deka1105/3DPrintMaket.git,plt_Phase2Verified/apps/api/temp-79759.rdb,created,success,auto-push: dump.rdb [2026-07-06 04:45:41] --END--
2026-07-06 04:50:43,3DPrintMaket,https://github.com/deka1105/3DPrintMaket.git,plt_Phase2Verified/apps/api/temp-79843.rdb,created,success,auto-push: dump.rdb [2026-07-06 04:50:42] --END--
2026-07-06 04:55:44,3DPrintMaket,https://github.com/deka1105/3DPrintMaket.git,plt_Phase2Verified/apps/api/temp-79932.rdb,created,success,auto-push: dump.rdb [2026-07-06 04:55:43] --END--
2026-07-06 05:00:46,3DPrintMaket,https://github.com/deka1105/3DPrintMaket.git,plt_Phase2Verified/apps/api/temp-80010.rdb,created,success,auto-push: dump.rdb [2026-07-06 05:00:44] --END--
2026-07-06 05:05:46,3DPrintMaket,https://github.com/deka1105/3DPrintMaket.git,plt_Phase2Verified/apps/api/temp-80090.rdb,created,success,auto-push: dump.rdb [2026-07-06 05:05:45] --END--
2026-07-06 05:10:48,3DPrintMaket,https://github.com/deka1105/3DPrintMaket.git,plt_Phase2Verified/apps/api/temp-80176.rdb,created,success,auto-push: dump.rdb [2026-07-06 05:10:46] --END--
2026-07-06 05:15:49,3DPrintMaket,https://github.com/deka1105/3DPrintMaket.git,plt_Phase2Verified/apps/api/temp-80264.rdb,created,success,auto-push: dump.rdb [2026-07-06 05:15:47] --END--
2026-07-06 05:20:50,3DPrintMaket,https://github.com/deka1105/3DPrintMaket.git,plt_Phase2Verified/apps/api/temp-80354.rdb,created,success,auto-push: dump.rdb [2026-07-06 05:20:48] --END--
2026-07-06 05:25:50,3DPrintMaket,https://github.com/deka1105/3DPrintMaket.git,plt_Phase2Verified/apps/api/temp-80417.rdb,created,success,auto-push: dump.rdb [2026-07-06 05:25:49] --END--
2026-07-06 05:30:52,3DPrintMaket,https://github.com/deka1105/3DPrintMaket.git,plt_Phase2Verified/apps/api/temp-80493.rdb,created,success,auto-push: dump.rdb [2026-07-06 05:30:50] --END--
2026-07-06 05:35:52,3DPrintMaket,https://github.com/deka1105/3DPrintMaket.git,plt_Phase2Verified/apps/api/temp-80573.rdb,created,success,auto-push: dump.rdb [2026-07-06 05:35:51] --END--
2026-07-06 05:40:53,3DPrintMaket,https://github.com/deka1105/3DPrintMaket.git,plt_Phase2Verified/apps/api/temp-80654.rdb,created,success,auto-push: dump.rdb [2026-07-06 05:40:52] --END--
2026-07-06 05:45:54,3DPrintMaket,https://github.com/deka1105/3DPrintMaket.git,plt_Phase2Verified/apps/api/temp-80744.rdb,created,success,auto-push: dump.rdb [2026-07-06 05:45:53] --END--
2026-07-06 05:50:55,3DPrintMaket,https://github.com/deka1105/3DPrintMaket.git,plt_Phase2Verified/apps/api/temp-80817.rdb,created,success,auto-push: dump.rdb [2026-07-06 05:50:54] --END--
2026-07-06 05:55:57,3DPrintMaket,https://github.com/deka1105/3DPrintMaket.git,plt_Phase2Verified/apps/api/temp-80911.rdb,created,success,auto-push: dump.rdb [2026-07-06 05:55:55] --END--
2026-07-06 06:00:57,3DPrintMaket,https://github.com/deka1105/3DPrintMaket.git,plt_Phase2Verified/apps/api/temp-80986.rdb,created,success,auto-push: dump.rdb [2026-07-06 06:00:56] --END--
2026-07-06 06:05:58,3DPrintMaket,https://github.com/deka1105/3DPrintMaket.git,plt_Phase2Verified/apps/api/temp-81066.rdb,created,success,auto-push: dump.rdb [2026-07-06 06:05:57] --END--
2026-07-06 06:10:59,3DPrintMaket,https://github.com/deka1105/3DPrintMaket.git,plt_Phase2Verified/apps/api/temp-81148.rdb,created,success,auto-push: dump.rdb [2026-07-06 06:10:58] --END--
2026-07-06 06:16:00,3DPrintMaket,https://github.com/deka1105/3DPrintMaket.git,plt_Phase2Verified/apps/api/temp-81232.rdb,created,success,auto-push: dump.rdb [2026-07-06 06:15:59] --END--
2026-07-06 06:21:01,3DPrintMaket,https://github.com/deka1105/3DPrintMaket.git,plt_Phase2Verified/apps/api/temp-81319.rdb,created,success,auto-push: dump.rdb [2026-07-06 06:21:00] --END--
2026-07-06 06:26:02,3DPrintMaket,https://github.com/deka1105/3DPrintMaket.git,plt_Phase2Verified/apps/api/temp-81394.rdb,created,success,auto-push: dump.rdb [2026-07-06 06:26:01] --END--
2026-07-06 06:31:03,3DPrintMaket,https://github.com/deka1105/3DPrintMaket.git,plt_Phase2Verified/apps/api/temp-81473.rdb,created,success,auto-push: dump.rdb [2026-07-06 06:31:02] --END--
2026-07-06 06:36:04,3DPrintMaket,https://github.com/deka1105/3DPrintMaket.git,plt_Phase2Verified/apps/api/temp-81557.rdb,created,success,auto-push: dump.rdb [2026-07-06 06:36:03] --END--
2026-07-06 06:41:05,3DPrintMaket,https://github.com/deka1105/3DPrintMaket.git,plt_Phase2Verified/apps/api/temp-81656.rdb,created,success,auto-push: dump.rdb [2026-07-06 06:41:04] --END--
2026-07-06 06:46:07,3DPrintMaket,https://github.com/deka1105/3DPrintMaket.git,plt_Phase2Verified/apps/api/temp-81763.rdb,created,success,auto-push: dump.rdb [2026-07-06 06:46:05] --END--
2026-07-06 06:51:08,3DPrintMaket,https://github.com/deka1105/3DPrintMaket.git,plt_Phase2Verified/apps/api/temp-81845.rdb,created,success,auto-push: dump.rdb [2026-07-06 06:51:06] --END--
2026-07-06 06:56:08,3DPrintMaket,https://github.com/deka1105/3DPrintMaket.git,plt_Phase2Verified/apps/api/temp-81933.rdb,created,success,auto-push: dump.rdb [2026-07-06 06:56:07] --END--
2026-07-06 07:01:09,3DPrintMaket,https://github.com/deka1105/3DPrintMaket.git,plt_Phase2Verified/apps/api/temp-82027.rdb,created,success,auto-push: dump.rdb [2026-07-06 07:01:08] --END--
2026-07-06 07:06:10,3DPrintMaket,https://github.com/deka1105/3DPrintMaket.git,plt_Phase2Verified/apps/api/temp-82107.rdb,created,success,auto-push: dump.rdb [2026-07-06 07:06:09] --END--
2026-07-06 07:11:11,3DPrintMaket,https://github.com/deka1105/3DPrintMaket.git,plt_Phase2Verified/apps/api/temp-82188.rdb,created,success,auto-push: dump.rdb [2026-07-06 07:11:10] --END--
2026-07-06 07:16:12,3DPrintMaket,https://github.com/deka1105/3DPrintMaket.git,plt_Phase2Verified/apps/api/temp-82272.rdb,created,success,auto-push: dump.rdb [2026-07-06 07:16:11] --END--
2026-07-06 07:21:13,3DPrintMaket,https://github.com/deka1105/3DPrintMaket.git,plt_Phase2Verified/apps/api/temp-82360.rdb,created,success,auto-push: dump.rdb [2026-07-06 07:21:12] --END--
2026-07-06 07:26:14,3DPrintMaket,https://github.com/deka1105/3DPrintMaket.git,plt_Phase2Verified/apps/api/temp-82435.rdb,created,success,auto-push: dump.rdb [2026-07-06 07:26:13] --END--
2026-07-06 07:31:15,3DPrintMaket,https://github.com/deka1105/3DPrintMaket.git,plt_Phase2Verified/apps/api/temp-82509.rdb,created,success,auto-push: dump.rdb [2026-07-06 07:31:14] --END--
2026-07-06 07:36:16,3DPrintMaket,https://github.com/deka1105/3DPrintMaket.git,plt_Phase2Verified/apps/api/temp-82595.rdb,created,success,auto-push: dump.rdb [2026-07-06 07:36:15] --END--
2026-07-06 07:41:17,3DPrintMaket,https://github.com/deka1105/3DPrintMaket.git,plt_Phase2Verified/apps/api/temp-82682.rdb,created,success,auto-push: dump.rdb [2026-07-06 07:41:16] --END--
2026-07-06 07:46:19,3DPrintMaket,https://github.com/deka1105/3DPrintMaket.git,plt_Phase2Verified/apps/api/temp-82769.rdb,created,success,auto-push: dump.rdb [2026-07-06 07:46:17] --END--
2026-07-06 07:51:19,3DPrintMaket,https://github.com/deka1105/3DPrintMaket.git,plt_Phase2Verified/apps/api/temp-82844.rdb,created,success,auto-push: dump.rdb [2026-07-06 07:51:18] --END--
2026-07-06 07:56:20,3DPrintMaket,https://github.com/deka1105/3DPrintMaket.git,plt_Phase2Verified/apps/api/temp-82932.rdb,created,success,auto-push: dump.rdb [2026-07-06 07:56:19] --END--
2026-07-06 08:01:21,3DPrintMaket,https://github.com/deka1105/3DPrintMaket.git,plt_Phase2Verified/apps/api/temp-83012.rdb,created,success,auto-push: dump.rdb [2026-07-06 08:01:20] --END--
2026-07-06 08:06:23,3DPrintMaket,https://github.com/deka1105/3DPrintMaket.git,plt_Phase2Verified/apps/api/temp-83089.rdb,created,success,auto-push: dump.rdb [2026-07-06 08:06:21] --END--
2026-07-06 08:11:24,3DPrintMaket,https://github.com/deka1105/3DPrintMaket.git,plt_Phase2Verified/apps/api/temp-83169.rdb,created,success,auto-push: dump.rdb [2026-07-06 08:11:22] --END--
2026-07-06 08:16:25,3DPrintMaket,https://github.com/deka1105/3DPrintMaket.git,plt_Phase2Verified/apps/api/temp-83245.rdb,created,success,auto-push: dump.rdb [2026-07-06 08:16:23] --END--
2026-07-06 08:21:26,3DPrintMaket,https://github.com/deka1105/3DPrintMaket.git,plt_Phase2Verified/apps/api/temp-83342.rdb,created,success,auto-push: dump.rdb [2026-07-06 08:21:24] --END--
2026-07-06 08:26:26,3DPrintMaket,https://github.com/deka1105/3DPrintMaket.git,plt_Phase2Verified/apps/api/temp-83409.rdb,created,success,auto-push: dump.rdb [2026-07-06 08:26:25] --END--
2026-07-06 08:31:28,3DPrintMaket,https://github.com/deka1105/3DPrintMaket.git,plt_Phase2Verified/apps/api/temp-83492.rdb,created,success,auto-push: dump.rdb [2026-07-06 08:31:26] --END--
2026-07-06 08:36:28,3DPrintMaket,https://github.com/deka1105/3DPrintMaket.git,plt_Phase2Verified/apps/api/temp-83576.rdb,created,success,auto-push: dump.rdb [2026-07-06 08:36:27] --END--
2026-07-06 08:41:30,3DPrintMaket,https://github.com/deka1105/3DPrintMaket.git,plt_Phase2Verified/apps/api/temp-83655.rdb,created,success,auto-push: dump.rdb [2026-07-06 08:41:28] --END--
2026-07-06 08:46:30,3DPrintMaket,https://github.com/deka1105/3DPrintMaket.git,plt_Phase2Verified/apps/api/temp-83734.rdb,created,success,auto-push: dump.rdb [2026-07-06 08:46:29] --END--
2026-07-06 08:51:31,3DPrintMaket,https://github.com/deka1105/3DPrintMaket.git,plt_Phase2Verified/apps/api/temp-83816.rdb,created,success,auto-push: dump.rdb [2026-07-06 08:51:30] --END--
2026-07-06 08:56:32,3DPrintMaket,https://github.com/deka1105/3DPrintMaket.git,plt_Phase2Verified/apps/api/temp-83905.rdb,created,success,auto-push: dump.rdb [2026-07-06 08:56:31] --END--
2026-07-06 09:01:34,3DPrintMaket,https://github.com/deka1105/3DPrintMaket.git,plt_Phase2Verified/apps/api/temp-83998.rdb,created,success,auto-push: dump.rdb [2026-07-06 09:01:32] --END--
2026-07-06 09:06:34,3DPrintMaket,https://github.com/deka1105/3DPrintMaket.git,plt_Phase2Verified/apps/api/temp-84076.rdb,created,success,auto-push: dump.rdb [2026-07-06 09:06:33] --END--
2026-07-06 09:11:36,3DPrintMaket,https://github.com/deka1105/3DPrintMaket.git,plt_Phase2Verified/apps/api/temp-84158.rdb,created,success,auto-push: dump.rdb [2026-07-06 09:11:34] --END--
2026-07-06 09:16:36,3DPrintMaket,https://github.com/deka1105/3DPrintMaket.git,plt_Phase2Verified/apps/api/temp-84248.rdb,created,success,auto-push: dump.rdb [2026-07-06 09:16:35] --END--
2026-07-06 09:21:38,3DPrintMaket,https://github.com/deka1105/3DPrintMaket.git,plt_Phase2Verified/apps/api/temp-84327.rdb,created,success,auto-push: dump.rdb [2026-07-06 09:21:36] --END--
2026-07-06 09:26:38,3DPrintMaket,https://github.com/deka1105/3DPrintMaket.git,plt_Phase2Verified/apps/api/temp-84409.rdb,created,success,auto-push: dump.rdb [2026-07-06 09:26:37] --END--
2026-07-06 09:31:40,3DPrintMaket,https://github.com/deka1105/3DPrintMaket.git,plt_Phase2Verified/apps/api/temp-84480.rdb,created,success,auto-push: dump.rdb [2026-07-06 09:31:38] --END--
2026-07-06 09:36:41,3DPrintMaket,https://github.com/deka1105/3DPrintMaket.git,plt_Phase2Verified/apps/api/temp-84567.rdb,created,success,auto-push: dump.rdb [2026-07-06 09:36:39] --END--
2026-07-06 09:41:42,3DPrintMaket,https://github.com/deka1105/3DPrintMaket.git,plt_Phase2Verified/apps/api/temp-84653.rdb,created,success,auto-push: dump.rdb [2026-07-06 09:41:40] --END--
2026-07-06 09:46:43,3DPrintMaket,https://github.com/deka1105/3DPrintMaket.git,plt_Phase2Verified/apps/api/temp-84743.rdb,created,success,auto-push: dump.rdb [2026-07-06 09:46:41] --END--
2026-07-06 09:51:44,3DPrintMaket,https://github.com/deka1105/3DPrintMaket.git,plt_Phase2Verified/apps/api/temp-84816.rdb,created,success,auto-push: dump.rdb [2026-07-06 09:51:42] --END--
2026-07-06 09:56:45,3DPrintMaket,https://github.com/deka1105/3DPrintMaket.git,plt_Phase2Verified/apps/api/temp-84924.rdb,created,success,auto-push: dump.rdb [2026-07-06 09:56:43] --END--
2026-07-06 10:01:46,3DPrintMaket,https://github.com/deka1105/3DPrintMaket.git,plt_Phase2Verified/apps/api/temp-85022.rdb,created,success,auto-push: dump.rdb [2026-07-06 10:01:44] --END--
2026-07-06 10:06:47,3DPrintMaket,https://github.com/deka1105/3DPrintMaket.git,plt_Phase2Verified/apps/api/temp-85123.rdb,created,success,auto-push: dump.rdb [2026-07-06 10:06:45] --END--
2026-07-06 10:11:47,3DPrintMaket,https://github.com/deka1105/3DPrintMaket.git,plt_Phase2Verified/apps/api/temp-85207.rdb,created,success,auto-push: dump.rdb [2026-07-06 10:11:46] --END--
2026-07-06 10:16:49,3DPrintMaket,https://github.com/deka1105/3DPrintMaket.git,plt_Phase2Verified/apps/api/temp-85293.rdb,created,success,auto-push: dump.rdb [2026-07-06 10:16:47] --END--
2026-07-06 10:21:50,3DPrintMaket,https://github.com/deka1105/3DPrintMaket.git,plt_Phase2Verified/apps/api/temp-85378.rdb,created,success,auto-push: dump.rdb [2026-07-06 10:21:48] --END--
2026-07-06 10:26:51,3DPrintMaket,https://github.com/deka1105/3DPrintMaket.git,plt_Phase2Verified/apps/api/temp-85458.rdb,created,success,auto-push: dump.rdb [2026-07-06 10:26:49] --END--
2026-07-06 10:29:25,ColdEmails,https://github.com/deka1105/ColdEmails.git,coldemails/models.py.tmp.23374.30df5cf5f4f5,created,success,auto-push: models.py [2026-07-06 10:29:23] --END--
2026-07-06 10:29:35,ColdEmails,https://github.com/deka1105/ColdEmails.git,coldemails/gmail.py.tmp.23374.b64f327abbd6,created,success,auto-push: gmail.py [2026-07-06 10:29:33] --END--
2026-07-06 10:29:40,ColdEmails,https://github.com/deka1105/ColdEmails.git,coldemails/gmail.py.tmp.23374.23d18859c5b2,created,success,auto-push: gmail.py [2026-07-06 10:29:39] --END--
2026-07-06 10:29:52,ColdEmails,https://github.com/deka1105/ColdEmails.git,coldemails/engine.py.tmp.23374.04d78ca44586,created,success,auto-push: engine.py [2026-07-06 10:29:50] --END--
2026-07-06 10:30:03,ColdEmails,https://github.com/deka1105/ColdEmails.git,coldemails/cli.py.tmp.23374.e28e555211f4,created,success,"auto-push: cli.py, engine.py [2026-07-06 10:30:02] --END--"
2026-07-06 10:30:13,ColdEmails,https://github.com/deka1105/ColdEmails.git,app.py.tmp.23374.f3c6840ac877,created,success,"auto-push: app.py, cli.py [2026-07-06 10:30:12] --END--"
2026-07-06 10:30:24,ColdEmails,https://github.com/deka1105/ColdEmails.git,app.py.tmp.23374.664d21339ccf,created,success,auto-push: app.py [2026-07-06 10:30:23] --END--
2026-07-06 10:30:40,ColdEmails,https://github.com/deka1105/ColdEmails.git,app.py.tmp.23374.4e2e65efdf6a,created,success,auto-push: app.py [2026-07-06 10:30:39] --END--
2026-07-06 10:30:56,ColdEmails,https://github.com/deka1105/ColdEmails.git,tests/test_attachments.py.tmp.23374.a967bc004fbc,created,success,"auto-push: app.py, test_attachments.py [2026-07-06 10:30:55] --END--"
2026-07-06 10:31:52,3DPrintMaket,https://github.com/deka1105/3DPrintMaket.git,plt_Phase2Verified/apps/api/temp-88751.rdb,created,success,"auto-push: Philamentos-pilot, dump.rdb [2026-07-06 10:31:50] --END--"
2026-07-06 10:31:54,ColdEmails,https://github.com/deka1105/ColdEmails.git,README.md.tmp.23374.3a231aaa94c9,created,success,auto-push: README.md [2026-07-06 10:31:53] --END--
2026-07-06 10:31:59,ColdEmails,https://github.com/deka1105/ColdEmails.git,HANDOFF.md.tmp.23374.a722acbb590a,created,success,"auto-push: HANDOFF.md, README.md [2026-07-06 10:31:58] --END--"
2026-07-06 10:36:00,ColdEmails,https://github.com/deka1105/ColdEmails.git,coldemails/cli.py.tmp.23374.b83043c79bbd,created,success,auto-push: cli.py [2026-07-06 10:35:59] --END--
2026-07-06 10:36:12,ColdEmails,https://github.com/deka1105/ColdEmails.git,tests/test_attachments.py.tmp.23374.67ec3566ef0d,created,success,"auto-push: cli.py, test_attachments.py [2026-07-06 10:36:11] --END--"
2026-07-06 10:36:27,ColdEmails,https://github.com/deka1105/ColdEmails.git,README.md.tmp.23374.36cc43907c8c,created,success,auto-push: README.md [2026-07-06 10:36:26] --END--
2026-07-06 10:36:53,3DPrintMaket,https://github.com/deka1105/3DPrintMaket.git,plt_Phase2Verified/apps/api/temp-91888.rdb,created,success,"auto-push: Philamentos-pilot, dump.rdb [2026-07-06 10:36:51] --END--"
2026-07-06 10:41:54,3DPrintMaket,https://github.com/deka1105/3DPrintMaket.git,plt_Phase2Verified/apps/api/temp-94084.rdb,created,success,auto-push: dump.rdb [2026-07-06 10:41:52] --END--
2026-07-06 10:43:32,3DPrintMaket,https://github.com/deka1105/3DPrintMaket.git,.claude/scheduled_tasks.lock,created,success,auto-push: Philamentos-pilot [2026-07-06 10:43:30] --END--
2026-07-06 10:46:54,3DPrintMaket,https://github.com/deka1105/3DPrintMaket.git,plt_Phase2Verified/apps/api/temp-95854.rdb,created,success,auto-push: dump.rdb [2026-07-06 10:46:53] --END--
2026-07-06 10:51:56,3DPrintMaket,https://github.com/deka1105/3DPrintMaket.git,plt_Phase2Verified/apps/api/temp-96237.rdb,created,success,auto-push: dump.rdb [2026-07-06 10:51:54] --END--
2026-07-06 10:56:57,3DPrintMaket,https://github.com/deka1105/3DPrintMaket.git,plt_Phase2Verified/apps/api/temp-96317.rdb,created,success,auto-push: dump.rdb [2026-07-06 10:56:55] --END--
2026-07-06 11:01:58,3DPrintMaket,https://github.com/deka1105/3DPrintMaket.git,plt_Phase2Verified/apps/api/temp-96393.rdb,created,success,auto-push: dump.rdb [2026-07-06 11:01:56] --END--
2026-07-06 11:06:59,3DPrintMaket,https://github.com/deka1105/3DPrintMaket.git,plt_Phase2Verified/apps/api/temp-96452.rdb,created,success,auto-push: dump.rdb [2026-07-06 11:06:57] --END--
2026-07-06 11:11:59,3DPrintMaket,https://github.com/deka1105/3DPrintMaket.git,plt_Phase2Verified/apps/api/temp-96532.rdb,created,success,auto-push: dump.rdb [2026-07-06 11:11:58] --END--
2026-07-06 11:17:01,3DPrintMaket,https://github.com/deka1105/3DPrintMaket.git,plt_Phase2Verified/apps/api/temp-96599.rdb,created,success,auto-push: dump.rdb [2026-07-06 11:16:59] --END--
2026-07-06 11:22:02,3DPrintMaket,https://github.com/deka1105/3DPrintMaket.git,plt_Phase2Verified/apps/api/temp-96694.rdb,created,success,auto-push: dump.rdb [2026-07-06 11:22:00] --END--
2026-07-06 11:27:03,3DPrintMaket,https://github.com/deka1105/3DPrintMaket.git,plt_Phase2Verified/apps/api/temp-96774.rdb,created,success,auto-push: dump.rdb [2026-07-06 11:27:01] --END--
2026-07-06 11:32:04,3DPrintMaket,https://github.com/deka1105/3DPrintMaket.git,plt_Phase2Verified/apps/api/temp-96859.rdb,created,success,auto-push: dump.rdb [2026-07-06 11:32:02] --END--
2026-07-06 11:37:05,3DPrintMaket,https://github.com/deka1105/3DPrintMaket.git,plt_Phase2Verified/apps/api/temp-96943.rdb,created,success,auto-push: dump.rdb [2026-07-06 11:37:03] --END--
2026-07-06 11:42:06,3DPrintMaket,https://github.com/deka1105/3DPrintMaket.git,plt_Phase2Verified/apps/api/temp-97048.rdb,created,success,auto-push: dump.rdb [2026-07-06 11:42:04] --END--
2026-07-06 11:47:07,3DPrintMaket,https://github.com/deka1105/3DPrintMaket.git,plt_Phase2Verified/apps/api/temp-97132.rdb,created,success,auto-push: dump.rdb [2026-07-06 11:47:05] --END--
2026-07-06 11:52:08,3DPrintMaket,https://github.com/deka1105/3DPrintMaket.git,plt_Phase2Verified/apps/api/temp-97196.rdb,created,success,auto-push: dump.rdb [2026-07-06 11:52:06] --END--
2026-07-06 11:57:09,3DPrintMaket,https://github.com/deka1105/3DPrintMaket.git,plt_Phase2Verified/apps/api/temp-97256.rdb,created,success,auto-push: dump.rdb [2026-07-06 11:57:07] --END--
2026-07-06 12:02:10,3DPrintMaket,https://github.com/deka1105/3DPrintMaket.git,plt_Phase2Verified/apps/api/temp-97341.rdb,created,success,auto-push: dump.rdb [2026-07-06 12:02:08] --END--
2026-07-06 12:07:11,3DPrintMaket,https://github.com/deka1105/3DPrintMaket.git,plt_Phase2Verified/apps/api/temp-97421.rdb,created,success,auto-push: dump.rdb [2026-07-06 12:07:09] --END--
2026-07-06 12:12:12,3DPrintMaket,https://github.com/deka1105/3DPrintMaket.git,plt_Phase2Verified/apps/api/temp-97507.rdb,created,success,auto-push: dump.rdb [2026-07-06 12:12:10] --END--
2026-07-06 12:17:12,3DPrintMaket,https://github.com/deka1105/3DPrintMaket.git,plt_Phase2Verified/apps/api/temp-97588.rdb,created,success,auto-push: dump.rdb [2026-07-06 12:17:11] --END--
2026-07-06 12:22:14,3DPrintMaket,https://github.com/deka1105/3DPrintMaket.git,plt_Phase2Verified/apps/api/temp-97666.rdb,created,success,auto-push: dump.rdb [2026-07-06 12:22:12] --END--
2026-07-06 12:27:15,3DPrintMaket,https://github.com/deka1105/3DPrintMaket.git,plt_Phase2Verified/apps/api/temp-97766.rdb,created,success,auto-push: dump.rdb [2026-07-06 12:27:13] --END--
2026-07-06 12:32:16,3DPrintMaket,https://github.com/deka1105/3DPrintMaket.git,plt_Phase2Verified/apps/api/temp-97878.rdb,created,success,auto-push: dump.rdb [2026-07-06 12:32:14] --END--
2026-07-06 12:37:17,3DPrintMaket,https://github.com/deka1105/3DPrintMaket.git,plt_Phase2Verified/apps/api/temp-97955.rdb,created,success,auto-push: dump.rdb [2026-07-06 12:37:15] --END--
2026-07-06 12:42:18,3DPrintMaket,https://github.com/deka1105/3DPrintMaket.git,plt_Phase2Verified/apps/api/temp-98071.rdb,created,success,auto-push: dump.rdb [2026-07-06 12:42:16] --END--
2026-07-06 12:47:19,3DPrintMaket,https://github.com/deka1105/3DPrintMaket.git,plt_Phase2Verified/apps/api/temp-98156.rdb,created,success,auto-push: dump.rdb [2026-07-06 12:47:17] --END--
2026-07-06 12:52:20,3DPrintMaket,https://github.com/deka1105/3DPrintMaket.git,plt_Phase2Verified/apps/api/temp-98245.rdb,created,success,auto-push: dump.rdb [2026-07-06 12:52:18] --END--
2026-07-06 12:57:21,3DPrintMaket,https://github.com/deka1105/3DPrintMaket.git,plt_Phase2Verified/apps/api/temp-98347.rdb,created,success,auto-push: dump.rdb [2026-07-06 12:57:19] --END--
2026-07-06 13:02:22,3DPrintMaket,https://github.com/deka1105/3DPrintMaket.git,plt_Phase2Verified/apps/api/temp-98421.rdb,created,success,auto-push: dump.rdb [2026-07-06 13:02:20] --END--
2026-07-06 13:07:23,3DPrintMaket,https://github.com/deka1105/3DPrintMaket.git,plt_Phase2Verified/apps/api/temp-98491.rdb,created,success,auto-push: dump.rdb [2026-07-06 13:07:21] --END--
2026-07-06 13:12:24,3DPrintMaket,https://github.com/deka1105/3DPrintMaket.git,plt_Phase2Verified/apps/api/temp-98573.rdb,created,success,auto-push: dump.rdb [2026-07-06 13:12:22] --END--
2026-07-06 13:17:26,3DPrintMaket,https://github.com/deka1105/3DPrintMaket.git,plt_Phase2Verified/apps/api/temp-98660.rdb,created,success,auto-push: dump.rdb [2026-07-06 13:17:23] --END--
2026-07-06 13:22:26,3DPrintMaket,https://github.com/deka1105/3DPrintMaket.git,plt_Phase2Verified/apps/api/temp-98728.rdb,created,success,auto-push: dump.rdb [2026-07-06 13:22:24] --END--
2026-07-06 13:27:26,3DPrintMaket,https://github.com/deka1105/3DPrintMaket.git,plt_Phase2Verified/apps/api/temp-98798.rdb,created,success,auto-push: dump.rdb [2026-07-06 13:27:25] --END--
2026-07-06 13:32:28,3DPrintMaket,https://github.com/deka1105/3DPrintMaket.git,plt_Phase2Verified/apps/api/temp-98866.rdb,created,success,auto-push: dump.rdb [2026-07-06 13:32:26] --END--
2026-07-06 13:37:29,3DPrintMaket,https://github.com/deka1105/3DPrintMaket.git,plt_Phase2Verified/apps/api/temp-98927.rdb,created,success,auto-push: dump.rdb [2026-07-06 13:37:27] --END--
2026-07-06 13:42:30,3DPrintMaket,https://github.com/deka1105/3DPrintMaket.git,plt_Phase2Verified/apps/api/temp-99001.rdb,created,success,auto-push: dump.rdb [2026-07-06 13:42:28] --END--
2026-07-06 13:47:31,3DPrintMaket,https://github.com/deka1105/3DPrintMaket.git,plt_Phase2Verified/apps/api/temp-99068.rdb,created,success,auto-push: dump.rdb [2026-07-06 13:47:29] --END--
2026-07-06 13:52:32,3DPrintMaket,https://github.com/deka1105/3DPrintMaket.git,plt_Phase2Verified/apps/api/temp-99140.rdb,created,success,auto-push: dump.rdb [2026-07-06 13:52:30] --END--
2026-07-06 13:57:33,3DPrintMaket,https://github.com/deka1105/3DPrintMaket.git,plt_Phase2Verified/apps/api/temp-99224.rdb,created,success,auto-push: dump.rdb [2026-07-06 13:57:31] --END--
2026-07-06 14:02:34,3DPrintMaket,https://github.com/deka1105/3DPrintMaket.git,plt_Phase2Verified/apps/api/temp-99317.rdb,created,success,auto-push: dump.rdb [2026-07-06 14:02:32] --END--
2026-07-06 14:07:35,3DPrintMaket,https://github.com/deka1105/3DPrintMaket.git,plt_Phase2Verified/apps/api/temp-99390.rdb,created,success,auto-push: dump.rdb [2026-07-06 14:07:33] --END--
2026-07-06 14:12:36,3DPrintMaket,https://github.com/deka1105/3DPrintMaket.git,plt_Phase2Verified/apps/api/temp-99486.rdb,created,success,auto-push: dump.rdb [2026-07-06 14:12:34] --END--
2026-07-06 14:17:37,3DPrintMaket,https://github.com/deka1105/3DPrintMaket.git,plt_Phase2Verified/apps/api/temp-99570.rdb,created,success,auto-push: dump.rdb [2026-07-06 14:17:35] --END--
2026-07-06 14:22:38,3DPrintMaket,https://github.com/deka1105/3DPrintMaket.git,plt_Phase2Verified/apps/api/temp-99681.rdb,created,success,auto-push: dump.rdb [2026-07-06 14:22:36] --END--
2026-07-06 14:27:39,3DPrintMaket,https://github.com/deka1105/3DPrintMaket.git,plt_Phase2Verified/apps/api/temp-99727.rdb,created,success,auto-push: dump.rdb [2026-07-06 14:27:37] --END--
2026-07-06 14:32:40,3DPrintMaket,https://github.com/deka1105/3DPrintMaket.git,plt_Phase2Verified/apps/api/temp-99805.rdb,created,success,auto-push: dump.rdb [2026-07-06 14:32:38] --END--
2026-07-06 14:37:41,3DPrintMaket,https://github.com/deka1105/3DPrintMaket.git,plt_Phase2Verified/apps/api/temp-99856.rdb,created,success,auto-push: dump.rdb [2026-07-06 14:37:39] --END--
2026-07-06 14:42:42,3DPrintMaket,https://github.com/deka1105/3DPrintMaket.git,plt_Phase2Verified/apps/api/temp-99902.rdb,created,success,auto-push: dump.rdb [2026-07-06 14:42:40] --END--
2026-07-06 14:47:43,3DPrintMaket,https://github.com/deka1105/3DPrintMaket.git,plt_Phase2Verified/apps/api/temp-99947.rdb,created,success,auto-push: dump.rdb [2026-07-06 14:47:41] --END--
2026-07-06 14:52:44,3DPrintMaket,https://github.com/deka1105/3DPrintMaket.git,plt_Phase2Verified/apps/api/temp-114.rdb,created,success,auto-push: dump.rdb [2026-07-06 14:52:42] --END--
2026-07-06 14:57:45,3DPrintMaket,https://github.com/deka1105/3DPrintMaket.git,plt_Phase2Verified/apps/api/temp-196.rdb,created,success,auto-push: dump.rdb [2026-07-06 14:57:43] --END--
2026-07-06 15:02:46,3DPrintMaket,https://github.com/deka1105/3DPrintMaket.git,plt_Phase2Verified/apps/api/temp-243.rdb,created,success,auto-push: dump.rdb [2026-07-06 15:02:44] --END--
2026-07-06 15:07:47,3DPrintMaket,https://github.com/deka1105/3DPrintMaket.git,plt_Phase2Verified/apps/api/temp-318.rdb,created,success,auto-push: dump.rdb [2026-07-06 15:07:45] --END--
2026-07-06 15:12:48,3DPrintMaket,https://github.com/deka1105/3DPrintMaket.git,plt_Phase2Verified/apps/api/temp-410.rdb,created,success,auto-push: dump.rdb [2026-07-06 15:12:46] --END--
2026-07-06 15:17:49,3DPrintMaket,https://github.com/deka1105/3DPrintMaket.git,plt_Phase2Verified/apps/api/temp-527.rdb,created,success,auto-push: dump.rdb [2026-07-06 15:17:47] --END--
2026-07-06 15:22:50,3DPrintMaket,https://github.com/deka1105/3DPrintMaket.git,plt_Phase2Verified/apps/api/temp-623.rdb,created,success,auto-push: dump.rdb [2026-07-06 15:22:48] --END--
2026-07-06 15:27:51,3DPrintMaket,https://github.com/deka1105/3DPrintMaket.git,plt_Phase2Verified/apps/api/temp-704.rdb,created,success,auto-push: dump.rdb [2026-07-06 15:27:49] --END--
2026-07-06 15:32:52,3DPrintMaket,https://github.com/deka1105/3DPrintMaket.git,plt_Phase2Verified/apps/api/temp-783.rdb,created,success,auto-push: dump.rdb [2026-07-06 15:32:50] --END--
2026-07-06 15:37:53,3DPrintMaket,https://github.com/deka1105/3DPrintMaket.git,plt_Phase2Verified/apps/api/temp-847.rdb,created,success,auto-push: dump.rdb [2026-07-06 15:37:51] --END--
2026-07-06 15:42:54,3DPrintMaket,https://github.com/deka1105/3DPrintMaket.git,plt_Phase2Verified/apps/api/temp-914.rdb,created,success,auto-push: dump.rdb [2026-07-06 15:42:52] --END--
2026-07-06 15:47:55,3DPrintMaket,https://github.com/deka1105/3DPrintMaket.git,plt_Phase2Verified/apps/api/temp-991.rdb,created,success,auto-push: dump.rdb [2026-07-06 15:47:53] --END--
2026-07-06 15:52:56,3DPrintMaket,https://github.com/deka1105/3DPrintMaket.git,plt_Phase2Verified/apps/api/temp-1204.rdb,created,success,auto-push: dump.rdb [2026-07-06 15:52:54] --END--
2026-07-06 15:58:01,3DPrintMaket,https://github.com/deka1105/3DPrintMaket.git,Philamentos-pilot/.next/server/server-reference-manifest.js,modified,success,auto-push: dump.rdb [2026-07-06 15:57:59] --END--
2026-07-06 16:02:58,3DPrintMaket,https://github.com/deka1105/3DPrintMaket.git,plt_Phase2Verified/apps/api/temp-3535.rdb,created,success,"auto-push: Philamentos-pilot, dump.rdb [2026-07-06 16:02:56] --END--"
2026-07-06 16:07:58,3DPrintMaket,https://github.com/deka1105/3DPrintMaket.git,plt_Phase2Verified/apps/api/temp-4758.rdb,created,success,auto-push: dump.rdb [2026-07-06 16:07:57] --END--
2026-07-06 16:10:20,3DPrintMaket,https://github.com/deka1105/3DPrintMaket.git,.gitignore,modified,success,auto-push: .gitignore [2026-07-06 16:10:19] --END--
2026-07-06 16:10:43,3DPrintMaket,https://github.com/deka1105/3DPrintMaket.git,plt_Phase2Verified/apps/api/dump.rdb,deleted,error,"git add failed: fatal: Unable to create '/Users/shubhamarundekatey/ClaudeCode/day20/3DPrintMaket/.git/index.lock': File exists.\n\nAnother git process seems to be running in this repository, or the lock file may be stale --END--"
2026-07-06 16:12:59,3DPrintMaket,https://github.com/deka1105/3DPrintMaket.git,plt_Phase2Verified/apps/api/temp-5961.rdb,created,success,"auto-push: Philamentos-pilot, dump.rdb [2026-07-06 16:12:58] --END--"
2026-07-06 16:16:18,3DPrintMaket,https://github.com/deka1105/3DPrintMaket.git,plt_Phase2Verified/apps/web/.turbo/turbo-typecheck.log,modified,success,"auto-push: turbo-typecheck.log, turbo-typecheck.log, turbo-typecheck.log [2026-07-06 16:16:16] --END--"
2026-07-06 16:16:25,3DPrintMaket,https://github.com/deka1105/3DPrintMaket.git,plt_Phase2Verified/apps/web/.turbo/turbo-typecheck.log,modified,success,"auto-push: turbo-typecheck.log, turbo-typecheck.log [2026-07-06 16:16:24] --END--"
2026-07-06 16:18:01,3DPrintMaket,https://github.com/deka1105/3DPrintMaket.git,plt_Phase2Verified/apps/api/temp-7163.rdb,created,success,auto-push: turbo-typecheck.log [2026-07-06 16:17:59] --END--
2026-07-06 16:30:38,3DPrintMaket,https://github.com/deka1105/3DPrintMaket.git,plt_Phase2Verified/pay-tmp.mjs,created,success,auto-push: pay-tmp.mjs [2026-07-06 16:30:37] --END--
2026-07-06 16:31:12,3DPrintMaket,https://github.com/deka1105/3DPrintMaket.git,plt_Phase2Verified/pay-tmp.mjs,deleted,success,auto-push: pay-tmp.mjs [2026-07-06 16:31:11] --END--
2026-07-06 16:31:29,3DPrintMaket,https://github.com/deka1105/3DPrintMaket.git,plt_Phase2Verified/pay-tmp.mjs,created,success,auto-push: pay-tmp.mjs [2026-07-06 16:31:27] --END--
2026-07-06 16:31:36,3DPrintMaket,https://github.com/deka1105/3DPrintMaket.git,plt_Phase2Verified/pay-tmp.mjs,modified,success,auto-push: pay-tmp.mjs [2026-07-06 16:31:34] --END--
2026-07-06 16:31:49,3DPrintMaket,https://github.com/deka1105/3DPrintMaket.git,plt_Phase2Verified/pay-tmp.mjs,created,success,auto-push: pay-tmp.mjs [2026-07-06 16:31:48] --END--
2026-07-06 16:32:56,3DPrintMaket,https://github.com/deka1105/3DPrintMaket.git,plt_Phase2Verified/pay-tmp.mjs,deleted,success,auto-push: pay-tmp.mjs [2026-07-06 16:32:54] --END--
2026-07-06 16:33:04,3DPrintMaket,https://github.com/deka1105/3DPrintMaket.git,plt_Phase2Verified/apps/api/temp-10022.rdb,created,success,auto-push: temp-10022.rdb [2026-07-06 16:33:02] --END--
2026-07-06 16:33:12,3DPrintMaket,https://github.com/deka1105/3DPrintMaket.git,plt_Phase2Verified/pay-tmp.mjs,modified,success,auto-push: temp-10022.rdb [2026-07-06 16:33:11] --END--
2026-07-06 16:33:29,3DPrintMaket,https://github.com/deka1105/3DPrintMaket.git,plt_Phase2Verified/pay-tmp.mjs,created,success,auto-push: pay-tmp.mjs [2026-07-06 16:33:28] --END--
2026-07-06 16:34:05,3DPrintMaket,https://github.com/deka1105/3DPrintMaket.git,plt_Phase2Verified/pay-tmp.mjs,deleted,success,auto-push: pay-tmp.mjs [2026-07-06 16:34:03] --END--
2026-07-06 16:34:28,3DPrintMaket,https://github.com/deka1105/3DPrintMaket.git,plt_Phase2Verified/pay-tmp.mjs,created,success,auto-push: pay-tmp.mjs [2026-07-06 16:34:26] --END--
2026-07-06 16:34:48,3DPrintMaket,https://github.com/deka1105/3DPrintMaket.git,plt_Phase2Verified/pay-tmp.mjs,created,success,auto-push: pay-tmp.mjs [2026-07-06 16:34:46] --END--
2026-07-06 16:35:04,3DPrintMaket,https://github.com/deka1105/3DPrintMaket.git,plt_Phase2Verified/pay-tmp.mjs,modified,success,auto-push: pay-tmp.mjs [2026-07-06 16:35:02] --END--
2026-07-06 16:35:43,3DPrintMaket,https://github.com/deka1105/3DPrintMaket.git,plt_Phase2Verified/pay-tmp.mjs,created,success,auto-push: pay-tmp.mjs [2026-07-06 16:35:42] --END--
2026-07-06 16:35:59,3DPrintMaket,https://github.com/deka1105/3DPrintMaket.git,plt_Phase2Verified/pay-tmp.mjs,modified,success,auto-push: pay-tmp.mjs [2026-07-06 16:35:57] --END--
2026-07-06 16:36:19,3DPrintMaket,https://github.com/deka1105/3DPrintMaket.git,plt_Phase2Verified/pay-tmp.mjs,created,success,auto-push: pay-tmp.mjs [2026-07-06 16:36:18] --END--
2026-07-06 16:36:45,3DPrintMaket,https://github.com/deka1105/3DPrintMaket.git,plt_Phase2Verified/pay-tmp.mjs,deleted,success,auto-push: pay-tmp.mjs [2026-07-06 16:36:44] --END--
2026-07-06 16:37:10,3DPrintMaket,https://github.com/deka1105/3DPrintMaket.git,plt_Phase2Verified/pay-tmp.mjs,created,success,auto-push: pay-tmp.mjs [2026-07-06 16:37:08] --END--
2026-07-06 16:37:16,3DPrintMaket,https://github.com/deka1105/3DPrintMaket.git,plt_Phase2Verified/pay-tmp.mjs,deleted,success,auto-push: pay-tmp.mjs [2026-07-06 16:37:15] --END--
2026-07-06 16:37:31,3DPrintMaket,https://github.com/deka1105/3DPrintMaket.git,plt_Phase2Verified/pay-tmp.mjs,created,success,auto-push: pay-tmp.mjs [2026-07-06 16:37:29] --END--
2026-07-06 16:37:48,3DPrintMaket,https://github.com/deka1105/3DPrintMaket.git,plt_Phase2Verified/pay-tmp.mjs,deleted,success,auto-push: pay-tmp.mjs [2026-07-06 16:37:46] --END--
2026-07-06 17:34:06,3DPrintMaket,https://github.com/deka1105/3DPrintMaket.git,plt_Phase2Verified/shot-tmp.mjs,created,success,auto-push: shot-tmp.mjs [2026-07-06 17:34:05] --END--
2026-07-06 17:38:16,3DPrintMaket,https://github.com/deka1105/3DPrintMaket.git,plt_Phase2Verified/apps/api/temp-13934.rdb,created,success,auto-push: shot-tmp.mjs [2026-07-06 17:38:15] --END--
2026-07-06 17:48:14,ColdEmails,https://github.com/deka1105/ColdEmails.git,backup.sh.tmp.23374.71eec1ba8e8f,created,success,"auto-push: HANDOFF.md, backup.sh [2026-07-06 17:48:12] --END--"
2026-07-06 17:48:22,3DPrintMaket,https://github.com/deka1105/3DPrintMaket.git,plt_Phase2Verified/apps/api/temp-15489.rdb,created,success,auto-push: temp-15489.rdb [2026-07-06 17:48:18] --END--
2026-07-06 17:48:24,3DPrintMaket,https://github.com/deka1105/3DPrintMaket.git,plt_Phase2Verified/apps/api/temp-15489.rdb,modified,success,auto-push: temp-15489.rdb [2026-07-06 17:48:22] --END--
2026-07-06 17:48:27,ColdEmails,https://github.com/deka1105/ColdEmails.git,backup.sh,modified,success,auto-push: backup.sh [2026-07-06 17:48:25] --END--
2026-07-06 17:48:47,ColdEmails,https://github.com/deka1105/ColdEmails.git,HANDOFF.md.tmp.23374.cad72fa7c11c,created,success,auto-push: HANDOFF.md [2026-07-06 17:48:46] --END--
2026-07-06 18:33:29,3DPrintMaket,https://github.com/deka1105/3DPrintMaket.git,plt_Phase2Verified/apps/api/temp-16589.rdb,created,success,auto-push: temp-16589.rdb [2026-07-06 18:33:27] --END--
2026-07-06 18:38:29,3DPrintMaket,https://github.com/deka1105/3DPrintMaket.git,plt_Phase2Verified/apps/api/temp-19743.rdb,created,success,auto-push: temp-16589.rdb [2026-07-06 18:38:28] --END--
2026-07-06 19:23:39,3DPrintMaket,https://github.com/deka1105/3DPrintMaket.git,plt_Phase2Verified/apps/api/temp-22010.rdb,created,success,auto-push: temp-22010.rdb [2026-07-06 19:23:37] --END--
2026-07-06 19:28:39,3DPrintMaket,https://github.com/deka1105/3DPrintMaket.git,plt_Phase2Verified/apps/api/temp-22092.rdb,created,success,auto-push: temp-22010.rdb [2026-07-06 19:28:38] --END--
2026-07-06 19:53:43,3DPrintMaket,https://github.com/deka1105/3DPrintMaket.git,plt_Phase2Verified/apps/api/temp-22324.rdb,created,error,git add failed: fatal: unable to stat 'plt_Phase2Verified/apps/api/temp-22324.rdb': No such file or directory --END--
2026-07-06 19:58:46,3DPrintMaket,https://github.com/deka1105/3DPrintMaket.git,plt_Phase2Verified/apps/api/temp-22594.rdb,created,success,auto-push: temp-22594.rdb [2026-07-06 19:58:44] --END--
2026-07-06 20:03:47,3DPrintMaket,https://github.com/deka1105/3DPrintMaket.git,plt_Phase2Verified/apps/api/temp-22659.rdb,created,success,auto-push: temp-22659.rdb [2026-07-06 20:03:45] --END--
2026-07-06 20:08:46,3DPrintMaket,https://github.com/deka1105/3DPrintMaket.git,plt_Phase2Verified/apps/api/temp-22759.rdb,created,error,git add failed: fatal: unable to stat 'plt_Phase2Verified/apps/api/temp-22759.rdb': No such file or directory --END--
2026-07-06 20:13:49,3DPrintMaket,https://github.com/deka1105/3DPrintMaket.git,plt_Phase2Verified/apps/api/temp-22791.rdb,created,success,auto-push: temp-22791.rdb [2026-07-06 20:13:47] --END--
2026-07-06 20:18:49,3DPrintMaket,https://github.com/deka1105/3DPrintMaket.git,plt_Phase2Verified/apps/api/temp-22904.rdb,created,success,auto-push: temp-22791.rdb [2026-07-06 20:18:48] --END--
2026-07-06 21:20:08,HabitFarmer,https://github.com/deka1105/HabitFarmer.git,SESSION_HANDOFF_JUL5_FABLE5.md.tmp.17433.f41bf6e80b38,created,success,"auto-push: SESSION_HANDOFF_JUL5_FABLE5.md, HabitFarmer [2026-07-06 21:20:06] --END--"
2026-07-06 21:20:20,HabitFarmer,https://github.com/deka1105/HabitFarmer.git,HANDOFF_FABLE5.md.tmp.17433.e01ea4692294,created,success,auto-push: HANDOFF_FABLE5.md [2026-07-06 21:20:18] --END--
2026-07-06 21:26:46,HabitFarmer,https://github.com/deka1105/HabitFarmer.git,LAUNCH_CHECKLIST.html.tmp.17433.2c7023e4fcbf,created,success,auto-push: LAUNCH_CHECKLIST.html [2026-07-06 21:26:44] --END--
2026-07-06 21:29:05,3DPrintMaket,https://github.com/deka1105/3DPrintMaket.git,plt_Phase2Verified/apps/api/temp-28660.rdb,created,success,auto-push: temp-28660.rdb [2026-07-06 21:29:02] --END--
2026-07-06 21:34:08,3DPrintMaket,https://github.com/deka1105/3DPrintMaket.git,plt_Phase2Verified/apps/api/temp-33279.rdb,created,success,auto-push: temp-33279.rdb [2026-07-06 21:34:04] --END--
2026-07-06 21:34:11,3DPrintMaket,https://github.com/deka1105/3DPrintMaket.git,plt_Phase2Verified/apps/api/temp-33279.rdb,modified,success,auto-push: temp-33279.rdb [2026-07-06 21:34:09] --END--
2026-07-06 21:39:10,3DPrintMaket,https://github.com/deka1105/3DPrintMaket.git,plt_Phase2Verified/apps/api/temp-36858.rdb,created,success,auto-push: temp-36858.rdb [2026-07-06 21:39:04] --END--
2026-07-06 21:39:13,3DPrintMaket,https://github.com/deka1105/3DPrintMaket.git,plt_Phase2Verified/apps/api/temp-36858.rdb,modified,success,auto-push: temp-36858.rdb [2026-07-06 21:39:10] --END--
2026-07-06 21:44:09,3DPrintMaket,https://github.com/deka1105/3DPrintMaket.git,plt_Phase2Verified/apps/api/temp-40353.rdb,created,success,auto-push: temp-40353.rdb [2026-07-06 21:44:06] --END--
2026-07-06 21:46:30,HabitFarmer,https://github.com/deka1105/HabitFarmer.git,iOS_App_v2/HabitFarmer/habitfarmer-web/components/PlantCanvas.tsx,modified,success,auto-push: HabitFarmer [2026-07-06 21:46:28] --END--
2026-07-06 21:49:12,3DPrintMaket,https://github.com/deka1105/3DPrintMaket.git,plt_Phase2Verified/apps/api/temp-43720.rdb,created,success,"auto-push: temp-40353.rdb, temp-43720.rdb [2026-07-06 21:49:07] --END--"
2026-07-06 21:49:15,3DPrintMaket,https://github.com/deka1105/3DPrintMaket.git,plt_Phase2Verified/apps/api/temp-43720.rdb,modified,success,auto-push: temp-43720.rdb [2026-07-06 21:49:12] --END--
2026-07-06 21:51:55,HabitFarmer,https://github.com/deka1105/HabitFarmer.git,habitfarmer-web/components/PlantCanvas.tsx,modified,success,"auto-push: layout.tsx, PlantCanvas.tsx [2026-07-06 21:51:53] --END--"
2026-07-06 21:52:05,HabitFarmer,https://github.com/deka1105/HabitFarmer.git,habitfarmer-web/node_modules/@vercel/speed-insights/LICENSE,created,success,"auto-push: package-lock.json, package.json [2026-07-06 21:52:02] --END--"
2026-07-06 21:52:20,HabitFarmer,https://github.com/deka1105/HabitFarmer.git,habitfarmer-web/.next/lock,created,success,auto-push: package-lock.json [2026-07-06 21:52:18] --END--
2026-07-06 21:57:13,HabitFarmer,https://github.com/deka1105/HabitFarmer.git,LAUNCH_CHECKLIST.html,modified,success,auto-push: LAUNCH_CHECKLIST.html [2026-07-06 21:57:10] --END--
2026-07-06 22:09:36,3DPrintMaket,https://github.com/deka1105/3DPrintMaket.git,plt_Phase2Verified/apps/api/temp-49823.rdb,created,success,auto-push: temp-49823.rdb [2026-07-06 22:09:34] --END--
2026-07-06 22:40:16,3DPrintMaket,https://github.com/deka1105/3DPrintMaket.git,plt_Phase2Verified/apps/api/temp-49909.rdb,created,success,auto-push: temp-49823.rdb [2026-07-06 22:40:07] --END--
2026-07-07 00:09:48,3DPrintMaket,https://github.com/deka1105/3DPrintMaket.git,plt_Phase2Verified/apps/api/temp-50732.rdb,created,error,git add failed: fatal: unable to stat 'plt_Phase2Verified/apps/api/temp-50732.rdb': No such file or directory --END--
2026-07-07 00:17:54,3DPrintMaket,https://github.com/deka1105/3DPrintMaket.git,plt_Phase2Verified/apps/api/temp-50818.rdb,created,success,auto-push: temp-50818.rdb [2026-07-07 00:17:38] --END--
2026-07-07 00:18:03,3DPrintMaket,https://github.com/deka1105/3DPrintMaket.git,plt_Phase2Verified/apps/api/temp-50818.rdb,modified,success,auto-push: temp-50818.rdb [2026-07-07 00:17:55] --END--
2026-07-07 01:05:24,3DPrintMaket,https://github.com/deka1105/3DPrintMaket.git,plt_Phase2Verified/apps/api/temp-51277.rdb,created,success,auto-push: temp-51277.rdb [2026-07-07 01:05:18] --END--
2026-07-07 01:05:26,3DPrintMaket,https://github.com/deka1105/3DPrintMaket.git,plt_Phase2Verified/apps/api/temp-51277.rdb,modified,success,auto-push: temp-51277.rdb [2026-07-07 01:05:24] --END--
2026-07-07 01:11:00,3DPrintMaket,https://github.com/deka1105/3DPrintMaket.git,plt_Phase2Verified/apps/api/temp-51408.rdb,created,success,auto-push: temp-51408.rdb [2026-07-07 01:10:50] --END--
2026-07-07 01:11:05,3DPrintMaket,https://github.com/deka1105/3DPrintMaket.git,plt_Phase2Verified/apps/api/temp-51408.rdb,modified,success,auto-push: temp-51408.rdb [2026-07-07 01:11:01] --END--
2026-07-07 01:18:00,3DPrintMaket,https://github.com/deka1105/3DPrintMaket.git,plt_Phase2Verified/apps/api/temp-51530.rdb,created,success,auto-push: temp-51530.rdb [2026-07-07 01:17:58] --END--
2026-07-07 01:23:15,3DPrintMaket,https://github.com/deka1105/3DPrintMaket.git,plt_Phase2Verified/apps/api/temp-51600.rdb,created,success,"auto-push: temp-51530.rdb, temp-51600.rdb [2026-07-07 01:23:11] --END--"
2026-07-07 01:23:19,3DPrintMaket,https://github.com/deka1105/3DPrintMaket.git,plt_Phase2Verified/apps/api/temp-51600.rdb,modified,success,auto-push: temp-51600.rdb [2026-07-07 01:23:16] --END--
2026-07-07 01:30:17,3DPrintMaket,https://github.com/deka1105/3DPrintMaket.git,plt_Phase2Verified/apps/api/temp-51776.rdb,created,error,git add failed: fatal: unable to stat 'plt_Phase2Verified/apps/api/temp-51776.rdb': No such file or directory --END--
2026-07-07 01:56:06,3DPrintMaket,https://github.com/deka1105/3DPrintMaket.git,plt_Phase2Verified/apps/api/temp-51833.rdb,created,success,auto-push: temp-51833.rdb [2026-07-07 01:56:01] --END--
2026-07-07 01:56:09,3DPrintMaket,https://github.com/deka1105/3DPrintMaket.git,plt_Phase2Verified/apps/api/temp-51833.rdb,modified,success,auto-push: temp-51833.rdb [2026-07-07 01:56:06] --END--
2026-07-07 02:06:04,3DPrintMaket,https://github.com/deka1105/3DPrintMaket.git,plt_Phase2Verified/apps/api/temp-53034.rdb,created,success,auto-push: temp-53034.rdb [2026-07-07 02:06:02] --END--
2026-07-07 02:11:04,3DPrintMaket,https://github.com/deka1105/3DPrintMaket.git,plt_Phase2Verified/apps/api/temp-53331.rdb,created,success,auto-push: temp-53034.rdb [2026-07-07 02:11:03] --END--
2026-07-07 02:36:10,3DPrintMaket,https://github.com/deka1105/3DPrintMaket.git,plt_Phase2Verified/apps/api/temp-56744.rdb,created,success,auto-push: temp-56744.rdb [2026-07-07 02:36:08] --END--
2026-07-07 02:36:57,3DPrintMaket,https://github.com/deka1105/3DPrintMaket.git,plt_Phase2Verified/pay-tmp.mjs,created,success,"auto-push: temp-56744.rdb, pay-tmp.mjs [2026-07-07 02:36:56] --END--"
2026-07-07 02:37:14,3DPrintMaket,https://github.com/deka1105/3DPrintMaket.git,plt_Phase2Verified/pay-tmp.mjs,deleted,success,auto-push: pay-tmp.mjs [2026-07-07 02:37:12] --END--
2026-07-07 02:38:03,ColdEmails,https://github.com/deka1105/ColdEmails.git,docs/hosting-plan.md.tmp.23374.f70b9ebebe97,created,success,auto-push: hosting-plan.md [2026-07-07 02:38:02] --END--
2026-07-07 02:38:38,ColdEmails,https://github.com/deka1105/ColdEmails.git,HANDOFF.md.tmp.23374.78748a3f25fe,created,success,auto-push: HANDOFF.md [2026-07-07 02:38:37] --END--
2026-07-07 02:39:01,ColdEmails,https://github.com/deka1105/ColdEmails.git,CLAUDE.md.tmp.23374.495401f75d9c,created,success,auto-push: CLAUDE.md [2026-07-07 02:39:00] --END--
2026-07-07 02:39:12,ColdEmails,https://github.com/deka1105/ColdEmails.git,.env.example.tmp.23374.5f4b8caa721c,created,success,auto-push: .env.example [2026-07-07 02:39:11] --END--
2026-07-07 02:40:06,ColdEmails,https://github.com/deka1105/ColdEmails.git,docs/BUILD_PLAN.md.tmp.23374.ffc7e95ed975,created,success,auto-push: BUILD_PLAN.md [2026-07-07 02:40:05] --END--
2026-07-07 02:40:22,ColdEmails,https://github.com/deka1105/ColdEmails.git,HANDOFF.md.tmp.23374.fb8556dde743,created,success,auto-push: HANDOFF.md [2026-07-07 02:40:20] --END--
2026-07-07 02:41:11,3DPrintMaket,https://github.com/deka1105/3DPrintMaket.git,plt_Phase2Verified/apps/api/temp-60361.rdb,created,success,auto-push: temp-60361.rdb [2026-07-07 02:41:09] --END--
2026-07-07 02:42:18,3DPrintMaket,https://github.com/deka1105/3DPrintMaket.git,Philamentos-pilot/docs/HONEST-ADVISOR.md.tmp.61216.0645a3e00c18,created,success,auto-push: temp-60361.rdb [2026-07-07 02:42:17] --END--
2026-07-07 02:46:12,3DPrintMaket,https://github.com/deka1105/3DPrintMaket.git,plt_Phase2Verified/apps/api/temp-62424.rdb,created,success,auto-push: temp-62424.rdb [2026-07-07 02:46:10] --END--
2026-07-07 02:51:13,3DPrintMaket,https://github.com/deka1105/3DPrintMaket.git,plt_Phase2Verified/apps/api/temp-62831.rdb,created,success,auto-push: temp-62424.rdb [2026-07-07 02:51:11] --END--
2026-07-07 03:21:19,3DPrintMaket,https://github.com/deka1105/3DPrintMaket.git,plt_Phase2Verified/apps/api/temp-64559.rdb,created,success,auto-push: temp-64559.rdb [2026-07-07 03:21:17] --END--
2026-07-07 03:26:20,3DPrintMaket,https://github.com/deka1105/3DPrintMaket.git,plt_Phase2Verified/apps/api/temp-64627.rdb,created,success,auto-push: temp-64627.rdb [2026-07-07 03:26:18] --END--
2026-07-07 03:31:22,3DPrintMaket,https://github.com/deka1105/3DPrintMaket.git,plt_Phase2Verified/apps/api/temp-64703.rdb,created,success,auto-push: temp-64703.rdb [2026-07-07 03:31:19] --END--
2026-07-07 03:36:20,3DPrintMaket,https://github.com/deka1105/3DPrintMaket.git,plt_Phase2Verified/apps/api/temp-64877.rdb,created,error,git add failed: fatal: unable to stat 'plt_Phase2Verified/apps/api/temp-64877.rdb': No such file or directory --END--
2026-07-07 03:41:23,3DPrintMaket,https://github.com/deka1105/3DPrintMaket.git,plt_Phase2Verified/apps/api/temp-64991.rdb,created,success,auto-push: temp-64991.rdb [2026-07-07 03:41:21] --END--
2026-07-07 03:46:23,3DPrintMaket,https://github.com/deka1105/3DPrintMaket.git,plt_Phase2Verified/apps/api/temp-65221.rdb,created,success,auto-push: temp-64991.rdb [2026-07-07 03:46:22] --END--
2026-07-07 03:51:25,3DPrintMaket,https://github.com/deka1105/3DPrintMaket.git,plt_Phase2Verified/apps/api/temp-65321.rdb,created,success,auto-push: temp-65321.rdb [2026-07-07 03:51:23] --END--
2026-07-07 03:56:24,3DPrintMaket,https://github.com/deka1105/3DPrintMaket.git,plt_Phase2Verified/apps/api/temp-65383.rdb,created,error,git add failed: fatal: unable to stat 'plt_Phase2Verified/apps/api/temp-65383.rdb': No such file or directory --END--
2026-07-07 04:01:26,3DPrintMaket,https://github.com/deka1105/3DPrintMaket.git,plt_Phase2Verified/apps/api/temp-65435.rdb,created,success,auto-push: temp-65321.rdb [2026-07-07 04:01:25] --END--
2026-07-07 04:06:28,3DPrintMaket,https://github.com/deka1105/3DPrintMaket.git,plt_Phase2Verified/apps/api/temp-65499.rdb,created,success,auto-push: temp-65499.rdb [2026-07-07 04:06:26] --END--
2026-07-07 04:11:29,3DPrintMaket,https://github.com/deka1105/3DPrintMaket.git,plt_Phase2Verified/apps/api/temp-65589.rdb,created,success,auto-push: temp-65499.rdb [2026-07-07 04:11:27] --END--
2026-07-07 04:17:22,3DPrintMaket,https://github.com/deka1105/3DPrintMaket.git,plt_Phase2Verified/apps/api/temp-65752.rdb,created,success,auto-push: temp-65752.rdb [2026-07-07 04:17:20] --END--
2026-07-07 04:48:10,3DPrintMaket,https://github.com/deka1105/3DPrintMaket.git,plt_Phase2Verified/apps/api/temp-65802.rdb,created,success,auto-push: temp-65802.rdb [2026-07-07 04:48:08] --END--
2026-07-07 05:21:27,3DPrintMaket,https://github.com/deka1105/3DPrintMaket.git,plt_Phase2Verified/apps/api/temp-65992.rdb,created,success,auto-push: temp-65802.rdb [2026-07-07 05:21:24] --END--
2026-07-07 06:02:20,3DPrintMaket,https://github.com/deka1105/3DPrintMaket.git,plt_Phase2Verified/apps/api/temp-66168.rdb,created,success,auto-push: temp-66168.rdb [2026-07-07 06:02:16] --END--
2026-07-07 06:15:55,3DPrintMaket,https://github.com/deka1105/3DPrintMaket.git,plt_Phase2Verified/apps/api/temp-66230.rdb,created,success,auto-push: temp-66230.rdb [2026-07-07 06:15:53] --END--
2026-07-07 06:20:57,3DPrintMaket,https://github.com/deka1105/3DPrintMaket.git,plt_Phase2Verified/apps/api/temp-66298.rdb,created,success,auto-push: temp-66230.rdb [2026-07-07 06:20:54] --END--
2026-07-07 06:51:02,3DPrintMaket,https://github.com/deka1105/3DPrintMaket.git,plt_Phase2Verified/apps/api/temp-66527.rdb,created,success,auto-push: temp-66527.rdb [2026-07-07 06:51:00] --END--
2026-07-07 06:56:03,3DPrintMaket,https://github.com/deka1105/3DPrintMaket.git,plt_Phase2Verified/apps/api/temp-66593.rdb,created,success,auto-push: temp-66527.rdb [2026-07-07 06:56:01] --END--
2026-07-07 07:54:39,3DPrintMaket,https://github.com/deka1105/3DPrintMaket.git,plt_Phase2Verified/apps/api/temp-66736.rdb,created,success,auto-push: temp-66736.rdb [2026-07-07 07:54:37] --END--
2026-07-07 08:17:57,3DPrintMaket,https://github.com/deka1105/3DPrintMaket.git,plt_Phase2Verified/apps/api/temp-66786.rdb,created,error,git add failed: fatal: unable to stat 'plt_Phase2Verified/apps/api/temp-66786.rdb': No such file or directory --END--
2026-07-07 08:37:52,3DPrintMaket,https://github.com/deka1105/3DPrintMaket.git,plt_Phase2Verified/apps/api/temp-66810.rdb,created,success,auto-push: temp-66810.rdb [2026-07-07 08:37:50] --END--
2026-07-07 08:46:54,3DPrintMaket,https://github.com/deka1105/3DPrintMaket.git,plt_Phase2Verified/apps/api/temp-66873.rdb,created,success,auto-push: temp-66873.rdb [2026-07-07 08:46:52] --END--
2026-07-07 08:55:57,3DPrintMaket,https://github.com/deka1105/3DPrintMaket.git,plt_Phase2Verified/apps/api/temp-66924.rdb,created,success,auto-push: temp-66873.rdb [2026-07-07 08:55:55] --END--
2026-07-07 09:01:00,3DPrintMaket,https://github.com/deka1105/3DPrintMaket.git,plt_Phase2Verified/apps/api/temp-66989.rdb,created,success,auto-push: temp-66989.rdb [2026-07-07 09:00:56] --END--
2026-07-07 09:01:04,3DPrintMaket,https://github.com/deka1105/3DPrintMaket.git,plt_Phase2Verified/apps/api/temp-66989.rdb,modified,success,auto-push: temp-66989.rdb [2026-07-07 09:01:01] --END--
2026-07-07 09:06:01,3DPrintMaket,https://github.com/deka1105/3DPrintMaket.git,plt_Phase2Verified/apps/api/temp-67082.rdb,created,success,auto-push: temp-67082.rdb [2026-07-07 09:05:57] --END--
2026-07-07 09:14:34,3DPrintMaket,https://github.com/deka1105/3DPrintMaket.git,plt_Phase2Verified/apps/api/temp-67131.rdb,created,success,"auto-push: temp-67082.rdb, temp-67131.rdb [2026-07-07 09:14:32] --END--"
2026-07-07 09:19:38,3DPrintMaket,https://github.com/deka1105/3DPrintMaket.git,plt_Phase2Verified/apps/api/temp-67185.rdb,created,success,auto-push: temp-67185.rdb [2026-07-07 09:19:34] --END--
2026-07-07 09:31:41,3DPrintMaket,https://github.com/deka1105/3DPrintMaket.git,plt_Phase2Verified/apps/api/temp-67247.rdb,created,success,auto-push: temp-67247.rdb [2026-07-07 09:31:33] --END--
2026-07-07 09:31:43,3DPrintMaket,https://github.com/deka1105/3DPrintMaket.git,plt_Phase2Verified/apps/api/temp-67247.rdb,modified,success,auto-push: temp-67247.rdb [2026-07-07 09:31:41] --END--
2026-07-07 09:55:40,3DPrintMaket,https://github.com/deka1105/3DPrintMaket.git,plt_Phase2Verified/apps/api/temp-67331.rdb,created,success,auto-push: temp-67331.rdb [2026-07-07 09:55:37] --END--
2026-07-07 10:00:01,repoherald,https://github.com/deka1105/repoherald.git,".gitignore, CLAUDE.md",startup-sync,success,"startup-sync: .gitignore, CLAUDE.md [2026-07-07 10:00:00] --END--"
2026-07-07 10:00:40,3DPrintMaket,https://github.com/deka1105/3DPrintMaket.git,plt_Phase2Verified/apps/api/temp-72069.rdb,created,success,auto-push: temp-72069.rdb [2026-07-07 10:00:38] --END--
2026-07-07 10:05:41,3DPrintMaket,https://github.com/deka1105/3DPrintMaket.git,plt_Phase2Verified/apps/api/temp-72736.rdb,created,success,auto-push: temp-72069.rdb [2026-07-07 10:05:39] --END--
2026-07-07 11:15:55,3DPrintMaket,https://github.com/deka1105/3DPrintMaket.git,plt_Phase2Verified/apps/api/temp-74131.rdb,created,success,auto-push: temp-74131.rdb [2026-07-07 11:15:53] --END--
2026-07-07 11:20:56,3DPrintMaket,https://github.com/deka1105/3DPrintMaket.git,plt_Phase2Verified/apps/api/temp-74552.rdb,created,success,auto-push: temp-74552.rdb [2026-07-07 11:20:54] --END--
2026-07-07 11:25:57,3DPrintMaket,https://github.com/deka1105/3DPrintMaket.git,plt_Phase2Verified/apps/api/temp-75515.rdb,created,success,auto-push: temp-75515.rdb [2026-07-07 11:25:55] --END--
2026-07-07 11:28:24,repoherald,https://github.com/deka1105/repoherald.git,..gitignore.bgdG5HFEHh,created,success,auto-push: 17 files changed [2026-07-07 11:28:22] --END--
2026-07-07 11:28:58,repoherald,https://github.com/deka1105/repoherald.git,package-lock.json,created,success,auto-push: package-lock.json [2026-07-07 11:28:56] --END--
2026-07-07 11:29:17,repoherald,https://github.com/deka1105/repoherald.git,node_modules/fsevents/build/config.gypi,created,success,"auto-push: package-lock.json, package.json [2026-07-07 11:29:16] --END--"
2026-07-07 11:30:58,3DPrintMaket,https://github.com/deka1105/3DPrintMaket.git,plt_Phase2Verified/apps/api/temp-78524.rdb,created,success,auto-push: temp-75515.rdb [2026-07-07 11:30:56] --END--
2026-07-07 11:31:01,repoherald,https://github.com/deka1105/repoherald.git,components.json.tmp.72135.4422afb5919a,created,success,"auto-push: components.json, package-lock.json, package.json [2026-07-07 11:30:59] --END--"
2026-07-07 11:31:50,repoherald,https://github.com/deka1105/repoherald.git,src/app/globals.css.tmp.72135.a5c514d95dcd,created,success,auto-push: 18 files changed [2026-07-07 11:31:49] --END--
2026-07-07 11:33:04,repoherald,https://github.com/deka1105/repoherald.git,src/db/schema.ts.tmp.72135.9549eb3c8c6a,created,success,"auto-push: package-lock.json, package.json, schema.ts [2026-07-07 11:33:03] --END--"
2026-07-07 11:33:11,repoherald,https://github.com/deka1105/repoherald.git,src/lib/crypto.ts.tmp.72135.571babed9171,created,success,"auto-push: drizzle.config.ts, index.ts, crypto.ts [2026-07-07 11:33:09] --END--"
2026-07-07 11:33:20,repoherald,https://github.com/deka1105/repoherald.git,node_modules/ws/LICENSE,created,failed,rebase conflict unresolved: From https://github.com/deka1105/repoherald\n * branch            HEAD       -> FETCH_HEAD\nerror: cannot rebase: You have unstaged changes.\nerror: Please commit or stash them. --END--
2026-07-07 11:33:32,repoherald,https://github.com/deka1105/repoherald.git,src/lib/github.ts.tmp.72135.6102ed9179d2,created,error,git add failed: fatal: unable to stat 'src/lib/github.ts.tmp.72135.6102ed9179d2': No such file or directory --END--
2026-07-07 11:33:51,repoherald,https://github.com/deka1105/repoherald.git,src/auth.ts.tmp.72135.5d685da156dd,created,success,"auto-push: package-lock.json, package.json, auth.ts, github.ts [2026-07-07 11:33:50] --END--"
2026-07-07 11:33:58,repoherald,https://github.com/deka1105/repoherald.git,src/lib/audit.ts.tmp.72135.a932e6b0ecda,created,error,git add failed: fatal: unable to stat 'src/lib/audit.ts.tmp.72135.a932e6b0ecda': No such file or directory --END--
2026-07-07 11:34:09,repoherald,https://github.com/deka1105/repoherald.git,src/auth.ts.tmp.72135.fcd544806e73,created,success,"auto-push: route.ts, auth.ts, audit.ts, authz.ts [2026-07-07 11:34:08] --END--"
2026-07-07 11:34:17,repoherald,https://github.com/deka1105/repoherald.git,src/components/header.tsx.tmp.72135.b9b2e3a92a07,created,success,auto-push: header.tsx [2026-07-07 11:34:15] --END--
2026-07-07 11:34:37,repoherald,https://github.com/deka1105/repoherald.git,src/app/layout.tsx.tmp.72135.d82457ff8795,created,success,"auto-push: layout.tsx, vercel.json [2026-07-07 11:34:36] --END--"
2026-07-07 11:34:43,repoherald,https://github.com/deka1105/repoherald.git,drizzle/meta/0000_snapshot.json,created,success,"auto-push: 0000_pretty_manta.sql, 0000_snapshot.json, _journal.json [2026-07-07 11:34:42] --END--"
2026-07-07 11:34:54,repoherald,https://github.com/deka1105/repoherald.git,drizzle/meta/0001_snapshot.json,created,success,"auto-push: 0001_seed_categories.sql, 0001_snapshot.json, _journal.json [2026-07-07 11:34:52] --END--"
2026-07-07 11:35:44,repoherald,https://github.com/deka1105/repoherald.git,tsconfig.tsbuildinfo,modified,success,"auto-push: package-lock.json, package.json, utils.ts [2026-07-07 11:35:43] --END--"
2026-07-07 11:35:53,repoherald,https://github.com/deka1105/repoherald.git,drizzle/0001_seed_categories.sql.tmp.72135.74ac7ef0d7ba,created,success,auto-push: 0001_seed_categories.sql [2026-07-07 11:35:52] --END--
2026-07-07 11:37:16,repoherald,https://github.com/deka1105/repoherald.git,AGENTS.md.tmp.72135.ab9b8b4cdd24,created,success,auto-push: AGENTS.md [2026-07-07 11:37:14] --END--
2026-07-07 11:37:44,repoherald,https://github.com/deka1105/repoherald.git,src/app/actions/repos.ts.tmp.72135.3f814b6e8b83,created,success,auto-push: repos.ts [2026-07-07 11:37:43] --END--
2026-07-07 11:37:53,repoherald,https://github.com/deka1105/repoherald.git,src/components/repo-card.tsx.tmp.72135.edef9afb76ac,created,success,auto-push: repo-card.tsx [2026-07-07 11:37:51] --END--
2026-07-07 11:38:02,repoherald,https://github.com/deka1105/repoherald.git,src/app/post/page.tsx.tmp.72135.6e40da4cc5e0,created,failed,rebase conflict unresolved: remote: Invalid username or token. Password authentication is not supported for Git operations.\nfatal: Authentication failed for 'https://github.com/deka1105/repoherald.git/' --END--
2026-07-07 12:15:09,repoherald,https://github.com/deka1105/repoherald.git,src/app/post/post-form.tsx.tmp.72135.9ab92b88ab38,created,failed,rebase conflict unresolved: remote: Invalid username or token. Password authentication is not supported for Git operations.\nfatal: Authentication failed for 'https://github.com/deka1105/repoherald.git/' --END--
2026-07-07 12:15:36,repoherald,https://github.com/deka1105/repoherald.git,src/app/post/post-form.tsx.tmp.72135.9ab92b88ab38,modified,failed,rebase conflict unresolved: remote: Invalid username or token. Password authentication is not supported for Git operations.\nfatal: Authentication failed for 'https://github.com/deka1105/repoherald.git/' --END--
2026-07-07 12:16:17,3DPrintMaket,https://github.com/deka1105/3DPrintMaket.git,plt_Phase2Verified/apps/api/temp-92784.rdb,created,failed,rebase conflict unresolved: --END--
2026-07-08 12:22:54,PlayBooks,https://github.com/deka1105/Playbooks.git,.gitignore,startup-sync,failed,fatal: could not read Username for 'https://github.com': terminal prompts disabled --END--
2026-07-08 12:24:16,repoherald,https://github.com/deka1105/repoherald.git,src/lib/notify.ts.tmp.72135.75dd66bdaf88,created,failed,rebase conflict unresolved: fatal: could not read Username for 'https://github.com': terminal prompts disabled --END--
2026-07-08 12:38:07,3DPrintMaket,https://github.com/deka1105/3DPrintMaket.git,lt_Phase2Verified/apps/api/temp-92784.rdb,startup-sync,success,startup-sync: temp-92784.rdb [2026-07-08 12:38:05] --END--
2026-07-08 12:38:08,HabitFarmer,https://github.com/deka1105/HabitFarmer.git,"OS_App_v1/HabitFarmer, OS_App_v2/HabitFarmer",startup-sync,error,commit failed: --END--
2026-07-08 12:38:11,repoherald,https://github.com/deka1105/repoherald.git,"rc/lib/email-templates.ts, src/app/email-preview/",startup-sync,success,"startup-sync: email-templates.ts, email-preview [2026-07-08 12:38:09] --END--"
2026-07-08 12:57:09,3DPrintMaket,https://github.com/deka1105/3DPrintMaket.git,plt_Phase2Verified/apps/api/temp-61660.rdb,created,success,auto-push: temp-61660.rdb [2026-07-08 12:57:07] --END--
2026-07-08 13:02:10,3DPrintMaket,https://github.com/deka1105/3DPrintMaket.git,plt_Phase2Verified/apps/api/temp-61743.rdb,created,success,auto-push: temp-61660.rdb [2026-07-08 13:02:08] --END--
2026-07-08 13:22:16,3DPrintMaket,https://github.com/deka1105/3DPrintMaket.git,plt_Phase2Verified/apps/api/temp-61972.rdb,created,success,auto-push: temp-61972.rdb [2026-07-08 13:22:12] --END--
2026-07-08 13:27:16,3DPrintMaket,https://github.com/deka1105/3DPrintMaket.git,plt_Phase2Verified/apps/api/temp-62055.rdb,created,success,auto-push: temp-61972.rdb [2026-07-08 13:27:13] --END--
2026-07-08 13:47:20,3DPrintMaket,https://github.com/deka1105/3DPrintMaket.git,plt_Phase2Verified/apps/api/temp-62941.rdb,created,success,auto-push: temp-62941.rdb [2026-07-08 13:47:17] --END--
2026-07-08 13:51:01,repoherald,https://github.com/deka1105/repoherald.git,src/components/welcome-guide.tsx.tmp.72135.6329c280b7e6,created,success,auto-push: welcome-guide.tsx [2026-07-08 13:50:59] --END--
2026-07-08 13:51:14,repoherald,https://github.com/deka1105/repoherald.git,src/components/header.tsx,deleted,success,auto-push: header.tsx [2026-07-08 13:51:12] --END--
2026-07-08 13:51:32,repoherald,https://github.com/deka1105/repoherald.git,tsconfig.tsbuildinfo,modified,success,auto-push: header.tsx [2026-07-08 13:51:30] --END--
2026-07-08 13:52:21,3DPrintMaket,https://github.com/deka1105/3DPrintMaket.git,plt_Phase2Verified/apps/api/temp-64326.rdb,created,success,auto-push: temp-64326.rdb [2026-07-08 13:52:18] --END--
2026-07-08 13:52:43,repoherald,https://github.com/deka1105/repoherald.git,src/components/welcome-guide.tsx.tmp.72135.7e6ca5fa806b,created,success,auto-push: welcome-guide.tsx [2026-07-08 13:52:41] --END--
2026-07-08 13:57:22,3DPrintMaket,https://github.com/deka1105/3DPrintMaket.git,plt_Phase2Verified/apps/api/temp-65210.rdb,created,success,auto-push: temp-65210.rdb [2026-07-08 13:57:19] --END--
2026-07-08 14:02:23,3DPrintMaket,https://github.com/deka1105/3DPrintMaket.git,plt_Phase2Verified/apps/api/temp-65269.rdb,created,success,auto-push: temp-65269.rdb [2026-07-08 14:02:20] --END--
2026-07-08 14:07:25,3DPrintMaket,https://github.com/deka1105/3DPrintMaket.git,plt_Phase2Verified/apps/api/temp-65510.rdb,created,success,auto-push: temp-65510.rdb [2026-07-08 14:07:21] --END--
2026-07-08 14:07:54,repoherald,https://github.com/deka1105/repoherald.git,src/components/welcome-guide.tsx.tmp.72135.a51f55212598,created,success,auto-push: welcome-guide.tsx [2026-07-08 14:07:52] --END--
2026-07-08 14:12:24,3DPrintMaket,https://github.com/deka1105/3DPrintMaket.git,plt_Phase2Verified/apps/api/temp-66508.rdb,created,success,auto-push: temp-65510.rdb [2026-07-08 14:12:22] --END--
2026-07-08 14:22:27,3DPrintMaket,https://github.com/deka1105/3DPrintMaket.git,plt_Phase2Verified/apps/api/temp-66688.rdb,created,success,auto-push: temp-66688.rdb [2026-07-08 14:22:24] --END--
2026-07-08 14:27:28,3DPrintMaket,https://github.com/deka1105/3DPrintMaket.git,plt_Phase2Verified/apps/api/temp-66777.rdb,created,success,"auto-push: temp-66688.rdb, temp-66777.rdb [2026-07-08 14:27:25] --END--"
2026-07-08 14:32:29,3DPrintMaket,https://github.com/deka1105/3DPrintMaket.git,plt_Phase2Verified/apps/api/temp-67093.rdb,created,success,auto-push: temp-67093.rdb [2026-07-08 14:32:26] --END--
2026-07-08 14:37:30,3DPrintMaket,https://github.com/deka1105/3DPrintMaket.git,plt_Phase2Verified/apps/api/temp-67210.rdb,created,success,auto-push: temp-67210.rdb [2026-07-08 14:37:27] --END--
2026-07-08 14:42:30,3DPrintMaket,https://github.com/deka1105/3DPrintMaket.git,plt_Phase2Verified/apps/api/temp-67287.rdb,created,success,auto-push: temp-67210.rdb [2026-07-08 14:42:28] --END--
2026-07-08 14:47:31,3DPrintMaket,https://github.com/deka1105/3DPrintMaket.git,plt_Phase2Verified/apps/api/temp-67362.rdb,created,success,auto-push: temp-67362.rdb [2026-07-08 14:47:29] --END--
2026-07-08 14:52:32,3DPrintMaket,https://github.com/deka1105/3DPrintMaket.git,plt_Phase2Verified/apps/api/temp-67446.rdb,created,success,auto-push: temp-67362.rdb [2026-07-08 14:52:30] --END--
2026-07-08 15:02:35,3DPrintMaket,https://github.com/deka1105/3DPrintMaket.git,plt_Phase2Verified/apps/api/temp-67608.rdb,created,success,auto-push: temp-67608.rdb [2026-07-08 15:02:32] --END--
2026-07-08 15:07:38,3DPrintMaket,https://github.com/deka1105/3DPrintMaket.git,plt_Phase2Verified/apps/api/temp-67681.rdb,created,success,auto-push: temp-67681.rdb [2026-07-08 15:07:33] --END--
2026-07-08 15:12:36,3DPrintMaket,https://github.com/deka1105/3DPrintMaket.git,plt_Phase2Verified/apps/api/temp-67785.rdb,created,success,auto-push: temp-67681.rdb [2026-07-08 15:12:34] --END--
2026-07-08 15:22:38,3DPrintMaket,https://github.com/deka1105/3DPrintMaket.git,plt_Phase2Verified/apps/api/temp-67938.rdb,created,success,auto-push: temp-67938.rdb [2026-07-08 15:22:36] --END--
2026-07-08 15:27:40,3DPrintMaket,https://github.com/deka1105/3DPrintMaket.git,plt_Phase2Verified/apps/api/temp-68027.rdb,created,success,"auto-push: temp-67938.rdb, temp-68027.rdb [2026-07-08 15:27:37] --END--"
2026-07-08 15:32:40,3DPrintMaket,https://github.com/deka1105/3DPrintMaket.git,plt_Phase2Verified/apps/api/temp-68117.rdb,created,success,auto-push: temp-68027.rdb [2026-07-08 15:32:38] --END--
2026-07-08 15:37:41,3DPrintMaket,https://github.com/deka1105/3DPrintMaket.git,plt_Phase2Verified/apps/api/temp-68193.rdb,created,success,auto-push: temp-68193.rdb [2026-07-08 15:37:39] --END--
2026-07-08 15:42:40,3DPrintMaket,https://github.com/deka1105/3DPrintMaket.git,plt_Phase2Verified/apps/api/temp-68259.rdb,created,error,git add failed: fatal: unable to stat 'plt_Phase2Verified/apps/api/temp-68259.rdb': No such file or directory --END--
2026-07-08 15:47:44,3DPrintMaket,https://github.com/deka1105/3DPrintMaket.git,plt_Phase2Verified/apps/api/temp-68289.rdb,created,success,auto-push: temp-68289.rdb [2026-07-08 15:47:41] --END--
2026-07-08 15:52:44,3DPrintMaket,https://github.com/deka1105/3DPrintMaket.git,plt_Phase2Verified/apps/api/temp-68367.rdb,created,success,auto-push: temp-68289.rdb [2026-07-08 15:52:42] --END--
2026-07-08 15:57:43,3DPrintMaket,https://github.com/deka1105/3DPrintMaket.git,plt_Phase2Verified/apps/api/temp-68458.rdb,created,error,git add failed: fatal: unable to stat 'plt_Phase2Verified/apps/api/temp-68458.rdb': No such file or directory --END--
2026-07-08 16:12:46,3DPrintMaket,https://github.com/deka1105/3DPrintMaket.git,plt_Phase2Verified/apps/api/temp-68658.rdb,created,error,git add failed: fatal: unable to stat 'plt_Phase2Verified/apps/api/temp-68658.rdb': No such file or directory --END--
2026-07-08 16:17:49,3DPrintMaket,https://github.com/deka1105/3DPrintMaket.git,plt_Phase2Verified/apps/api/temp-68709.rdb,created,success,auto-push: temp-68709.rdb [2026-07-08 16:17:47] --END--
2026-07-08 16:22:50,3DPrintMaket,https://github.com/deka1105/3DPrintMaket.git,plt_Phase2Verified/apps/api/temp-68798.rdb,created,success,auto-push: temp-68709.rdb [2026-07-08 16:22:48] --END--
2026-07-08 16:27:51,3DPrintMaket,https://github.com/deka1105/3DPrintMaket.git,plt_Phase2Verified/apps/api/temp-68855.rdb,created,success,auto-push: temp-68855.rdb [2026-07-08 16:27:49] --END--
2026-07-08 16:32:52,3DPrintMaket,https://github.com/deka1105/3DPrintMaket.git,plt_Phase2Verified/apps/api/temp-68918.rdb,created,success,auto-push: temp-68855.rdb [2026-07-08 16:32:50] --END--
2026-07-08 16:37:53,3DPrintMaket,https://github.com/deka1105/3DPrintMaket.git,plt_Phase2Verified/apps/api/temp-68990.rdb,created,success,auto-push: temp-68990.rdb [2026-07-08 16:37:51] --END--
2026-07-08 16:42:54,3DPrintMaket,https://github.com/deka1105/3DPrintMaket.git,plt_Phase2Verified/apps/api/temp-69098.rdb,created,success,auto-push: temp-68990.rdb [2026-07-08 16:42:52] --END--
2026-07-08 16:57:58,3DPrintMaket,https://github.com/deka1105/3DPrintMaket.git,plt_Phase2Verified/apps/api/temp-69231.rdb,created,success,auto-push: temp-69231.rdb [2026-07-08 16:57:55] --END--
2026-07-08 17:02:59,3DPrintMaket,https://github.com/deka1105/3DPrintMaket.git,plt_Phase2Verified/apps/api/temp-69305.rdb,created,success,auto-push: temp-69305.rdb [2026-07-08 17:02:56] --END--
2026-07-08 17:07:57,3DPrintMaket,https://github.com/deka1105/3DPrintMaket.git,plt_Phase2Verified/apps/api/temp-69370.rdb,created,error,git add failed: fatal: unable to stat 'plt_Phase2Verified/apps/api/temp-69370.rdb': No such file or directory --END--
2026-07-08 17:13:00,3DPrintMaket,https://github.com/deka1105/3DPrintMaket.git,plt_Phase2Verified/apps/api/temp-69413.rdb,created,success,auto-push: temp-69305.rdb [2026-07-08 17:12:58] --END--
2026-07-08 17:23:02,3DPrintMaket,https://github.com/deka1105/3DPrintMaket.git,plt_Phase2Verified/apps/api/temp-69566.rdb,created,success,auto-push: temp-69566.rdb [2026-07-08 17:23:00] --END--
2026-07-08 17:28:04,3DPrintMaket,https://github.com/deka1105/3DPrintMaket.git,plt_Phase2Verified/apps/api/temp-69658.rdb,created,success,auto-push: temp-69658.rdb [2026-07-08 17:28:01] --END--
2026-07-08 17:33:04,3DPrintMaket,https://github.com/deka1105/3DPrintMaket.git,plt_Phase2Verified/apps/api/temp-69750.rdb,created,success,auto-push: temp-69658.rdb [2026-07-08 17:33:02] --END--
2026-07-08 17:43:07,3DPrintMaket,https://github.com/deka1105/3DPrintMaket.git,plt_Phase2Verified/apps/api/temp-69877.rdb,created,success,auto-push: temp-69877.rdb [2026-07-08 17:43:04] --END--
2026-07-08 17:48:07,3DPrintMaket,https://github.com/deka1105/3DPrintMaket.git,plt_Phase2Verified/apps/api/temp-69945.rdb,created,success,auto-push: temp-69877.rdb [2026-07-08 17:48:05] --END--
2026-07-08 17:53:09,3DPrintMaket,https://github.com/deka1105/3DPrintMaket.git,plt_Phase2Verified/apps/api/temp-70010.rdb,created,success,auto-push: temp-70010.rdb [2026-07-08 17:53:06] --END--
2026-07-08 17:58:10,3DPrintMaket,https://github.com/deka1105/3DPrintMaket.git,plt_Phase2Verified/apps/api/temp-70092.rdb,created,success,auto-push: temp-70092.rdb [2026-07-08 17:58:07] --END--
2026-07-08 18:03:10,3DPrintMaket,https://github.com/deka1105/3DPrintMaket.git,plt_Phase2Verified/apps/api/temp-70163.rdb,created,success,auto-push: temp-70092.rdb [2026-07-08 18:03:08] --END--
2026-07-08 18:08:11,3DPrintMaket,https://github.com/deka1105/3DPrintMaket.git,plt_Phase2Verified/apps/api/temp-70225.rdb,created,success,auto-push: temp-70225.rdb [2026-07-08 18:08:09] --END--
2026-07-08 18:13:12,3DPrintMaket,https://github.com/deka1105/3DPrintMaket.git,plt_Phase2Verified/apps/api/temp-70284.rdb,created,success,auto-push: temp-70284.rdb [2026-07-08 18:13:10] --END--
2026-07-08 18:18:14,3DPrintMaket,https://github.com/deka1105/3DPrintMaket.git,plt_Phase2Verified/apps/api/temp-70350.rdb,created,success,auto-push: temp-70350.rdb [2026-07-08 18:18:11] --END--
2026-07-08 18:23:14,3DPrintMaket,https://github.com/deka1105/3DPrintMaket.git,plt_Phase2Verified/apps/api/temp-70423.rdb,created,success,auto-push: temp-70350.rdb [2026-07-08 18:23:12] --END--
2026-07-08 18:33:16,3DPrintMaket,https://github.com/deka1105/3DPrintMaket.git,plt_Phase2Verified/apps/api/temp-70535.rdb,created,success,auto-push: temp-70535.rdb [2026-07-08 18:33:14] --END--
2026-07-08 18:38:17,3DPrintMaket,https://github.com/deka1105/3DPrintMaket.git,plt_Phase2Verified/apps/api/temp-70622.rdb,created,success,auto-push: temp-70622.rdb [2026-07-08 18:38:15] --END--
2026-07-08 18:43:18,3DPrintMaket,https://github.com/deka1105/3DPrintMaket.git,plt_Phase2Verified/apps/api/temp-70705.rdb,created,success,auto-push: temp-70705.rdb [2026-07-08 18:43:16] --END--
2026-07-08 18:48:19,3DPrintMaket,https://github.com/deka1105/3DPrintMaket.git,plt_Phase2Verified/apps/api/temp-70800.rdb,created,success,auto-push: temp-70705.rdb [2026-07-08 18:48:17] --END--
2026-07-08 19:03:22,3DPrintMaket,https://github.com/deka1105/3DPrintMaket.git,plt_Phase2Verified/apps/api/temp-71003.rdb,created,success,auto-push: temp-71003.rdb [2026-07-08 19:03:20] --END--
2026-07-08 19:08:24,3DPrintMaket,https://github.com/deka1105/3DPrintMaket.git,plt_Phase2Verified/apps/api/temp-71105.rdb,created,success,auto-push: temp-71105.rdb [2026-07-08 19:08:21] --END--
2026-07-08 19:13:24,3DPrintMaket,https://github.com/deka1105/3DPrintMaket.git,plt_Phase2Verified/apps/api/temp-71201.rdb,created,success,auto-push: temp-71201.rdb [2026-07-08 19:13:22] --END--
2026-07-08 19:20:41,3DPrintMaket,https://github.com/deka1105/3DPrintMaket.git,plt_Phase2Verified/apps/api/temp-71277.rdb,created,success,auto-push: temp-71277.rdb [2026-07-08 19:20:37] --END--
2026-07-08 19:20:43,3DPrintMaket,https://github.com/deka1105/3DPrintMaket.git,plt_Phase2Verified/apps/api/temp-71277.rdb,modified,success,auto-push: temp-71277.rdb [2026-07-08 19:20:41] --END--
2026-07-08 20:23:29,3DPrintMaket,https://github.com/deka1105/3DPrintMaket.git,plt_Phase2Verified/apps/api/temp-71387.rdb,created,success,auto-push: temp-71387.rdb [2026-07-08 20:23:26] --END--
2026-07-08 20:42:26,3DPrintMaket,https://github.com/deka1105/3DPrintMaket.git,plt_Phase2Verified/apps/api/temp-71435.rdb,created,success,auto-push: temp-71387.rdb [2026-07-08 20:42:24] --END--
2026-07-08 20:47:32,3DPrintMaket,https://github.com/deka1105/3DPrintMaket.git,plt_Phase2Verified/apps/api/temp-71482.rdb,created,success,auto-push: temp-71482.rdb [2026-07-08 20:47:28] --END--
2026-07-08 21:11:14,3DPrintMaket,https://github.com/deka1105/3DPrintMaket.git,plt_Phase2Verified/apps/api/temp-71531.rdb,created,success,auto-push: temp-71531.rdb [2026-07-08 21:11:12] --END--
2026-07-08 21:21:05,3DPrintMaket,https://github.com/deka1105/3DPrintMaket.git,plt_Phase2Verified/apps/api/temp-71582.rdb,created,success,auto-push: temp-71582.rdb [2026-07-08 21:21:03] --END--
2026-07-08 21:59:33,3DPrintMaket,https://github.com/deka1105/3DPrintMaket.git,plt_Phase2Verified/apps/api/temp-71629.rdb,created,success,"auto-push: temp-71582.rdb, temp-71629.rdb [2026-07-08 21:59:30] --END--"
2026-07-08 22:08:31,3DPrintMaket,https://github.com/deka1105/3DPrintMaket.git,plt_Phase2Verified/apps/api/temp-71678.rdb,created,success,auto-push: temp-71678.rdb [2026-07-08 22:08:28] --END--
2026-07-08 22:15:54,3DPrintMaket,https://github.com/deka1105/3DPrintMaket.git,plt_Phase2Verified/apps/api/temp-71724.rdb,created,success,"auto-push: temp-71678.rdb, temp-71724.rdb [2026-07-08 22:15:52] --END--"
2026-07-08 22:46:01,3DPrintMaket,https://github.com/deka1105/3DPrintMaket.git,plt_Phase2Verified/apps/api/temp-71770.rdb,created,success,auto-push: temp-71770.rdb [2026-07-08 22:45:49] --END--
2026-07-08 22:46:07,3DPrintMaket,https://github.com/deka1105/3DPrintMaket.git,plt_Phase2Verified/apps/api/temp-71770.rdb,modified,success,auto-push: temp-71770.rdb [2026-07-08 22:46:02] --END--
2026-07-08 23:04:30,3DPrintMaket,https://github.com/deka1105/3DPrintMaket.git,plt_Phase2Verified/apps/api/temp-71862.rdb,created,success,auto-push: temp-71862.rdb [2026-07-08 23:04:27] --END--
2026-07-08 23:16:57,3DPrintMaket,https://github.com/deka1105/3DPrintMaket.git,plt_Phase2Verified/apps/api/temp-71905.rdb,created,success,"auto-push: temp-71862.rdb, temp-71905.rdb [2026-07-08 23:16:54] --END--"
2026-07-08 23:39:17,3DPrintMaket,https://github.com/deka1105/3DPrintMaket.git,plt_Phase2Verified/apps/api/temp-71962.rdb,created,success,auto-push: temp-71962.rdb [2026-07-08 23:39:14] --END--
2026-07-09 00:12:16,3DPrintMaket,https://github.com/deka1105/3DPrintMaket.git,plt_Phase2Verified/apps/api/temp-72015.rdb,created,success,"auto-push: temp-71962.rdb, temp-72015.rdb [2026-07-09 00:12:13] --END--"
2026-07-09 00:12:18,3DPrintMaket,https://github.com/deka1105/3DPrintMaket.git,plt_Phase2Verified/apps/api/temp-72015.rdb,modified,success,auto-push: temp-72015.rdb [2026-07-09 00:12:16] --END--
2026-07-09 00:17:14,3DPrintMaket,https://github.com/deka1105/3DPrintMaket.git,plt_Phase2Verified/apps/api/temp-72115.rdb,created,success,auto-push: temp-72115.rdb [2026-07-09 00:17:12] --END--
2026-07-09 00:49:35,3DPrintMaket,https://github.com/deka1105/3DPrintMaket.git,plt_Phase2Verified/apps/api/temp-72179.rdb,created,success,"auto-push: temp-72115.rdb, temp-72179.rdb [2026-07-09 00:49:32] --END--"
2026-07-09 00:54:37,3DPrintMaket,https://github.com/deka1105/3DPrintMaket.git,plt_Phase2Verified/apps/api/temp-72386.rdb,created,success,auto-push: temp-72386.rdb [2026-07-09 00:54:33] --END--
2026-07-09 00:59:37,3DPrintMaket,https://github.com/deka1105/3DPrintMaket.git,plt_Phase2Verified/apps/api/temp-72505.rdb,created,success,"auto-push: temp-72386.rdb, temp-72505.rdb [2026-07-09 00:59:34] --END--"
2026-07-09 01:04:38,3DPrintMaket,https://github.com/deka1105/3DPrintMaket.git,plt_Phase2Verified/apps/api/temp-72589.rdb,created,success,auto-push: temp-72589.rdb [2026-07-09 01:04:35] --END--
2026-07-09 01:09:39,3DPrintMaket,https://github.com/deka1105/3DPrintMaket.git,plt_Phase2Verified/apps/api/temp-72679.rdb,created,success,auto-push: temp-72679.rdb [2026-07-09 01:09:36] --END--
2026-07-09 01:14:39,3DPrintMaket,https://github.com/deka1105/3DPrintMaket.git,plt_Phase2Verified/apps/api/temp-72764.rdb,created,success,auto-push: temp-72764.rdb [2026-07-09 01:14:37] --END--
2026-07-09 01:19:40,3DPrintMaket,https://github.com/deka1105/3DPrintMaket.git,plt_Phase2Verified/apps/api/temp-72844.rdb,created,success,auto-push: temp-72844.rdb [2026-07-09 01:19:38] --END--
2026-07-09 01:24:41,3DPrintMaket,https://github.com/deka1105/3DPrintMaket.git,plt_Phase2Verified/apps/api/temp-72911.rdb,created,success,auto-push: temp-72911.rdb [2026-07-09 01:24:39] --END--
2026-07-09 01:58:05,3DPrintMaket,https://github.com/deka1105/3DPrintMaket.git,plt_Phase2Verified/apps/api/temp-72996.rdb,created,success,auto-push: temp-72996.rdb [2026-07-09 01:57:58] --END--
2026-07-09 01:58:08,3DPrintMaket,https://github.com/deka1105/3DPrintMaket.git,plt_Phase2Verified/apps/api/temp-72996.rdb,modified,success,auto-push: temp-72996.rdb [2026-07-09 01:58:05] --END--
2026-07-09 02:15:47,3DPrintMaket,https://github.com/deka1105/3DPrintMaket.git,plt_Phase2Verified/apps/api/temp-73075.rdb,created,success,auto-push: temp-73075.rdb [2026-07-09 02:15:44] --END--
2026-07-09 02:32:18,3DPrintMaket,https://github.com/deka1105/3DPrintMaket.git,plt_Phase2Verified/apps/api/temp-73128.rdb,created,success,auto-push: temp-73075.rdb [2026-07-09 02:32:15] --END--
2026-07-09 02:53:01,3DPrintMaket,https://github.com/deka1105/3DPrintMaket.git,plt_Phase2Verified/apps/api/temp-73169.rdb,created,success,auto-push: temp-73169.rdb [2026-07-09 02:52:59] --END--
2026-07-09 03:28:21,3DPrintMaket,https://github.com/deka1105/3DPrintMaket.git,plt_Phase2Verified/apps/api/temp-73216.rdb,created,success,"auto-push: temp-73169.rdb, temp-73216.rdb [2026-07-09 03:28:18] --END--"
2026-07-09 04:00:32,3DPrintMaket,https://github.com/deka1105/3DPrintMaket.git,plt_Phase2Verified/apps/api/temp-73261.rdb,created,success,auto-push: temp-73261.rdb [2026-07-09 04:00:23] --END--
2026-07-09 04:00:36,3DPrintMaket,https://github.com/deka1105/3DPrintMaket.git,plt_Phase2Verified/apps/api/temp-73261.rdb,modified,success,auto-push: temp-73261.rdb [2026-07-09 04:00:32] --END--
2026-07-09 04:05:30,3DPrintMaket,https://github.com/deka1105/3DPrintMaket.git,plt_Phase2Verified/apps/api/temp-73376.rdb,created,success,auto-push: temp-73376.rdb [2026-07-09 04:05:24] --END--
2026-07-09 04:05:35,3DPrintMaket,https://github.com/deka1105/3DPrintMaket.git,plt_Phase2Verified/apps/api/temp-73376.rdb,modified,success,auto-push: temp-73376.rdb [2026-07-09 04:05:31] --END--
2026-07-09 04:29:22,3DPrintMaket,https://github.com/deka1105/3DPrintMaket.git,plt_Phase2Verified/apps/api/temp-73455.rdb,created,success,auto-push: temp-73455.rdb [2026-07-09 04:29:19] --END--
2026-07-09 04:38:05,3DPrintMaket,https://github.com/deka1105/3DPrintMaket.git,plt_Phase2Verified/apps/api/temp-73513.rdb,created,success,auto-push: temp-73513.rdb [2026-07-09 04:38:02] --END--
2026-07-09 04:43:09,3DPrintMaket,https://github.com/deka1105/3DPrintMaket.git,plt_Phase2Verified/apps/api/temp-73583.rdb,created,success,auto-push: temp-73513.rdb [2026-07-09 04:43:04] --END--
2026-07-09 05:21:00,3DPrintMaket,https://github.com/deka1105/3DPrintMaket.git,plt_Phase2Verified/apps/api/temp-73658.rdb,created,success,auto-push: temp-73658.rdb [2026-07-09 05:20:55] --END--
2026-07-09 05:25:59,3DPrintMaket,https://github.com/deka1105/3DPrintMaket.git,plt_Phase2Verified/apps/api/temp-73722.rdb,created,success,auto-push: temp-73722.rdb [2026-07-09 05:25:56] --END--
2026-07-09 05:31:06,3DPrintMaket,https://github.com/deka1105/3DPrintMaket.git,plt_Phase2Verified/apps/api/temp-73771.rdb,created,success,"auto-push: temp-73722.rdb, temp-73771.rdb [2026-07-09 05:30:59] --END--"
2026-07-09 05:31:10,3DPrintMaket,https://github.com/deka1105/3DPrintMaket.git,plt_Phase2Verified/apps/api/temp-73771.rdb,modified,success,auto-push: temp-73771.rdb [2026-07-09 05:31:06] --END--
2026-07-09 05:56:39,3DPrintMaket,https://github.com/deka1105/3DPrintMaket.git,plt_Phase2Verified/apps/api/temp-73849.rdb,created,success,auto-push: temp-73849.rdb [2026-07-09 05:56:33] --END--
2026-07-09 05:56:43,3DPrintMaket,https://github.com/deka1105/3DPrintMaket.git,plt_Phase2Verified/apps/api/temp-73849.rdb,modified,success,auto-push: temp-73849.rdb [2026-07-09 05:56:40] --END--
2026-07-09 06:01:39,3DPrintMaket,https://github.com/deka1105/3DPrintMaket.git,plt_Phase2Verified/apps/api/temp-73943.rdb,created,success,auto-push: temp-73943.rdb [2026-07-09 06:01:34] --END--
2026-07-09 06:01:44,3DPrintMaket,https://github.com/deka1105/3DPrintMaket.git,plt_Phase2Verified/apps/api/temp-73943.rdb,modified,success,auto-push: temp-73943.rdb [2026-07-09 06:01:40] --END--
2026-07-09 06:09:45,3DPrintMaket,https://github.com/deka1105/3DPrintMaket.git,plt_Phase2Verified/apps/api/temp-74047.rdb,created,success,auto-push: temp-74047.rdb [2026-07-09 06:09:40] --END--
2026-07-09 06:09:47,3DPrintMaket,https://github.com/deka1105/3DPrintMaket.git,plt_Phase2Verified/apps/api/temp-74047.rdb,modified,success,auto-push: temp-74047.rdb [2026-07-09 06:09:45] --END--
2026-07-09 06:14:44,3DPrintMaket,https://github.com/deka1105/3DPrintMaket.git,plt_Phase2Verified/apps/api/temp-74133.rdb,created,success,auto-push: temp-74133.rdb [2026-07-09 06:14:41] --END--
2026-07-09 06:19:44,3DPrintMaket,https://github.com/deka1105/3DPrintMaket.git,plt_Phase2Verified/apps/api/temp-74201.rdb,created,success,auto-push: temp-74201.rdb [2026-07-09 06:19:42] --END--
2026-07-09 06:24:45,3DPrintMaket,https://github.com/deka1105/3DPrintMaket.git,plt_Phase2Verified/apps/api/temp-74281.rdb,created,success,auto-push: temp-74201.rdb [2026-07-09 06:24:43] --END--
2026-07-09 06:29:46,3DPrintMaket,https://github.com/deka1105/3DPrintMaket.git,plt_Phase2Verified/apps/api/temp-74332.rdb,created,success,auto-push: temp-74332.rdb [2026-07-09 06:29:44] --END--
2026-07-09 06:34:47,3DPrintMaket,https://github.com/deka1105/3DPrintMaket.git,plt_Phase2Verified/apps/api/temp-74393.rdb,created,success,auto-push: temp-74332.rdb [2026-07-09 06:34:45] --END--
2026-07-09 06:39:49,3DPrintMaket,https://github.com/deka1105/3DPrintMaket.git,plt_Phase2Verified/apps/api/temp-74442.rdb,created,success,auto-push: temp-74442.rdb [2026-07-09 06:39:46] --END--
2026-07-09 06:44:49,3DPrintMaket,https://github.com/deka1105/3DPrintMaket.git,plt_Phase2Verified/apps/api/temp-74506.rdb,created,success,auto-push: temp-74442.rdb [2026-07-09 06:44:47] --END--
2026-07-09 06:49:51,3DPrintMaket,https://github.com/deka1105/3DPrintMaket.git,plt_Phase2Verified/apps/api/temp-74554.rdb,created,success,auto-push: temp-74554.rdb [2026-07-09 06:49:48] --END--
2026-07-09 06:54:52,3DPrintMaket,https://github.com/deka1105/3DPrintMaket.git,plt_Phase2Verified/apps/api/temp-74608.rdb,created,success,auto-push: temp-74608.rdb [2026-07-09 06:54:49] --END--
2026-07-09 06:59:52,3DPrintMaket,https://github.com/deka1105/3DPrintMaket.git,plt_Phase2Verified/apps/api/temp-74669.rdb,created,success,auto-push: temp-74608.rdb [2026-07-09 06:59:50] --END--
2026-07-09 07:30:40,3DPrintMaket,https://github.com/deka1105/3DPrintMaket.git,plt_Phase2Verified/apps/api/temp-74710.rdb,created,success,auto-push: temp-74710.rdb [2026-07-09 07:30:34] --END--
2026-07-09 07:30:47,3DPrintMaket,https://github.com/deka1105/3DPrintMaket.git,plt_Phase2Verified/apps/api/temp-74710.rdb,modified,success,auto-push: temp-74710.rdb [2026-07-09 07:30:40] --END--
2026-07-09 08:25:08,3DPrintMaket,https://github.com/deka1105/3DPrintMaket.git,plt_Phase2Verified/apps/api/temp-74809.rdb,created,success,auto-push: temp-74809.rdb [2026-07-09 07:53:03] --END--
2026-07-09 08:25:10,3DPrintMaket,https://github.com/deka1105/3DPrintMaket.git,plt_Phase2Verified/apps/api/temp-74809.rdb,modified,success,auto-push: temp-74809.rdb [2026-07-09 08:25:09] --END--
2026-07-09 08:31:25,3DPrintMaket,https://github.com/deka1105/3DPrintMaket.git,plt_Phase2Verified/apps/api/temp-74885.rdb,created,success,auto-push: temp-74885.rdb [2026-07-09 08:31:22] --END--
2026-07-09 08:59:38,3DPrintMaket,https://github.com/deka1105/3DPrintMaket.git,plt_Phase2Verified/apps/api/temp-74932.rdb,created,success,auto-push: temp-74932.rdb [2026-07-09 08:59:30] --END--
2026-07-09 08:59:40,3DPrintMaket,https://github.com/deka1105/3DPrintMaket.git,plt_Phase2Verified/apps/api/temp-74932.rdb,modified,success,auto-push: temp-74932.rdb [2026-07-09 08:59:38] --END--
2026-07-09 09:08:28,3DPrintMaket,https://github.com/deka1105/3DPrintMaket.git,plt_Phase2Verified/apps/api/temp-75022.rdb,created,success,auto-push: temp-75022.rdb [2026-07-09 09:08:26] --END--
2026-07-09 09:23:39,3DPrintMaket,https://github.com/deka1105/3DPrintMaket.git,plt_Phase2Verified/apps/api/temp-75068.rdb,created,success,auto-push: temp-75068.rdb [2026-07-09 09:23:36] --END--
2026-07-09 09:32:26,3DPrintMaket,https://github.com/deka1105/3DPrintMaket.git,plt_Phase2Verified/apps/api/temp-75113.rdb,created,success,auto-push: temp-75113.rdb [2026-07-09 09:32:23] --END--
2026-07-09 09:52:56,3DPrintMaket,https://github.com/deka1105/3DPrintMaket.git,plt_Phase2Verified/apps/api/temp-75160.rdb,created,success,auto-push: temp-75160.rdb [2026-07-09 09:52:51] --END--
2026-07-09 09:57:55,3DPrintMaket,https://github.com/deka1105/3DPrintMaket.git,plt_Phase2Verified/apps/api/temp-75300.rdb,created,success,"auto-push: temp-75160.rdb, temp-75300.rdb [2026-07-09 09:57:52] --END--"
2026-07-09 10:02:56,3DPrintMaket,https://github.com/deka1105/3DPrintMaket.git,plt_Phase2Verified/apps/api/temp-75396.rdb,created,success,auto-push: temp-75396.rdb [2026-07-09 10:02:53] --END--
2026-07-09 10:07:57,3DPrintMaket,https://github.com/deka1105/3DPrintMaket.git,plt_Phase2Verified/apps/api/temp-75486.rdb,created,success,auto-push: temp-75486.rdb [2026-07-09 10:07:54] --END--
2026-07-09 10:12:58,3DPrintMaket,https://github.com/deka1105/3DPrintMaket.git,plt_Phase2Verified/apps/api/temp-75574.rdb,created,success,auto-push: temp-75486.rdb [2026-07-09 10:12:55] --END--
2026-07-09 10:17:59,3DPrintMaket,https://github.com/deka1105/3DPrintMaket.git,plt_Phase2Verified/apps/api/temp-75651.rdb,created,success,auto-push: temp-75651.rdb [2026-07-09 10:17:56] --END--
2026-07-09 10:22:59,3DPrintMaket,https://github.com/deka1105/3DPrintMaket.git,plt_Phase2Verified/apps/api/temp-75728.rdb,created,success,auto-push: temp-75651.rdb [2026-07-09 10:22:57] --END--
2026-07-09 10:28:01,3DPrintMaket,https://github.com/deka1105/3DPrintMaket.git,plt_Phase2Verified/apps/api/temp-75803.rdb,created,success,auto-push: temp-75803.rdb [2026-07-09 10:27:58] --END--
2026-07-09 10:33:02,3DPrintMaket,https://github.com/deka1105/3DPrintMaket.git,plt_Phase2Verified/apps/api/temp-75898.rdb,created,success,auto-push: temp-75803.rdb [2026-07-09 10:32:59] --END--
2026-07-09 10:43:04,3DPrintMaket,https://github.com/deka1105/3DPrintMaket.git,plt_Phase2Verified/apps/api/temp-76000.rdb,created,success,auto-push: temp-76000.rdb [2026-07-09 10:43:01] --END--
2026-07-09 10:47:49,repoherald,https://github.com/deka1105/repoherald.git,src/db/schema.ts.tmp.72135.034334663055,created,success,auto-push: schema.ts [2026-07-09 10:47:47] --END--
2026-07-09 10:47:59,repoherald,https://github.com/deka1105/repoherald.git,src/db/schema.ts.tmp.72135.ad3805a534f1,created,success,auto-push: schema.ts [2026-07-09 10:47:58] --END--
2026-07-09 10:48:04,3DPrintMaket,https://github.com/deka1105/3DPrintMaket.git,plt_Phase2Verified/apps/api/temp-77310.rdb,created,success,auto-push: temp-76000.rdb [2026-07-09 10:48:02] --END--
2026-07-09 10:48:09,repoherald,https://github.com/deka1105/repoherald.git,src/lib/credits.ts.tmp.72135.134e95bba38c,created,success,auto-push: credits.ts [2026-07-09 10:48:07] --END--
2026-07-09 10:48:16,repoherald,https://github.com/deka1105/repoherald.git,src/auth.ts.tmp.72135.b18585e2d207,created,success,auto-push: auth.ts [2026-07-09 10:48:15] --END--
2026-07-09 10:48:23,repoherald,https://github.com/deka1105/repoherald.git,src/auth.ts.tmp.72135.19636b668bfc,created,success,auto-push: auth.ts [2026-07-09 10:48:21] --END--
2026-07-09 10:49:05,repoherald,https://github.com/deka1105/repoherald.git,src/components/credit-notifier.tsx.tmp.72135.9eb4331a92a7,created,success,auto-push: credit-notifier.tsx [2026-07-09 10:49:03] --END--
2026-07-09 10:49:51,repoherald,https://github.com/deka1105/repoherald.git,drizzle/meta/0006_snapshot.json,created,success,"auto-push: 0006_snapshot.json, credit-notifier.tsx [2026-07-09 10:49:49] --END--"
2026-07-09 10:50:32,repoherald,https://github.com/deka1105/repoherald.git,drizzle/meta/0006_snapshot.json,deleted,success,auto-push: 0006_snapshot.json [2026-07-09 10:50:30] --END--
2026-07-09 10:51:20,repoherald,https://github.com/deka1105/repoherald.git,drizzle/meta/_journal.json,deleted,success,auto-push: _journal.json [2026-07-09 10:51:18] --END--
2026-07-09 10:51:26,repoherald,https://github.com/deka1105/repoherald.git,drizzle/meta/_journal.json.tmp.72135.b7a0575e573b,created,success,auto-push: _journal.json.tmp.72135.b7a0575e573b [2026-07-09 10:51:24] --END--
2026-07-09 10:51:35,repoherald,https://github.com/deka1105/repoherald.git,drizzle/meta/0006_snapshot.json,created,success,"auto-push: 0006_snapshot.json, _journal.json [2026-07-09 10:51:33] --END--"
2026-07-09 10:52:20,repoherald,https://github.com/deka1105/repoherald.git,drizzle/meta/0006_snapshot.json,deleted,success,auto-push: 0006_snapshot.json [2026-07-09 10:52:18] --END--
2026-07-09 10:52:39,repoherald,https://github.com/deka1105/repoherald.git,drizzle/0006_welcome_bonus_credits.sql.tmp.72135.0419a7e6612d,created,success,auto-push: 0006_welcome_bonus_credits.sql [2026-07-09 10:52:37] --END--
2026-07-09 10:52:58,repoherald,https://github.com/deka1105/repoherald.git,drizzle/meta/_journal.json,deleted,success,auto-push: _journal.json [2026-07-09 10:52:56] --END--
2026-07-09 10:53:06,repoherald,https://github.com/deka1105/repoherald.git,drizzle/meta/_journal.json.tmp.72135.23473b983e41,created,success,auto-push: _journal.json [2026-07-09 10:53:04] --END--
2026-07-09 10:53:44,repoherald,https://github.com/deka1105/repoherald.git,src/lib/credits.ts.tmp.72135.c5fc655fc1be,created,success,auto-push: credits.ts [2026-07-09 10:53:42] --END--
2026-07-09 10:58:07,3DPrintMaket,https://github.com/deka1105/3DPrintMaket.git,plt_Phase2Verified/apps/api/temp-82295.rdb,created,success,auto-push: temp-82295.rdb [2026-07-09 10:58:04] --END--
2026-07-09 11:03:08,3DPrintMaket,https://github.com/deka1105/3DPrintMaket.git,plt_Phase2Verified/apps/api/temp-82358.rdb,created,success,"auto-push: temp-82295.rdb, temp-82358.rdb [2026-07-09 11:03:05] --END--"
2026-07-09 11:08:09,3DPrintMaket,https://github.com/deka1105/3DPrintMaket.git,plt_Phase2Verified/apps/api/temp-82426.rdb,created,success,auto-push: temp-82426.rdb [2026-07-09 11:08:06] --END--
2026-07-09 11:13:11,3DPrintMaket,https://github.com/deka1105/3DPrintMaket.git,plt_Phase2Verified/apps/api/temp-82499.rdb,created,success,"auto-push: temp-82426.rdb, temp-82499.rdb [2026-07-09 11:13:07] --END--"
2026-07-09 11:18:11,3DPrintMaket,https://github.com/deka1105/3DPrintMaket.git,plt_Phase2Verified/apps/api/temp-82561.rdb,created,success,"auto-push: temp-82499.rdb, temp-82561.rdb [2026-07-09 11:18:08] --END--"
2026-07-09 11:23:13,3DPrintMaket,https://github.com/deka1105/3DPrintMaket.git,plt_Phase2Verified/apps/api/temp-82629.rdb,created,success,auto-push: temp-82561.rdb [2026-07-09 11:23:09] --END--
2026-07-09 11:33:14,3DPrintMaket,https://github.com/deka1105/3DPrintMaket.git,plt_Phase2Verified/apps/api/temp-82744.rdb,created,success,auto-push: temp-82744.rdb [2026-07-09 11:33:11] --END--
2026-07-09 11:38:20,3DPrintMaket,https://github.com/deka1105/3DPrintMaket.git,plt_Phase2Verified/apps/api/temp-82801.rdb,created,success,auto-push: temp-82801.rdb [2026-07-09 11:38:12] --END--
2026-07-09 11:38:22,3DPrintMaket,https://github.com/deka1105/3DPrintMaket.git,plt_Phase2Verified/apps/api/temp-82801.rdb,modified,success,auto-push: temp-82801.rdb [2026-07-09 11:38:20] --END--
2026-07-09 11:43:16,3DPrintMaket,https://github.com/deka1105/3DPrintMaket.git,plt_Phase2Verified/apps/api/temp-82902.rdb,created,success,auto-push: temp-82902.rdb [2026-07-09 11:43:13] --END--
2026-07-09 11:48:16,3DPrintMaket,https://github.com/deka1105/3DPrintMaket.git,plt_Phase2Verified/apps/api/temp-82972.rdb,created,success,auto-push: temp-82902.rdb [2026-07-09 11:48:14] --END--
2026-07-09 12:28:24,3DPrintMaket,https://github.com/deka1105/3DPrintMaket.git,plt_Phase2Verified/apps/api/temp-83356.rdb,created,success,auto-push: temp-83356.rdb [2026-07-09 12:28:22] --END--
2026-07-09 12:33:25,3DPrintMaket,https://github.com/deka1105/3DPrintMaket.git,plt_Phase2Verified/apps/api/temp-83447.rdb,created,success,auto-push: temp-83356.rdb [2026-07-09 12:33:23] --END--
2026-07-09 12:38:26,3DPrintMaket,https://github.com/deka1105/3DPrintMaket.git,plt_Phase2Verified/apps/api/temp-83534.rdb,created,success,auto-push: temp-83534.rdb [2026-07-09 12:38:24] --END--
2026-07-09 12:43:28,3DPrintMaket,https://github.com/deka1105/3DPrintMaket.git,plt_Phase2Verified/apps/api/temp-83613.rdb,created,success,auto-push: temp-83613.rdb [2026-07-09 12:43:25] --END--
2026-07-09 12:48:29,3DPrintMaket,https://github.com/deka1105/3DPrintMaket.git,plt_Phase2Verified/apps/api/temp-83673.rdb,created,success,"auto-push: temp-83613.rdb, temp-83673.rdb [2026-07-09 12:48:26] --END--"
2026-07-09 12:53:30,3DPrintMaket,https://github.com/deka1105/3DPrintMaket.git,plt_Phase2Verified/apps/api/temp-83750.rdb,created,success,auto-push: temp-83750.rdb [2026-07-09 12:53:27] --END--
2026-07-09 12:58:30,3DPrintMaket,https://github.com/deka1105/3DPrintMaket.git,plt_Phase2Verified/apps/api/temp-83828.rdb,created,success,auto-push: temp-83750.rdb [2026-07-09 12:58:28] --END--
2026-07-09 13:03:31,3DPrintMaket,https://github.com/deka1105/3DPrintMaket.git,plt_Phase2Verified/apps/api/temp-83901.rdb,created,success,auto-push: temp-83901.rdb [2026-07-09 13:03:29] --END--
2026-07-09 13:08:33,3DPrintMaket,https://github.com/deka1105/3DPrintMaket.git,plt_Phase2Verified/apps/api/temp-83963.rdb,created,success,auto-push: temp-83963.rdb [2026-07-09 13:08:30] --END--
2026-07-09 13:13:34,3DPrintMaket,https://github.com/deka1105/3DPrintMaket.git,plt_Phase2Verified/apps/api/temp-84038.rdb,created,success,auto-push: temp-84038.rdb [2026-07-09 13:13:31] --END--
2026-07-09 13:18:35,3DPrintMaket,https://github.com/deka1105/3DPrintMaket.git,plt_Phase2Verified/apps/api/temp-84101.rdb,created,success,"auto-push: temp-84038.rdb, temp-84101.rdb [2026-07-09 13:18:32] --END--"
2026-07-09 13:23:35,3DPrintMaket,https://github.com/deka1105/3DPrintMaket.git,plt_Phase2Verified/apps/api/temp-84179.rdb,created,success,auto-push: temp-84101.rdb [2026-07-09 13:23:33] --END--
2026-07-09 13:33:38,3DPrintMaket,https://github.com/deka1105/3DPrintMaket.git,plt_Phase2Verified/apps/api/temp-84290.rdb,created,success,auto-push: temp-84290.rdb [2026-07-09 13:33:35] --END--
2026-07-09 13:38:40,3DPrintMaket,https://github.com/deka1105/3DPrintMaket.git,plt_Phase2Verified/apps/api/temp-84353.rdb,created,success,auto-push: temp-84353.rdb [2026-07-09 13:38:36] --END--
2026-07-09 13:43:40,3DPrintMaket,https://github.com/deka1105/3DPrintMaket.git,plt_Phase2Verified/apps/api/temp-84449.rdb,created,success,auto-push: temp-84449.rdb [2026-07-09 13:43:37] --END--
2026-07-09 13:48:40,3DPrintMaket,https://github.com/deka1105/3DPrintMaket.git,plt_Phase2Verified/apps/api/temp-84526.rdb,created,success,auto-push: temp-84449.rdb [2026-07-09 13:48:38] --END--
2026-07-09 13:53:41,3DPrintMaket,https://github.com/deka1105/3DPrintMaket.git,plt_Phase2Verified/apps/api/temp-84590.rdb,created,success,auto-push: temp-84590.rdb [2026-07-09 13:53:39] --END--
2026-07-09 13:58:43,3DPrintMaket,https://github.com/deka1105/3DPrintMaket.git,plt_Phase2Verified/apps/api/temp-84678.rdb,created,success,auto-push: temp-84678.rdb [2026-07-09 13:58:40] --END--
2026-07-09 14:03:44,3DPrintMaket,https://github.com/deka1105/3DPrintMaket.git,plt_Phase2Verified/apps/api/temp-84850.rdb,created,success,auto-push: temp-84850.rdb [2026-07-09 14:03:41] --END--
2026-07-09 14:08:45,3DPrintMaket,https://github.com/deka1105/3DPrintMaket.git,plt_Phase2Verified/apps/api/temp-84969.rdb,created,success,auto-push: temp-84969.rdb [2026-07-09 14:08:42] --END--
2026-07-09 14:13:45,3DPrintMaket,https://github.com/deka1105/3DPrintMaket.git,plt_Phase2Verified/apps/api/temp-85034.rdb,created,success,auto-push: temp-84969.rdb [2026-07-09 14:13:43] --END--
2026-07-09 14:18:47,3DPrintMaket,https://github.com/deka1105/3DPrintMaket.git,plt_Phase2Verified/apps/api/temp-85095.rdb,created,success,auto-push: temp-85095.rdb [2026-07-09 14:18:44] --END--
2026-07-09 14:23:47,3DPrintMaket,https://github.com/deka1105/3DPrintMaket.git,plt_Phase2Verified/apps/api/temp-85173.rdb,created,success,auto-push: temp-85095.rdb [2026-07-09 14:23:45] --END--
2026-07-09 14:28:49,3DPrintMaket,https://github.com/deka1105/3DPrintMaket.git,plt_Phase2Verified/apps/api/temp-85229.rdb,created,success,auto-push: temp-85229.rdb [2026-07-09 14:28:46] --END--
2026-07-09 14:33:49,3DPrintMaket,https://github.com/deka1105/3DPrintMaket.git,plt_Phase2Verified/apps/api/temp-85294.rdb,created,success,auto-push: temp-85229.rdb [2026-07-09 14:33:47] --END--
2026-07-09 14:43:52,3DPrintMaket,https://github.com/deka1105/3DPrintMaket.git,plt_Phase2Verified/apps/api/temp-85402.rdb,created,success,auto-push: temp-85402.rdb [2026-07-09 14:43:49] --END--
2026-07-09 14:48:54,3DPrintMaket,https://github.com/deka1105/3DPrintMaket.git,plt_Phase2Verified/apps/api/temp-85545.rdb,created,success,"auto-push: temp-85402.rdb, temp-85545.rdb [2026-07-09 14:48:50] --END--"
2026-07-09 14:53:54,3DPrintMaket,https://github.com/deka1105/3DPrintMaket.git,plt_Phase2Verified/apps/api/temp-85624.rdb,created,success,"auto-push: temp-85545.rdb, temp-85624.rdb [2026-07-09 14:53:51] --END--"
2026-07-09 14:58:56,3DPrintMaket,https://github.com/deka1105/3DPrintMaket.git,plt_Phase2Verified/apps/api/temp-85694.rdb,created,success,"auto-push: temp-85624.rdb, temp-85694.rdb [2026-07-09 14:58:52] --END--"
2026-07-09 15:03:56,3DPrintMaket,https://github.com/deka1105/3DPrintMaket.git,plt_Phase2Verified/apps/api/temp-85802.rdb,created,success,auto-push: temp-85802.rdb [2026-07-09 15:03:53] --END--
2026-07-09 15:08:57,3DPrintMaket,https://github.com/deka1105/3DPrintMaket.git,plt_Phase2Verified/apps/api/temp-85869.rdb,created,success,"auto-push: temp-85802.rdb, temp-85869.rdb [2026-07-09 15:08:54] --END--"
2026-07-09 15:13:58,3DPrintMaket,https://github.com/deka1105/3DPrintMaket.git,plt_Phase2Verified/apps/api/temp-85959.rdb,created,success,"auto-push: temp-85869.rdb, temp-85959.rdb [2026-07-09 15:13:55] --END--"
2026-07-09 15:19:00,3DPrintMaket,https://github.com/deka1105/3DPrintMaket.git,plt_Phase2Verified/apps/api/temp-86053.rdb,created,success,auto-push: temp-86053.rdb [2026-07-09 15:18:57] --END--
2026-07-09 15:23:59,3DPrintMaket,https://github.com/deka1105/3DPrintMaket.git,plt_Phase2Verified/apps/api/temp-86131.rdb,created,success,"auto-push: temp-86053.rdb, temp-86131.rdb [2026-07-09 15:23:57] --END--"
2026-07-09 15:29:01,3DPrintMaket,https://github.com/deka1105/3DPrintMaket.git,plt_Phase2Verified/apps/api/temp-86202.rdb,created,success,"auto-push: temp-86131.rdb, temp-86202.rdb [2026-07-09 15:28:58] --END--"
2026-07-09 15:34:02,3DPrintMaket,https://github.com/deka1105/3DPrintMaket.git,plt_Phase2Verified/apps/api/temp-86269.rdb,created,success,"auto-push: temp-86202.rdb, temp-86269.rdb [2026-07-09 15:33:59] --END--"
2026-07-09 15:39:03,3DPrintMaket,https://github.com/deka1105/3DPrintMaket.git,plt_Phase2Verified/apps/api/temp-86339.rdb,created,success,auto-push: temp-86339.rdb [2026-07-09 15:39:00] --END--
2026-07-09 15:44:03,3DPrintMaket,https://github.com/deka1105/3DPrintMaket.git,plt_Phase2Verified/apps/api/temp-86417.rdb,created,success,auto-push: temp-86339.rdb [2026-07-09 15:44:01] --END--
2026-07-09 15:49:05,3DPrintMaket,https://github.com/deka1105/3DPrintMaket.git,plt_Phase2Verified/apps/api/temp-86457.rdb,created,success,auto-push: temp-86457.rdb [2026-07-09 15:49:02] --END--
2026-07-09 15:54:06,3DPrintMaket,https://github.com/deka1105/3DPrintMaket.git,plt_Phase2Verified/apps/api/temp-86511.rdb,created,success,auto-push: temp-86511.rdb [2026-07-09 15:54:03] --END--
2026-07-09 15:59:06,3DPrintMaket,https://github.com/deka1105/3DPrintMaket.git,plt_Phase2Verified/apps/api/temp-86560.rdb,created,success,auto-push: temp-86511.rdb [2026-07-09 15:59:04] --END--
2026-07-09 16:04:07,3DPrintMaket,https://github.com/deka1105/3DPrintMaket.git,plt_Phase2Verified/apps/api/temp-86603.rdb,created,success,auto-push: temp-86603.rdb [2026-07-09 16:04:05] --END--
2026-07-09 16:09:08,3DPrintMaket,https://github.com/deka1105/3DPrintMaket.git,plt_Phase2Verified/apps/api/temp-86659.rdb,created,success,auto-push: temp-86603.rdb [2026-07-09 16:09:06] --END--
2026-07-09 16:24:15,3DPrintMaket,https://github.com/deka1105/3DPrintMaket.git,plt_Phase2Verified/apps/api/temp-86730.rdb,created,success,auto-push: temp-86730.rdb [2026-07-09 16:24:09] --END--
2026-07-09 16:24:18,3DPrintMaket,https://github.com/deka1105/3DPrintMaket.git,plt_Phase2Verified/apps/api/temp-86730.rdb,modified,success,auto-push: temp-86730.rdb [2026-07-09 16:24:15] --END--
2026-07-09 16:34:13,3DPrintMaket,https://github.com/deka1105/3DPrintMaket.git,plt_Phase2Verified/apps/api/temp-86832.rdb,created,success,auto-push: temp-86832.rdb [2026-07-09 16:34:11] --END--
2026-07-09 16:39:14,3DPrintMaket,https://github.com/deka1105/3DPrintMaket.git,plt_Phase2Verified/apps/api/temp-86883.rdb,created,success,auto-push: temp-86832.rdb [2026-07-09 16:39:12] --END--
2026-07-09 16:44:16,3DPrintMaket,https://github.com/deka1105/3DPrintMaket.git,plt_Phase2Verified/apps/api/temp-86935.rdb,created,success,auto-push: temp-86935.rdb [2026-07-09 16:44:13] --END--
2026-07-09 16:49:16,3DPrintMaket,https://github.com/deka1105/3DPrintMaket.git,plt_Phase2Verified/apps/api/temp-86985.rdb,created,success,auto-push: temp-86935.rdb [2026-07-09 16:49:14] --END--
2026-07-09 16:54:18,3DPrintMaket,https://github.com/deka1105/3DPrintMaket.git,plt_Phase2Verified/apps/api/temp-87059.rdb,created,success,auto-push: temp-87059.rdb [2026-07-09 16:54:15] --END--
2026-07-09 16:59:19,3DPrintMaket,https://github.com/deka1105/3DPrintMaket.git,plt_Phase2Verified/apps/api/temp-87119.rdb,created,success,auto-push: temp-87059.rdb [2026-07-09 16:59:16] --END--
2026-07-09 17:14:22,3DPrintMaket,https://github.com/deka1105/3DPrintMaket.git,plt_Phase2Verified/apps/api/temp-87192.rdb,created,success,auto-push: temp-87192.rdb [2026-07-09 17:14:19] --END--
2026-07-09 17:19:23,3DPrintMaket,https://github.com/deka1105/3DPrintMaket.git,plt_Phase2Verified/apps/api/temp-87256.rdb,created,success,auto-push: temp-87256.rdb [2026-07-09 17:19:20] --END--
2026-07-09 17:24:23,3DPrintMaket,https://github.com/deka1105/3DPrintMaket.git,plt_Phase2Verified/apps/api/temp-87305.rdb,created,success,auto-push: temp-87256.rdb [2026-07-09 17:24:21] --END--
2026-07-09 17:39:27,3DPrintMaket,https://github.com/deka1105/3DPrintMaket.git,plt_Phase2Verified/apps/api/temp-87381.rdb,created,success,auto-push: temp-87381.rdb [2026-07-09 17:39:24] --END--
2026-07-09 17:44:28,3DPrintMaket,https://github.com/deka1105/3DPrintMaket.git,plt_Phase2Verified/apps/api/temp-87440.rdb,created,success,"auto-push: temp-87381.rdb, temp-87440.rdb [2026-07-09 17:44:25] --END--"
2026-07-09 17:49:28,3DPrintMaket,https://github.com/deka1105/3DPrintMaket.git,plt_Phase2Verified/apps/api/temp-87492.rdb,created,success,auto-push: temp-87440.rdb [2026-07-09 17:49:26] --END--
2026-07-09 18:14:34,3DPrintMaket,https://github.com/deka1105/3DPrintMaket.git,plt_Phase2Verified/apps/api/temp-87626.rdb,created,success,auto-push: temp-87626.rdb [2026-07-09 18:14:31] --END--
2026-07-09 18:19:36,3DPrintMaket,https://github.com/deka1105/3DPrintMaket.git,plt_Phase2Verified/apps/api/temp-87688.rdb,created,success,"auto-push: temp-87626.rdb, temp-87688.rdb [2026-07-09 18:19:32] --END--"
2026-07-09 18:24:35,3DPrintMaket,https://github.com/deka1105/3DPrintMaket.git,plt_Phase2Verified/apps/api/temp-87765.rdb,created,success,auto-push: temp-87688.rdb [2026-07-09 18:24:33] --END--
2026-07-09 18:29:37,3DPrintMaket,https://github.com/deka1105/3DPrintMaket.git,plt_Phase2Verified/apps/api/temp-87859.rdb,created,success,auto-push: temp-87859.rdb [2026-07-09 18:29:34] --END--
2026-07-09 18:34:39,3DPrintMaket,https://github.com/deka1105/3DPrintMaket.git,plt_Phase2Verified/apps/api/temp-87931.rdb,created,success,"auto-push: temp-87859.rdb, temp-87931.rdb [2026-07-09 18:34:35] --END--"
2026-07-09 18:39:38,3DPrintMaket,https://github.com/deka1105/3DPrintMaket.git,plt_Phase2Verified/apps/api/temp-88015.rdb,created,success,"auto-push: temp-87931.rdb, temp-88015.rdb [2026-07-09 18:39:36] --END--"
2026-07-09 18:44:40,3DPrintMaket,https://github.com/deka1105/3DPrintMaket.git,plt_Phase2Verified/apps/api/temp-88070.rdb,created,success,auto-push: temp-88070.rdb [2026-07-09 18:44:37] --END--
2026-07-09 18:49:40,3DPrintMaket,https://github.com/deka1105/3DPrintMaket.git,plt_Phase2Verified/apps/api/temp-88155.rdb,created,success,auto-push: temp-88070.rdb [2026-07-09 18:49:38] --END--
2026-07-09 18:54:42,3DPrintMaket,https://github.com/deka1105/3DPrintMaket.git,plt_Phase2Verified/apps/api/temp-88217.rdb,created,success,auto-push: temp-88217.rdb [2026-07-09 18:54:39] --END--
2026-07-09 18:59:43,3DPrintMaket,https://github.com/deka1105/3DPrintMaket.git,plt_Phase2Verified/apps/api/temp-88305.rdb,created,success,"auto-push: temp-88217.rdb, temp-88305.rdb [2026-07-09 18:59:40] --END--"
2026-07-09 19:04:45,3DPrintMaket,https://github.com/deka1105/3DPrintMaket.git,plt_Phase2Verified/apps/api/temp-88400.rdb,created,success,auto-push: temp-88400.rdb [2026-07-09 19:04:41] --END--
2026-07-09 19:09:47,3DPrintMaket,https://github.com/deka1105/3DPrintMaket.git,plt_Phase2Verified/apps/api/temp-88495.rdb,created,success,auto-push: temp-88495.rdb [2026-07-09 19:09:42] --END--
2026-07-09 19:09:51,3DPrintMaket,https://github.com/deka1105/3DPrintMaket.git,plt_Phase2Verified/apps/api/temp-88495.rdb,modified,success,auto-push: temp-88495.rdb [2026-07-09 19:09:48] --END--
2026-07-09 19:14:48,3DPrintMaket,https://github.com/deka1105/3DPrintMaket.git,plt_Phase2Verified/apps/api/temp-88608.rdb,created,success,auto-push: temp-88608.rdb [2026-07-09 19:14:43] --END--
2026-07-09 19:14:52,3DPrintMaket,https://github.com/deka1105/3DPrintMaket.git,plt_Phase2Verified/apps/api/temp-88608.rdb,modified,success,auto-push: temp-88608.rdb [2026-07-09 19:14:48] --END--
2026-07-09 19:53:01,3DPrintMaket,https://github.com/deka1105/3DPrintMaket.git,plt_Phase2Verified/apps/api/temp-88902.rdb,created,success,auto-push: temp-88902.rdb [2026-07-09 19:52:57] --END--
2026-07-09 19:53:05,3DPrintMaket,https://github.com/deka1105/3DPrintMaket.git,plt_Phase2Verified/apps/api/temp-88902.rdb,modified,success,auto-push: temp-88902.rdb [2026-07-09 19:53:02] --END--
2026-07-09 20:06:54,3DPrintMaket,https://github.com/deka1105/3DPrintMaket.git,plt_Phase2Verified/apps/api/temp-88977.rdb,created,success,auto-push: temp-88977.rdb [2026-07-09 20:06:51] --END--
2026-07-09 20:13:34,3DPrintMaket,https://github.com/deka1105/3DPrintMaket.git,plt_Phase2Verified/apps/api/temp-89022.rdb,created,success,"auto-push: temp-88977.rdb, temp-89022.rdb [2026-07-09 20:13:27] --END--"
2026-07-09 20:13:39,3DPrintMaket,https://github.com/deka1105/3DPrintMaket.git,plt_Phase2Verified/apps/api/temp-89022.rdb,modified,success,auto-push: temp-89022.rdb [2026-07-09 20:13:34] --END--
2026-07-09 20:50:26,3DPrintMaket,https://github.com/deka1105/3DPrintMaket.git,plt_Phase2Verified/apps/api/temp-89124.rdb,created,success,auto-push: temp-89124.rdb [2026-07-09 20:50:20] --END--
2026-07-09 20:50:32,3DPrintMaket,https://github.com/deka1105/3DPrintMaket.git,plt_Phase2Verified/apps/api/temp-89124.rdb,modified,success,auto-push: temp-89124.rdb [2026-07-09 20:50:26] --END--
2026-07-09 21:25:57,3DPrintMaket,https://github.com/deka1105/3DPrintMaket.git,plt_Phase2Verified/apps/api/temp-89207.rdb,created,success,auto-push: temp-89207.rdb [2026-07-09 21:25:51] --END--
2026-07-09 21:25:59,3DPrintMaket,https://github.com/deka1105/3DPrintMaket.git,plt_Phase2Verified/apps/api/temp-89207.rdb,modified,success,auto-push: temp-89207.rdb [2026-07-09 21:25:57] --END--
2026-07-09 21:42:35,3DPrintMaket,https://github.com/deka1105/3DPrintMaket.git,plt_Phase2Verified/apps/api/temp-89290.rdb,created,success,auto-push: temp-89290.rdb [2026-07-09 21:42:32] --END--
2026-07-09 21:48:50,3DPrintMaket,https://github.com/deka1105/3DPrintMaket.git,plt_Phase2Verified/apps/api/temp-89338.rdb,created,success,"auto-push: temp-89290.rdb, temp-89338.rdb [2026-07-09 21:48:41] --END--"
2026-07-09 21:48:55,3DPrintMaket,https://github.com/deka1105/3DPrintMaket.git,plt_Phase2Verified/apps/api/temp-89338.rdb,modified,success,auto-push: temp-89338.rdb [2026-07-09 21:48:50] --END--
2026-07-09 21:53:45,3DPrintMaket,https://github.com/deka1105/3DPrintMaket.git,plt_Phase2Verified/apps/api/temp-89528.rdb,created,success,auto-push: temp-89528.rdb [2026-07-09 21:53:42] --END--
2026-07-09 21:58:46,3DPrintMaket,https://github.com/deka1105/3DPrintMaket.git,plt_Phase2Verified/apps/api/temp-89605.rdb,created,success,auto-push: temp-89605.rdb [2026-07-09 21:58:43] --END--
2026-07-09 22:03:46,3DPrintMaket,https://github.com/deka1105/3DPrintMaket.git,plt_Phase2Verified/apps/api/temp-89683.rdb,created,success,auto-push: temp-89605.rdb [2026-07-09 22:03:44] --END--
2026-07-09 22:08:48,3DPrintMaket,https://github.com/deka1105/3DPrintMaket.git,plt_Phase2Verified/apps/api/temp-89733.rdb,created,success,auto-push: temp-89733.rdb [2026-07-09 22:08:45] --END--
2026-07-09 22:13:48,3DPrintMaket,https://github.com/deka1105/3DPrintMaket.git,plt_Phase2Verified/apps/api/temp-89866.rdb,created,success,"auto-push: temp-89733.rdb, temp-89866.rdb [2026-07-09 22:13:46] --END--"
2026-07-09 22:18:50,3DPrintMaket,https://github.com/deka1105/3DPrintMaket.git,plt_Phase2Verified/apps/api/temp-89929.rdb,created,success,"auto-push: temp-89866.rdb, temp-89929.rdb [2026-07-09 22:18:47] --END--"
2026-07-09 22:23:51,3DPrintMaket,https://github.com/deka1105/3DPrintMaket.git,plt_Phase2Verified/apps/api/temp-89999.rdb,created,success,auto-push: temp-89999.rdb [2026-07-09 22:23:48] --END--
2026-07-09 22:28:52,3DPrintMaket,https://github.com/deka1105/3DPrintMaket.git,plt_Phase2Verified/apps/api/temp-90051.rdb,created,success,"auto-push: temp-89999.rdb, temp-90051.rdb [2026-07-09 22:28:49] --END--"
2026-07-09 22:33:53,3DPrintMaket,https://github.com/deka1105/3DPrintMaket.git,plt_Phase2Verified/apps/api/temp-90130.rdb,created,success,auto-push: temp-90130.rdb [2026-07-09 22:33:50] --END--
2026-07-09 22:38:53,3DPrintMaket,https://github.com/deka1105/3DPrintMaket.git,plt_Phase2Verified/apps/api/temp-90214.rdb,created,success,auto-push: temp-90130.rdb [2026-07-09 22:38:51] --END--
2026-07-09 22:43:53,repoherald,https://github.com/deka1105/repoherald.git,src/lib/themes.ts.tmp.72135.0c4d418e0292,created,success,auto-push: themes.ts [2026-07-09 22:43:52] --END--
2026-07-09 22:44:09,repoherald,https://github.com/deka1105/repoherald.git,src/app/globals.css.tmp.72135.69ec4b39e0c5,created,success,auto-push: globals.css [2026-07-09 22:44:07] --END--
2026-07-09 22:44:25,repoherald,https://github.com/deka1105/repoherald.git,src/components/theme-provider.tsx.tmp.72135.96a1e3afceeb,created,success,auto-push: theme-provider.tsx [2026-07-09 22:44:23] --END--
2026-07-09 22:44:34,repoherald,https://github.com/deka1105/repoherald.git,src/components/theme-picker.tsx.tmp.72135.43649497bc14,created,success,auto-push: theme-picker.tsx [2026-07-09 22:44:32] --END--
2026-07-09 22:44:56,repoherald,https://github.com/deka1105/repoherald.git,src/components/header-nav.tsx.tmp.72135.236077f4a72d,created,success,auto-push: header-nav.tsx [2026-07-09 22:44:54] --END--
2026-07-09 22:45:09,repoherald,https://github.com/deka1105/repoherald.git,src/app/layout.tsx,deleted,success,auto-push: layout.tsx [2026-07-09 22:45:07] --END--
2026-07-09 22:45:19,repoherald,https://github.com/deka1105/repoherald.git,src/app/layout.tsx.tmp.72135.98901d83b61b,created,success,auto-push: layout.tsx [2026-07-09 22:45:17] --END--
2026-07-09 22:46:07,repoherald,https://github.com/deka1105/repoherald.git,src/components/theme-provider.tsx.tmp.72135.d9b64269d0ba,created,success,auto-push: theme-provider.tsx [2026-07-09 22:46:06] --END--
2026-07-09 22:47:23,repoherald,https://github.com/deka1105/repoherald.git,src/lib/themes.ts.tmp.72135.123323fe5fb7,created,success,auto-push: themes.ts [2026-07-09 22:47:21] --END--
2026-07-09 22:47:30,repoherald,https://github.com/deka1105/repoherald.git,src/components/theme-provider.tsx.tmp.72135.88697e4a5314,created,success,auto-push: theme-provider.tsx [2026-07-09 22:47:29] --END--
2026-07-09 22:47:37,repoherald,https://github.com/deka1105/repoherald.git,.next/dev/cache/turbopack/v16.2.10/00000145.sst,created,success,auto-push: layout.tsx [2026-07-09 22:47:35] --END--
2026-07-09 22:53:57,3DPrintMaket,https://github.com/deka1105/3DPrintMaket.git,plt_Phase2Verified/apps/api/temp-96090.rdb,created,success,auto-push: temp-96090.rdb [2026-07-09 22:53:54] --END--
2026-07-09 22:58:58,3DPrintMaket,https://github.com/deka1105/3DPrintMaket.git,plt_Phase2Verified/apps/api/temp-96157.rdb,created,success,auto-push: temp-96157.rdb [2026-07-09 22:58:55] --END--
2026-07-09 23:03:58,3DPrintMaket,https://github.com/deka1105/3DPrintMaket.git,plt_Phase2Verified/apps/api/temp-96227.rdb,created,success,auto-push: temp-96157.rdb [2026-07-09 23:03:56] --END--
2026-07-09 23:09:00,3DPrintMaket,https://github.com/deka1105/3DPrintMaket.git,plt_Phase2Verified/apps/api/temp-96307.rdb,created,success,auto-push: temp-96307.rdb [2026-07-09 23:08:57] --END--
2026-07-09 23:13:58,3DPrintMaket,https://github.com/deka1105/3DPrintMaket.git,plt_Phase2Verified/apps/api/temp-96385.rdb,created,error,git add failed: fatal: unable to stat 'plt_Phase2Verified/apps/api/temp-96385.rdb': No such file or directory --END--
2026-07-09 23:19:02,3DPrintMaket,https://github.com/deka1105/3DPrintMaket.git,plt_Phase2Verified/apps/api/temp-96425.rdb,created,success,auto-push: temp-96425.rdb [2026-07-09 23:18:59] --END--
2026-07-09 23:24:02,3DPrintMaket,https://github.com/deka1105/3DPrintMaket.git,plt_Phase2Verified/apps/api/temp-96498.rdb,created,success,auto-push: temp-96425.rdb [2026-07-09 23:24:00] --END--
2026-07-09 23:34:04,3DPrintMaket,https://github.com/deka1105/3DPrintMaket.git,plt_Phase2Verified/apps/api/temp-96598.rdb,created,success,auto-push: temp-96598.rdb [2026-07-09 23:34:02] --END--
2026-07-09 23:39:05,3DPrintMaket,https://github.com/deka1105/3DPrintMaket.git,plt_Phase2Verified/apps/api/temp-96673.rdb,created,success,auto-push: temp-96673.rdb [2026-07-09 23:39:03] --END--
2026-07-09 23:44:07,3DPrintMaket,https://github.com/deka1105/3DPrintMaket.git,plt_Phase2Verified/apps/api/temp-96757.rdb,created,success,auto-push: temp-96757.rdb [2026-07-09 23:44:04] --END--
2026-07-09 23:49:14,3DPrintMaket,https://github.com/deka1105/3DPrintMaket.git,plt_Phase2Verified/apps/api/temp-96829.rdb,created,success,auto-push: temp-96757.rdb [2026-07-09 23:49:05] --END--
2026-07-09 23:54:09,3DPrintMaket,https://github.com/deka1105/3DPrintMaket.git,plt_Phase2Verified/apps/api/temp-96907.rdb,created,success,auto-push: temp-96907.rdb [2026-07-09 23:54:06] --END--
2026-07-09 23:59:11,3DPrintMaket,https://github.com/deka1105/3DPrintMaket.git,plt_Phase2Verified/apps/api/temp-96981.rdb,created,success,auto-push: temp-96981.rdb [2026-07-09 23:59:07] --END--
2026-07-10 00:04:10,3DPrintMaket,https://github.com/deka1105/3DPrintMaket.git,plt_Phase2Verified/apps/api/temp-97058.rdb,created,success,"auto-push: temp-96981.rdb, temp-97058.rdb [2026-07-10 00:04:08] --END--"
2026-07-10 00:09:11,3DPrintMaket,https://github.com/deka1105/3DPrintMaket.git,plt_Phase2Verified/apps/api/temp-97136.rdb,created,success,auto-push: temp-97058.rdb [2026-07-10 00:09:09] --END--
2026-07-10 00:14:13,3DPrintMaket,https://github.com/deka1105/3DPrintMaket.git,plt_Phase2Verified/apps/api/temp-97199.rdb,created,success,auto-push: temp-97199.rdb [2026-07-10 00:14:10] --END--
2026-07-10 00:19:14,3DPrintMaket,https://github.com/deka1105/3DPrintMaket.git,plt_Phase2Verified/apps/api/temp-97279.rdb,created,success,auto-push: temp-97199.rdb [2026-07-10 00:19:11] --END--
2026-07-10 00:24:18,3DPrintMaket,https://github.com/deka1105/3DPrintMaket.git,plt_Phase2Verified/apps/api/temp-97340.rdb,created,success,auto-push: temp-97340.rdb [2026-07-10 00:24:12] --END--
2026-07-10 00:24:21,3DPrintMaket,https://github.com/deka1105/3DPrintMaket.git,plt_Phase2Verified/apps/api/temp-97340.rdb,modified,success,auto-push: temp-97340.rdb [2026-07-10 00:24:18] --END--
2026-07-10 00:29:15,3DPrintMaket,https://github.com/deka1105/3DPrintMaket.git,plt_Phase2Verified/apps/api/temp-97438.rdb,created,success,auto-push: temp-97438.rdb [2026-07-10 00:29:13] --END--
2026-07-10 00:34:16,3DPrintMaket,https://github.com/deka1105/3DPrintMaket.git,plt_Phase2Verified/apps/api/temp-97511.rdb,created,success,auto-push: temp-97438.rdb [2026-07-10 00:34:14] --END--
2026-07-10 00:39:18,3DPrintMaket,https://github.com/deka1105/3DPrintMaket.git,plt_Phase2Verified/apps/api/temp-97581.rdb,created,success,auto-push: temp-97581.rdb [2026-07-10 00:39:15] --END--
2026-07-10 00:44:20,3DPrintMaket,https://github.com/deka1105/3DPrintMaket.git,plt_Phase2Verified/apps/api/temp-97658.rdb,created,success,auto-push: temp-97581.rdb [2026-07-10 00:44:16] --END--
2026-07-10 00:49:20,3DPrintMaket,https://github.com/deka1105/3DPrintMaket.git,plt_Phase2Verified/apps/api/temp-97721.rdb,created,success,auto-push: temp-97721.rdb [2026-07-10 00:49:17] --END--
2026-07-10 00:54:21,3DPrintMaket,https://github.com/deka1105/3DPrintMaket.git,plt_Phase2Verified/apps/api/temp-97803.rdb,created,success,auto-push: temp-97803.rdb [2026-07-10 00:54:18] --END--
2026-07-10 00:59:22,3DPrintMaket,https://github.com/deka1105/3DPrintMaket.git,plt_Phase2Verified/apps/api/temp-97889.rdb,created,success,auto-push: temp-97889.rdb [2026-07-10 00:59:19] --END--
2026-07-10 01:04:22,3DPrintMaket,https://github.com/deka1105/3DPrintMaket.git,plt_Phase2Verified/apps/api/temp-97961.rdb,created,success,"auto-push: temp-97889.rdb, temp-97961.rdb [2026-07-10 01:04:20] --END--"
2026-07-10 01:09:23,3DPrintMaket,https://github.com/deka1105/3DPrintMaket.git,plt_Phase2Verified/apps/api/temp-98031.rdb,created,success,auto-push: temp-97961.rdb [2026-07-10 01:09:21] --END--
2026-07-10 01:14:25,3DPrintMaket,https://github.com/deka1105/3DPrintMaket.git,plt_Phase2Verified/apps/api/temp-98104.rdb,created,success,auto-push: temp-98104.rdb [2026-07-10 01:14:22] --END--
2026-07-10 01:19:26,3DPrintMaket,https://github.com/deka1105/3DPrintMaket.git,plt_Phase2Verified/apps/api/temp-98178.rdb,created,success,"auto-push: temp-98104.rdb, temp-98178.rdb [2026-07-10 01:19:23] --END--"
2026-07-10 01:24:26,3DPrintMaket,https://github.com/deka1105/3DPrintMaket.git,plt_Phase2Verified/apps/api/temp-98251.rdb,created,success,auto-push: temp-98178.rdb [2026-07-10 01:24:24] --END--
2026-07-10 01:29:28,3DPrintMaket,https://github.com/deka1105/3DPrintMaket.git,plt_Phase2Verified/apps/api/temp-98312.rdb,created,success,auto-push: temp-98312.rdb [2026-07-10 01:29:25] --END--
2026-07-10 01:34:29,3DPrintMaket,https://github.com/deka1105/3DPrintMaket.git,plt_Phase2Verified/apps/api/temp-98385.rdb,created,success,auto-push: temp-98385.rdb [2026-07-10 01:34:26] --END--
2026-07-10 01:39:29,3DPrintMaket,https://github.com/deka1105/3DPrintMaket.git,plt_Phase2Verified/apps/api/temp-98464.rdb,created,success,auto-push: temp-98385.rdb [2026-07-10 01:39:27] --END--
2026-07-10 01:44:31,3DPrintMaket,https://github.com/deka1105/3DPrintMaket.git,plt_Phase2Verified/apps/api/temp-98532.rdb,created,success,auto-push: temp-98532.rdb [2026-07-10 01:44:28] --END--
2026-07-10 01:49:32,3DPrintMaket,https://github.com/deka1105/3DPrintMaket.git,plt_Phase2Verified/apps/api/temp-98605.rdb,created,success,auto-push: temp-98605.rdb [2026-07-10 01:49:29] --END--
2026-07-10 01:54:34,3DPrintMaket,https://github.com/deka1105/3DPrintMaket.git,plt_Phase2Verified/apps/api/temp-98695.rdb,created,success,auto-push: temp-98695.rdb [2026-07-10 01:54:30] --END--
2026-07-10 01:59:34,3DPrintMaket,https://github.com/deka1105/3DPrintMaket.git,plt_Phase2Verified/apps/api/temp-98768.rdb,created,success,"auto-push: temp-98695.rdb, temp-98768.rdb [2026-07-10 01:59:31] --END--"
2026-07-10 02:04:35,3DPrintMaket,https://github.com/deka1105/3DPrintMaket.git,plt_Phase2Verified/apps/api/temp-98837.rdb,created,success,auto-push: temp-98837.rdb [2026-07-10 02:04:32] --END--
2026-07-10 02:09:35,3DPrintMaket,https://github.com/deka1105/3DPrintMaket.git,plt_Phase2Verified/apps/api/temp-98938.rdb,created,success,auto-push: temp-98837.rdb [2026-07-10 02:09:33] --END--
2026-07-10 02:14:37,3DPrintMaket,https://github.com/deka1105/3DPrintMaket.git,plt_Phase2Verified/apps/api/temp-99007.rdb,created,success,auto-push: temp-99007.rdb [2026-07-10 02:14:34] --END--
2026-07-10 02:19:39,3DPrintMaket,https://github.com/deka1105/3DPrintMaket.git,plt_Phase2Verified/apps/api/temp-99078.rdb,created,success,auto-push: temp-99078.rdb [2026-07-10 02:19:35] --END--
2026-07-10 02:24:39,3DPrintMaket,https://github.com/deka1105/3DPrintMaket.git,plt_Phase2Verified/apps/api/temp-99151.rdb,created,success,auto-push: temp-99151.rdb [2026-07-10 02:24:36] --END--
2026-07-10 02:29:39,3DPrintMaket,https://github.com/deka1105/3DPrintMaket.git,plt_Phase2Verified/apps/api/temp-99223.rdb,created,success,auto-push: temp-99151.rdb [2026-07-10 02:29:37] --END--
2026-07-10 02:34:41,3DPrintMaket,https://github.com/deka1105/3DPrintMaket.git,plt_Phase2Verified/apps/api/temp-99289.rdb,created,success,auto-push: temp-99289.rdb [2026-07-10 02:34:38] --END--
2026-07-10 02:39:41,3DPrintMaket,https://github.com/deka1105/3DPrintMaket.git,plt_Phase2Verified/apps/api/temp-99369.rdb,created,success,auto-push: temp-99289.rdb [2026-07-10 02:39:39] --END--
2026-07-10 02:44:40,3DPrintMaket,https://github.com/deka1105/3DPrintMaket.git,plt_Phase2Verified/apps/api/temp-99436.rdb,created,error,git add failed: fatal: unable to stat 'plt_Phase2Verified/apps/api/temp-99436.rdb': No such file or directory --END--
2026-07-10 02:49:44,3DPrintMaket,https://github.com/deka1105/3DPrintMaket.git,plt_Phase2Verified/apps/api/temp-99468.rdb,created,success,auto-push: temp-99468.rdb [2026-07-10 02:49:41] --END--
2026-07-10 02:54:45,3DPrintMaket,https://github.com/deka1105/3DPrintMaket.git,plt_Phase2Verified/apps/api/temp-99553.rdb,created,success,auto-push: temp-99553.rdb [2026-07-10 02:54:42] --END--
2026-07-10 02:59:45,3DPrintMaket,https://github.com/deka1105/3DPrintMaket.git,plt_Phase2Verified/apps/api/temp-99625.rdb,created,success,auto-push: temp-99553.rdb [2026-07-10 02:59:43] --END--
2026-07-10 03:04:46,3DPrintMaket,https://github.com/deka1105/3DPrintMaket.git,plt_Phase2Verified/apps/api/temp-99688.rdb,created,success,auto-push: temp-99688.rdb [2026-07-10 03:04:44] --END--
2026-07-10 03:09:48,3DPrintMaket,https://github.com/deka1105/3DPrintMaket.git,plt_Phase2Verified/apps/api/temp-99766.rdb,created,success,"auto-push: temp-99688.rdb, temp-99766.rdb [2026-07-10 03:09:45] --END--"
2026-07-10 03:14:48,3DPrintMaket,https://github.com/deka1105/3DPrintMaket.git,plt_Phase2Verified/apps/api/temp-99847.rdb,created,success,auto-push: temp-99766.rdb [2026-07-10 03:14:46] --END--
2026-07-10 03:19:50,3DPrintMaket,https://github.com/deka1105/3DPrintMaket.git,plt_Phase2Verified/apps/api/temp-99904.rdb,created,success,auto-push: temp-99904.rdb [2026-07-10 03:19:47] --END--
2026-07-10 03:24:50,3DPrintMaket,https://github.com/deka1105/3DPrintMaket.git,plt_Phase2Verified/apps/api/temp-99971.rdb,created,success,auto-push: temp-99904.rdb [2026-07-10 03:24:48] --END--
2026-07-10 03:29:49,3DPrintMaket,https://github.com/deka1105/3DPrintMaket.git,plt_Phase2Verified/apps/api/temp-139.rdb,created,error,git add failed: fatal: unable to stat 'plt_Phase2Verified/apps/api/temp-139.rdb': No such file or directory --END--
2026-07-10 03:34:54,3DPrintMaket,https://github.com/deka1105/3DPrintMaket.git,plt_Phase2Verified/apps/api/temp-204.rdb,created,success,auto-push: temp-204.rdb [2026-07-10 03:34:50] --END--
2026-07-10 03:39:54,3DPrintMaket,https://github.com/deka1105/3DPrintMaket.git,plt_Phase2Verified/apps/api/temp-380.rdb,created,success,auto-push: temp-380.rdb [2026-07-10 03:39:51] --END--
2026-07-10 03:44:54,3DPrintMaket,https://github.com/deka1105/3DPrintMaket.git,plt_Phase2Verified/apps/api/temp-480.rdb,created,success,auto-push: temp-380.rdb [2026-07-10 03:44:52] --END--
2026-07-10 03:49:55,3DPrintMaket,https://github.com/deka1105/3DPrintMaket.git,plt_Phase2Verified/apps/api/temp-584.rdb,created,success,auto-push: temp-584.rdb [2026-07-10 03:49:53] --END--
2026-07-10 03:54:57,3DPrintMaket,https://github.com/deka1105/3DPrintMaket.git,plt_Phase2Verified/apps/api/temp-698.rdb,created,success,auto-push: temp-584.rdb [2026-07-10 03:54:54] --END--
2026-07-10 03:59:58,3DPrintMaket,https://github.com/deka1105/3DPrintMaket.git,plt_Phase2Verified/apps/api/temp-784.rdb,created,success,auto-push: temp-784.rdb [2026-07-10 03:59:55] --END--
2026-07-10 04:04:59,3DPrintMaket,https://github.com/deka1105/3DPrintMaket.git,plt_Phase2Verified/apps/api/temp-863.rdb,created,success,auto-push: temp-863.rdb [2026-07-10 04:04:56] --END--
2026-07-10 04:10:00,3DPrintMaket,https://github.com/deka1105/3DPrintMaket.git,plt_Phase2Verified/apps/api/temp-948.rdb,created,success,auto-push: temp-948.rdb [2026-07-10 04:09:57] --END--
2026-07-10 04:15:01,3DPrintMaket,https://github.com/deka1105/3DPrintMaket.git,plt_Phase2Verified/apps/api/temp-1032.rdb,created,success,auto-push: temp-1032.rdb [2026-07-10 04:14:58] --END--
2026-07-10 04:20:02,3DPrintMaket,https://github.com/deka1105/3DPrintMaket.git,plt_Phase2Verified/apps/api/temp-1104.rdb,created,success,"auto-push: temp-1032.rdb, temp-1104.rdb [2026-07-10 04:19:59] --END--"
2026-07-10 04:25:02,3DPrintMaket,https://github.com/deka1105/3DPrintMaket.git,plt_Phase2Verified/apps/api/temp-1175.rdb,created,success,auto-push: temp-1104.rdb [2026-07-10 04:25:00] --END--
2026-07-10 04:30:03,3DPrintMaket,https://github.com/deka1105/3DPrintMaket.git,plt_Phase2Verified/apps/api/temp-1246.rdb,created,success,auto-push: temp-1246.rdb [2026-07-10 04:30:01] --END--
2026-07-10 04:35:05,3DPrintMaket,https://github.com/deka1105/3DPrintMaket.git,plt_Phase2Verified/apps/api/temp-1345.rdb,created,success,auto-push: temp-1246.rdb [2026-07-10 04:35:02] --END--
2026-07-10 04:40:10,3DPrintMaket,https://github.com/deka1105/3DPrintMaket.git,plt_Phase2Verified/apps/api/temp-1417.rdb,created,success,auto-push: temp-1417.rdb [2026-07-10 04:40:03] --END--
2026-07-10 04:40:12,3DPrintMaket,https://github.com/deka1105/3DPrintMaket.git,plt_Phase2Verified/apps/api/temp-1417.rdb,modified,success,auto-push: temp-1417.rdb [2026-07-10 04:40:10] --END--
2026-07-10 04:50:08,3DPrintMaket,https://github.com/deka1105/3DPrintMaket.git,plt_Phase2Verified/apps/api/temp-1545.rdb,created,success,auto-push: temp-1545.rdb [2026-07-10 04:50:05] --END--
2026-07-10 04:55:09,3DPrintMaket,https://github.com/deka1105/3DPrintMaket.git,plt_Phase2Verified/apps/api/temp-1628.rdb,created,success,auto-push: temp-1628.rdb [2026-07-10 04:55:06] --END--
2026-07-10 05:00:09,3DPrintMaket,https://github.com/deka1105/3DPrintMaket.git,plt_Phase2Verified/apps/api/temp-1696.rdb,created,success,auto-push: temp-1628.rdb [2026-07-10 05:00:07] --END--
2026-07-10 05:05:11,3DPrintMaket,https://github.com/deka1105/3DPrintMaket.git,plt_Phase2Verified/apps/api/temp-1757.rdb,created,success,auto-push: temp-1757.rdb [2026-07-10 05:05:08] --END--
2026-07-10 05:10:12,3DPrintMaket,https://github.com/deka1105/3DPrintMaket.git,plt_Phase2Verified/apps/api/temp-1841.rdb,created,success,auto-push: temp-1757.rdb [2026-07-10 05:10:09] --END--
2026-07-10 05:25:15,3DPrintMaket,https://github.com/deka1105/3DPrintMaket.git,plt_Phase2Verified/apps/api/temp-1971.rdb,created,success,auto-push: temp-1971.rdb [2026-07-10 05:25:12] --END--
2026-07-10 05:30:16,3DPrintMaket,https://github.com/deka1105/3DPrintMaket.git,plt_Phase2Verified/apps/api/temp-2044.rdb,created,success,"auto-push: temp-1971.rdb, temp-2044.rdb [2026-07-10 05:30:13] --END--"
2026-07-10 05:35:17,3DPrintMaket,https://github.com/deka1105/3DPrintMaket.git,plt_Phase2Verified/apps/api/temp-2121.rdb,created,success,"auto-push: temp-2044.rdb, temp-2121.rdb [2026-07-10 05:35:14] --END--"
2026-07-10 05:40:17,3DPrintMaket,https://github.com/deka1105/3DPrintMaket.git,plt_Phase2Verified/apps/api/temp-2196.rdb,created,success,auto-push: temp-2121.rdb [2026-07-10 05:40:15] --END--
2026-07-10 05:45:19,3DPrintMaket,https://github.com/deka1105/3DPrintMaket.git,plt_Phase2Verified/apps/api/temp-2265.rdb,created,success,auto-push: temp-2265.rdb [2026-07-10 05:45:16] --END--
2026-07-10 05:50:20,3DPrintMaket,https://github.com/deka1105/3DPrintMaket.git,plt_Phase2Verified/apps/api/temp-2337.rdb,created,success,auto-push: temp-2337.rdb [2026-07-10 05:50:17] --END--
2026-07-10 05:55:22,3DPrintMaket,https://github.com/deka1105/3DPrintMaket.git,plt_Phase2Verified/apps/api/temp-2420.rdb,created,success,auto-push: temp-2420.rdb [2026-07-10 05:55:18] --END--
2026-07-10 06:00:22,3DPrintMaket,https://github.com/deka1105/3DPrintMaket.git,plt_Phase2Verified/apps/api/temp-2494.rdb,created,success,"auto-push: temp-2420.rdb, temp-2494.rdb [2026-07-10 06:00:19] --END--"
2026-07-10 06:05:22,3DPrintMaket,https://github.com/deka1105/3DPrintMaket.git,plt_Phase2Verified/apps/api/temp-2567.rdb,created,success,auto-push: temp-2494.rdb [2026-07-10 06:05:20] --END--
2026-07-10 06:10:24,3DPrintMaket,https://github.com/deka1105/3DPrintMaket.git,plt_Phase2Verified/apps/api/temp-2632.rdb,created,success,auto-push: temp-2632.rdb [2026-07-10 06:10:21] --END--
2026-07-10 06:15:25,3DPrintMaket,https://github.com/deka1105/3DPrintMaket.git,plt_Phase2Verified/apps/api/temp-2701.rdb,created,success,"auto-push: temp-2632.rdb, temp-2701.rdb [2026-07-10 06:15:22] --END--"
2026-07-10 06:20:26,3DPrintMaket,https://github.com/deka1105/3DPrintMaket.git,plt_Phase2Verified/apps/api/temp-2768.rdb,created,success,auto-push: temp-2768.rdb [2026-07-10 06:20:23] --END--
2026-07-10 06:25:27,3DPrintMaket,https://github.com/deka1105/3DPrintMaket.git,plt_Phase2Verified/apps/api/temp-2839.rdb,created,success,"auto-push: temp-2768.rdb, temp-2839.rdb [2026-07-10 06:25:24] --END--"
2026-07-10 06:30:27,3DPrintMaket,https://github.com/deka1105/3DPrintMaket.git,plt_Phase2Verified/apps/api/temp-2918.rdb,created,success,auto-push: temp-2839.rdb [2026-07-10 06:30:25] --END--
2026-07-10 06:35:29,3DPrintMaket,https://github.com/deka1105/3DPrintMaket.git,plt_Phase2Verified/apps/api/temp-2981.rdb,created,success,auto-push: temp-2981.rdb [2026-07-10 06:35:26] --END--
2026-07-10 06:40:29,3DPrintMaket,https://github.com/deka1105/3DPrintMaket.git,plt_Phase2Verified/apps/api/temp-3054.rdb,created,success,auto-push: temp-2981.rdb [2026-07-10 06:40:27] --END--
2026-07-10 06:50:32,3DPrintMaket,https://github.com/deka1105/3DPrintMaket.git,plt_Phase2Verified/apps/api/temp-3149.rdb,created,success,auto-push: temp-3149.rdb [2026-07-10 06:50:29] --END--
2026-07-10 06:55:33,3DPrintMaket,https://github.com/deka1105/3DPrintMaket.git,plt_Phase2Verified/apps/api/temp-3229.rdb,created,success,auto-push: temp-3229.rdb [2026-07-10 06:55:30] --END--
2026-07-10 07:00:34,3DPrintMaket,https://github.com/deka1105/3DPrintMaket.git,plt_Phase2Verified/apps/api/temp-3325.rdb,created,success,auto-push: temp-3325.rdb [2026-07-10 07:00:31] --END--
2026-07-10 07:05:36,3DPrintMaket,https://github.com/deka1105/3DPrintMaket.git,plt_Phase2Verified/apps/api/temp-3391.rdb,created,success,auto-push: temp-3391.rdb [2026-07-10 07:05:32] --END--
2026-07-10 07:10:35,3DPrintMaket,https://github.com/deka1105/3DPrintMaket.git,plt_Phase2Verified/apps/api/temp-3493.rdb,created,success,"auto-push: temp-3391.rdb, temp-3493.rdb [2026-07-10 07:10:33] --END--"
2026-07-10 07:15:37,3DPrintMaket,https://github.com/deka1105/3DPrintMaket.git,plt_Phase2Verified/apps/api/temp-3570.rdb,created,success,"auto-push: temp-3493.rdb, temp-3570.rdb [2026-07-10 07:15:34] --END--"
2026-07-10 07:20:38,3DPrintMaket,https://github.com/deka1105/3DPrintMaket.git,plt_Phase2Verified/apps/api/temp-3646.rdb,created,success,auto-push: temp-3646.rdb [2026-07-10 07:20:35] --END--
2026-07-10 07:25:39,3DPrintMaket,https://github.com/deka1105/3DPrintMaket.git,plt_Phase2Verified/apps/api/temp-3732.rdb,created,success,auto-push: temp-3732.rdb [2026-07-10 07:25:36] --END--
2026-07-10 07:30:39,3DPrintMaket,https://github.com/deka1105/3DPrintMaket.git,plt_Phase2Verified/apps/api/temp-3813.rdb,created,success,auto-push: temp-3732.rdb [2026-07-10 07:30:37] --END--
2026-07-10 07:40:42,3DPrintMaket,https://github.com/deka1105/3DPrintMaket.git,plt_Phase2Verified/apps/api/temp-3908.rdb,created,success,auto-push: temp-3908.rdb [2026-07-10 07:40:39] --END--
2026-07-10 07:45:43,3DPrintMaket,https://github.com/deka1105/3DPrintMaket.git,plt_Phase2Verified/apps/api/temp-3972.rdb,created,success,"auto-push: temp-3908.rdb, temp-3972.rdb [2026-07-10 07:45:40] --END--"
2026-07-10 07:50:44,3DPrintMaket,https://github.com/deka1105/3DPrintMaket.git,plt_Phase2Verified/apps/api/temp-4044.rdb,created,success,auto-push: temp-4044.rdb [2026-07-10 07:50:41] --END--
2026-07-10 07:55:45,3DPrintMaket,https://github.com/deka1105/3DPrintMaket.git,plt_Phase2Verified/apps/api/temp-4126.rdb,created,success,"auto-push: temp-4044.rdb, temp-4126.rdb [2026-07-10 07:55:42] --END--"
2026-07-10 08:00:46,3DPrintMaket,https://github.com/deka1105/3DPrintMaket.git,plt_Phase2Verified/apps/api/temp-4206.rdb,created,success,auto-push: temp-4206.rdb [2026-07-10 08:00:43] --END--
2026-07-10 08:05:47,3DPrintMaket,https://github.com/deka1105/3DPrintMaket.git,plt_Phase2Verified/apps/api/temp-4274.rdb,created,success,auto-push: temp-4274.rdb [2026-07-10 08:05:44] --END--
2026-07-10 08:10:47,3DPrintMaket,https://github.com/deka1105/3DPrintMaket.git,plt_Phase2Verified/apps/api/temp-4368.rdb,created,success,auto-push: temp-4274.rdb [2026-07-10 08:10:45] --END--
2026-07-10 08:15:49,3DPrintMaket,https://github.com/deka1105/3DPrintMaket.git,plt_Phase2Verified/apps/api/temp-4438.rdb,created,success,auto-push: temp-4438.rdb [2026-07-10 08:15:46] --END--
2026-07-10 08:20:50,3DPrintMaket,https://github.com/deka1105/3DPrintMaket.git,plt_Phase2Verified/apps/api/temp-4511.rdb,created,success,"auto-push: temp-4438.rdb, temp-4511.rdb [2026-07-10 08:20:47] --END--"
2026-07-10 08:25:50,3DPrintMaket,https://github.com/deka1105/3DPrintMaket.git,plt_Phase2Verified/apps/api/temp-4602.rdb,created,success,auto-push: temp-4602.rdb [2026-07-10 08:25:48] --END--
2026-07-10 08:30:51,3DPrintMaket,https://github.com/deka1105/3DPrintMaket.git,plt_Phase2Verified/apps/api/temp-4669.rdb,created,success,auto-push: temp-4602.rdb [2026-07-10 08:30:49] --END--
2026-07-10 08:35:53,3DPrintMaket,https://github.com/deka1105/3DPrintMaket.git,plt_Phase2Verified/apps/api/temp-4742.rdb,created,success,auto-push: temp-4742.rdb [2026-07-10 08:35:50] --END--
2026-07-10 08:40:53,3DPrintMaket,https://github.com/deka1105/3DPrintMaket.git,plt_Phase2Verified/apps/api/temp-4830.rdb,created,success,auto-push: temp-4742.rdb [2026-07-10 08:40:51] --END--
2026-07-10 08:45:54,3DPrintMaket,https://github.com/deka1105/3DPrintMaket.git,plt_Phase2Verified/apps/api/temp-4880.rdb,created,success,auto-push: temp-4880.rdb [2026-07-10 08:45:52] --END--
2026-07-10 08:50:56,3DPrintMaket,https://github.com/deka1105/3DPrintMaket.git,plt_Phase2Verified/apps/api/temp-4972.rdb,created,success,auto-push: temp-4972.rdb [2026-07-10 08:50:53] --END--
2026-07-10 08:55:56,3DPrintMaket,https://github.com/deka1105/3DPrintMaket.git,plt_Phase2Verified/apps/api/temp-5051.rdb,created,success,auto-push: temp-4972.rdb [2026-07-10 08:55:54] --END--
2026-07-10 09:00:58,3DPrintMaket,https://github.com/deka1105/3DPrintMaket.git,plt_Phase2Verified/apps/api/temp-5141.rdb,created,success,auto-push: temp-5141.rdb [2026-07-10 09:00:55] --END--
2026-07-10 09:05:59,3DPrintMaket,https://github.com/deka1105/3DPrintMaket.git,plt_Phase2Verified/apps/api/temp-5797.rdb,created,success,"auto-push: temp-5141.rdb, temp-5797.rdb [2026-07-10 09:05:56] --END--"
2026-07-10 09:07:58,repoherald,https://github.com/deka1105/repoherald.git,src/app/actions/account-settings.ts.tmp.72135.7aba616253bf,created,success,auto-push: account-settings.ts [2026-07-10 09:07:56] --END--
2026-07-10 09:08:09,repoherald,https://github.com/deka1105/repoherald.git,src/components/account/theme-chooser.tsx.tmp.72135.07c6e11eed70,created,success,auto-push: theme-chooser.tsx [2026-07-10 09:08:07] --END--
2026-07-10 09:08:20,repoherald,https://github.com/deka1105/repoherald.git,src/components/account/my-posts.tsx.tmp.72135.0e521d75772d,created,success,auto-push: my-posts.tsx [2026-07-10 09:08:18] --END--
2026-07-10 09:08:28,repoherald,https://github.com/deka1105/repoherald.git,src/app/account/layout.tsx.tmp.72135.e8c411e39c61,created,success,auto-push: layout.tsx [2026-07-10 09:08:26] --END--
2026-07-10 09:08:43,repoherald,https://github.com/deka1105/repoherald.git,src/app/account/page.tsx.tmp.72135.80d86d4bf558,created,success,auto-push: page.tsx [2026-07-10 09:08:42] --END--
2026-07-10 09:08:49,repoherald,https://github.com/deka1105/repoherald.git,src/components/header-nav.tsx.tmp.72135.d000b6682b36,created,success,auto-push: header-nav.tsx [2026-07-10 09:08:47] --END--
2026-07-10 09:09:00,repoherald,https://github.com/deka1105/repoherald.git,src/components/theme-picker.tsx,deleted,success,"auto-push: header-nav.tsx, mobile-nav.tsx, theme-picker.tsx [2026-07-10 09:08:59] --END--"
2026-07-10 09:09:12,repoherald,https://github.com/deka1105/repoherald.git,src/components/mobile-nav.tsx.tmp.72135.33f6a9206bc6,created,success,auto-push: mobile-nav.tsx [2026-07-10 09:09:10] --END--
2026-07-10 09:10:59,3DPrintMaket,https://github.com/deka1105/3DPrintMaket.git,plt_Phase2Verified/apps/api/temp-8744.rdb,created,success,auto-push: temp-8744.rdb [2026-07-10 09:10:57] --END--
2026-07-10 09:16:01,3DPrintMaket,https://github.com/deka1105/3DPrintMaket.git,plt_Phase2Verified/apps/api/temp-8844.rdb,created,success,auto-push: temp-8844.rdb [2026-07-10 09:15:58] --END--
2026-07-10 09:21:02,3DPrintMaket,https://github.com/deka1105/3DPrintMaket.git,plt_Phase2Verified/apps/api/temp-8923.rdb,created,success,auto-push: temp-8923.rdb [2026-07-10 09:20:59] --END--
2026-07-10 09:26:03,3DPrintMaket,https://github.com/deka1105/3DPrintMaket.git,plt_Phase2Verified/apps/api/temp-8997.rdb,created,success,"auto-push: temp-8923.rdb, temp-8997.rdb [2026-07-10 09:26:00] --END--"
2026-07-10 09:31:04,3DPrintMaket,https://github.com/deka1105/3DPrintMaket.git,plt_Phase2Verified/apps/api/temp-9061.rdb,created,success,auto-push: temp-9061.rdb [2026-07-10 09:31:01] --END--
2026-07-10 09:36:05,3DPrintMaket,https://github.com/deka1105/3DPrintMaket.git,plt_Phase2Verified/apps/api/temp-9132.rdb,created,success,"auto-push: temp-9061.rdb, temp-9132.rdb [2026-07-10 09:36:02] --END--"
2026-07-10 09:41:06,3DPrintMaket,https://github.com/deka1105/3DPrintMaket.git,plt_Phase2Verified/apps/api/temp-9211.rdb,created,success,auto-push: temp-9211.rdb [2026-07-10 09:41:03] --END--
2026-07-10 09:46:07,3DPrintMaket,https://github.com/deka1105/3DPrintMaket.git,plt_Phase2Verified/apps/api/temp-9280.rdb,created,success,auto-push: temp-9280.rdb [2026-07-10 09:46:04] --END--
2026-07-10 09:51:09,3DPrintMaket,https://github.com/deka1105/3DPrintMaket.git,plt_Phase2Verified/apps/api/temp-9352.rdb,created,success,auto-push: temp-9352.rdb [2026-07-10 09:51:05] --END--
2026-07-10 09:56:09,3DPrintMaket,https://github.com/deka1105/3DPrintMaket.git,plt_Phase2Verified/apps/api/temp-9478.rdb,created,success,auto-push: temp-9352.rdb [2026-07-10 09:56:06] --END--
2026-07-10 10:06:11,3DPrintMaket,https://github.com/deka1105/3DPrintMaket.git,plt_Phase2Verified/apps/api/temp-9612.rdb,created,success,auto-push: temp-9612.rdb [2026-07-10 10:06:08] --END--
2026-07-10 10:11:13,3DPrintMaket,https://github.com/deka1105/3DPrintMaket.git,plt_Phase2Verified/apps/api/temp-9679.rdb,created,success,"auto-push: temp-9612.rdb, temp-9679.rdb [2026-07-10 10:11:09] --END--"
2026-07-10 10:16:13,3DPrintMaket,https://github.com/deka1105/3DPrintMaket.git,plt_Phase2Verified/apps/api/temp-9752.rdb,created,success,"auto-push: temp-9679.rdb, temp-9752.rdb [2026-07-10 10:16:10] --END--"
2026-07-10 10:21:14,3DPrintMaket,https://github.com/deka1105/3DPrintMaket.git,plt_Phase2Verified/apps/api/temp-9844.rdb,created,success,"auto-push: temp-9752.rdb, temp-9844.rdb [2026-07-10 10:21:11] --END--"
2026-07-10 10:26:15,3DPrintMaket,https://github.com/deka1105/3DPrintMaket.git,plt_Phase2Verified/apps/api/temp-9912.rdb,created,success,auto-push: temp-9844.rdb [2026-07-10 10:26:12] --END--
2026-07-10 10:31:16,3DPrintMaket,https://github.com/deka1105/3DPrintMaket.git,plt_Phase2Verified/apps/api/temp-9972.rdb,created,success,auto-push: temp-9972.rdb [2026-07-10 10:31:13] --END--
2026-07-10 10:36:17,3DPrintMaket,https://github.com/deka1105/3DPrintMaket.git,plt_Phase2Verified/apps/api/temp-10024.rdb,created,success,auto-push: temp-9972.rdb [2026-07-10 10:36:14] --END--
2026-07-10 10:41:18,3DPrintMaket,https://github.com/deka1105/3DPrintMaket.git,plt_Phase2Verified/apps/api/temp-10153.rdb,created,success,auto-push: temp-10153.rdb [2026-07-10 10:41:15] --END--
2026-07-10 10:46:20,3DPrintMaket,https://github.com/deka1105/3DPrintMaket.git,plt_Phase2Verified/apps/api/temp-10243.rdb,created,success,"auto-push: temp-10153.rdb, temp-10243.rdb [2026-07-10 10:46:16] --END--"
2026-07-10 10:51:19,3DPrintMaket,https://github.com/deka1105/3DPrintMaket.git,plt_Phase2Verified/apps/api/temp-10337.rdb,created,success,auto-push: temp-10243.rdb [2026-07-10 10:51:17] --END--
2026-07-10 11:01:22,3DPrintMaket,https://github.com/deka1105/3DPrintMaket.git,plt_Phase2Verified/apps/api/temp-10467.rdb,created,success,auto-push: temp-10467.rdb [2026-07-10 11:01:19] --END--
2026-07-10 11:06:22,3DPrintMaket,https://github.com/deka1105/3DPrintMaket.git,plt_Phase2Verified/apps/api/temp-10536.rdb,created,success,"auto-push: temp-10467.rdb, temp-10536.rdb [2026-07-10 11:06:20] --END--"
2026-07-10 11:11:24,3DPrintMaket,https://github.com/deka1105/3DPrintMaket.git,plt_Phase2Verified/apps/api/temp-10623.rdb,created,success,auto-push: temp-10623.rdb [2026-07-10 11:11:21] --END--
2026-07-10 11:16:25,3DPrintMaket,https://github.com/deka1105/3DPrintMaket.git,plt_Phase2Verified/apps/api/temp-10699.rdb,created,success,auto-push: temp-10623.rdb [2026-07-10 11:16:22] --END--
2026-07-10 11:36:33,3DPrintMaket,https://github.com/deka1105/3DPrintMaket.git,plt_Phase2Verified/apps/api/temp-10924.rdb,created,success,auto-push: temp-10924.rdb [2026-07-10 11:36:26] --END--
2026-07-10 11:36:36,3DPrintMaket,https://github.com/deka1105/3DPrintMaket.git,plt_Phase2Verified/apps/api/temp-10924.rdb,modified,success,auto-push: temp-10924.rdb [2026-07-10 11:36:33] --END--
2026-07-10 11:41:30,3DPrintMaket,https://github.com/deka1105/3DPrintMaket.git,plt_Phase2Verified/apps/api/temp-11069.rdb,created,success,auto-push: temp-11069.rdb [2026-07-10 11:41:27] --END--
2026-07-10 11:46:31,3DPrintMaket,https://github.com/deka1105/3DPrintMaket.git,plt_Phase2Verified/apps/api/temp-11117.rdb,created,success,"auto-push: temp-11069.rdb, temp-11117.rdb [2026-07-10 11:46:28] --END--"
2026-07-10 11:51:32,3DPrintMaket,https://github.com/deka1105/3DPrintMaket.git,plt_Phase2Verified/apps/api/temp-11168.rdb,created,success,auto-push: temp-11117.rdb [2026-07-10 11:51:29] --END--
2026-07-10 11:56:33,3DPrintMaket,https://github.com/deka1105/3DPrintMaket.git,plt_Phase2Verified/apps/api/temp-11222.rdb,created,success,auto-push: temp-11222.rdb [2026-07-10 11:56:30] --END--
2026-07-10 12:01:35,3DPrintMaket,https://github.com/deka1105/3DPrintMaket.git,plt_Phase2Verified/apps/api/temp-11302.rdb,created,success,auto-push: temp-11302.rdb [2026-07-10 12:01:31] --END--
2026-07-10 12:06:35,3DPrintMaket,https://github.com/deka1105/3DPrintMaket.git,plt_Phase2Verified/apps/api/temp-11399.rdb,created,success,auto-push: temp-11399.rdb [2026-07-10 12:06:32] --END--
2026-07-10 12:11:36,3DPrintMaket,https://github.com/deka1105/3DPrintMaket.git,plt_Phase2Verified/apps/api/temp-11511.rdb,created,success,auto-push: temp-11511.rdb [2026-07-10 12:11:33] --END--
2026-07-10 12:16:37,3DPrintMaket,https://github.com/deka1105/3DPrintMaket.git,plt_Phase2Verified/apps/api/temp-11564.rdb,created,success,auto-push: temp-11564.rdb [2026-07-10 12:16:34] --END--
2026-07-10 12:21:39,3DPrintMaket,https://github.com/deka1105/3DPrintMaket.git,plt_Phase2Verified/apps/api/temp-11632.rdb,created,success,"auto-push: temp-11564.rdb, temp-11632.rdb [2026-07-10 12:21:35] --END--"
2026-07-10 12:26:39,3DPrintMaket,https://github.com/deka1105/3DPrintMaket.git,plt_Phase2Verified/apps/api/temp-11694.rdb,created,success,"auto-push: temp-11632.rdb, temp-11694.rdb [2026-07-10 12:26:36] --END--"
2026-07-10 12:31:39,3DPrintMaket,https://github.com/deka1105/3DPrintMaket.git,plt_Phase2Verified/apps/api/temp-11766.rdb,created,success,auto-push: temp-11694.rdb [2026-07-10 12:31:37] --END--
2026-07-10 12:36:41,3DPrintMaket,https://github.com/deka1105/3DPrintMaket.git,plt_Phase2Verified/apps/api/temp-11829.rdb,created,success,auto-push: temp-11829.rdb [2026-07-10 12:36:38] --END--
2026-07-10 12:41:42,3DPrintMaket,https://github.com/deka1105/3DPrintMaket.git,plt_Phase2Verified/apps/api/temp-11923.rdb,created,success,auto-push: temp-11923.rdb [2026-07-10 12:41:39] --END--
2026-07-10 12:46:42,3DPrintMaket,https://github.com/deka1105/3DPrintMaket.git,plt_Phase2Verified/apps/api/temp-11997.rdb,created,success,auto-push: temp-11923.rdb [2026-07-10 12:46:40] --END--
2026-07-10 12:56:45,3DPrintMaket,https://github.com/deka1105/3DPrintMaket.git,plt_Phase2Verified/apps/api/temp-12109.rdb,created,success,auto-push: temp-12109.rdb [2026-07-10 12:56:42] --END--
2026-07-10 13:01:43,3DPrintMaket,https://github.com/deka1105/3DPrintMaket.git,plt_Phase2Verified/apps/api/temp-12191.rdb,created,error,git add failed: fatal: unable to stat 'plt_Phase2Verified/apps/api/temp-12191.rdb': No such file or directory --END--
2026-07-10 13:06:46,3DPrintMaket,https://github.com/deka1105/3DPrintMaket.git,plt_Phase2Verified/apps/api/temp-12225.rdb,created,success,auto-push: temp-12109.rdb [2026-07-10 13:06:44] --END--
2026-07-10 13:31:52,3DPrintMaket,https://github.com/deka1105/3DPrintMaket.git,plt_Phase2Verified/apps/api/temp-12444.rdb,created,success,auto-push: temp-12444.rdb [2026-07-10 13:31:49] --END--
2026-07-10 13:36:53,3DPrintMaket,https://github.com/deka1105/3DPrintMaket.git,plt_Phase2Verified/apps/api/temp-12525.rdb,created,success,auto-push: temp-12525.rdb [2026-07-10 13:36:50] --END--
2026-07-10 13:41:54,3DPrintMaket,https://github.com/deka1105/3DPrintMaket.git,plt_Phase2Verified/apps/api/temp-12619.rdb,created,success,auto-push: temp-12619.rdb [2026-07-10 13:41:52] --END--
2026-07-10 13:46:55,3DPrintMaket,https://github.com/deka1105/3DPrintMaket.git,plt_Phase2Verified/apps/api/temp-12733.rdb,created,success,auto-push: temp-12619.rdb [2026-07-10 13:46:52] --END--
2026-07-10 13:50:21,MultistockDashboard,https://github.com/deka1105/MultistockDashboard.git,frontend/vercel.json.tmp.12774.eb12c012bdf7,created,success,auto-push: vercel.json [2026-07-10 13:50:19] --END--
2026-07-10 13:51:21,MultistockDashboard,https://github.com/deka1105/MultistockDashboard.git,frontend/.vercel/project.json,created,success,auto-push: .gitignore [2026-07-10 13:51:19] --END--
2026-07-10 13:51:56,3DPrintMaket,https://github.com/deka1105/3DPrintMaket.git,plt_Phase2Verified/apps/api/temp-15021.rdb,created,success,auto-push: temp-15021.rdb [2026-07-10 13:51:53] --END--
2026-07-10 13:54:40,MultistockDashboard,https://github.com/deka1105/MultistockDashboard.git,render.yaml.tmp.12774.da93e8dc72df,created,success,auto-push: render.yaml [2026-07-10 13:54:39] --END--
2026-07-10 13:56:57,3DPrintMaket,https://github.com/deka1105/3DPrintMaket.git,plt_Phase2Verified/apps/api/temp-15998.rdb,created,success,"auto-push: temp-15021.rdb, temp-15998.rdb [2026-07-10 13:56:54] --END--"
2026-07-10 14:02:00,3DPrintMaket,https://github.com/deka1105/3DPrintMaket.git,plt_Phase2Verified/apps/api/temp-16352.rdb,created,success,"auto-push: temp-15998.rdb, temp-16352.rdb [2026-07-10 14:01:56] --END--"
2026-07-10 14:02:04,3DPrintMaket,https://github.com/deka1105/3DPrintMaket.git,plt_Phase2Verified/apps/api/temp-16352.rdb,modified,success,auto-push: temp-16352.rdb [2026-07-10 14:02:00] --END--
2026-07-10 14:07:00,3DPrintMaket,https://github.com/deka1105/3DPrintMaket.git,plt_Phase2Verified/apps/api/temp-17529.rdb,created,success,auto-push: temp-17529.rdb [2026-07-10 14:06:57] --END--
2026-07-10 14:12:01,3DPrintMaket,https://github.com/deka1105/3DPrintMaket.git,plt_Phase2Verified/apps/api/temp-19993.rdb,created,success,"auto-push: temp-17529.rdb, temp-19993.rdb [2026-07-10 14:11:58] --END--"
2026-07-10 14:17:02,3DPrintMaket,https://github.com/deka1105/3DPrintMaket.git,plt_Phase2Verified/apps/api/temp-21290.rdb,created,success,auto-push: temp-19993.rdb [2026-07-10 14:16:59] --END--
2026-07-10 14:24:44,MultistockDashboard,https://github.com/deka1105/MultistockDashboard.git,frontend/.env.local,created,success,auto-push: .gitignore [2026-07-10 14:24:42] --END--
2026-07-10 14:27:04,3DPrintMaket,https://github.com/deka1105/3DPrintMaket.git,plt_Phase2Verified/apps/api/temp-23766.rdb,created,success,auto-push: temp-23766.rdb [2026-07-10 14:27:01] --END--
2026-07-10 14:32:04,3DPrintMaket,https://github.com/deka1105/3DPrintMaket.git,plt_Phase2Verified/apps/api/temp-24143.rdb,created,success,auto-push: temp-23766.rdb [2026-07-10 14:32:02] --END--
2026-07-10 14:37:06,3DPrintMaket,https://github.com/deka1105/3DPrintMaket.git,plt_Phase2Verified/apps/api/temp-24552.rdb,created,success,auto-push: temp-24552.rdb [2026-07-10 14:37:03] --END--
2026-07-10 14:40:59,repoherald,https://github.com/deka1105/repoherald.git,src/lib/feed-layout.ts.tmp.72135.2780b54326e2,created,success,auto-push: feed-layout.ts [2026-07-10 14:40:57] --END--
2026-07-10 14:41:04,repoherald,https://github.com/deka1105/repoherald.git,src/components/mode-toggle.tsx.tmp.72135.796baa2e7bac,created,success,auto-push: mode-toggle.tsx [2026-07-10 14:41:02] --END--
2026-07-10 14:41:11,repoherald,https://github.com/deka1105/repoherald.git,src/components/header-nav.tsx.tmp.72135.c0f2b9426529,created,success,auto-push: header-nav.tsx [2026-07-10 14:41:10] --END--
2026-07-10 14:41:21,repoherald,https://github.com/deka1105/repoherald.git,src/components/header-nav.tsx.tmp.72135.8b2ace2bd71a,created,success,auto-push: header-nav.tsx [2026-07-10 14:41:15] --END--
2026-07-10 14:41:24,repoherald,https://github.com/deka1105/repoherald.git,src/components/header-nav.tsx.tmp.72135.8b2ace2bd71a,modified,success,auto-push: repo-card.tsx [2026-07-10 14:41:21] --END--
2026-07-10 14:41:40,repoherald,https://github.com/deka1105/repoherald.git,src/components/repo-card.tsx.tmp.72135.391e05b358bb,created,success,auto-push: repo-card.tsx [2026-07-10 14:41:38] --END--
2026-07-10 14:41:57,repoherald,https://github.com/deka1105/repoherald.git,src/components/feed-home.tsx.tmp.72135.d9d5733a35e6,created,success,auto-push: feed-home.tsx [2026-07-10 14:41:56] --END--
2026-07-10 14:42:06,3DPrintMaket,https://github.com/deka1105/3DPrintMaket.git,plt_Phase2Verified/apps/api/temp-27556.rdb,created,success,auto-push: temp-27556.rdb [2026-07-10 14:42:04] --END--
2026-07-10 14:42:09,repoherald,https://github.com/deka1105/repoherald.git,src/components/account/feed-layout-chooser.tsx.tmp.72135.ae3c93ee339f,created,success,auto-push: feed-layout-chooser.tsx [2026-07-10 14:42:08] --END--
2026-07-10 14:42:18,repoherald,https://github.com/deka1105/repoherald.git,src/app/account/page.tsx.tmp.72135.7ed088d4de72,created,success,auto-push: page.tsx [2026-07-10 14:42:17] --END--
2026-07-10 14:42:25,repoherald,https://github.com/deka1105/repoherald.git,src/app/account/page.tsx.tmp.72135.77d6c18682e7,created,success,auto-push: page.tsx [2026-07-10 14:42:23] --END--
2026-07-10 14:42:35,repoherald,https://github.com/deka1105/repoherald.git,src/app/account/page.tsx.tmp.72135.9ec3bf5f6111,created,success,auto-push: page.tsx [2026-07-10 14:42:33] --END--
2026-07-10 14:43:14,repoherald,https://github.com/deka1105/repoherald.git,src/components/account/feed-layout-chooser.tsx.tmp.72135.9e1ec6492ba3,created,success,auto-push: feed-layout-chooser.tsx [2026-07-10 14:43:13] --END--
2026-07-10 14:43:20,repoherald,https://github.com/deka1105/repoherald.git,src/components/account/feed-layout-chooser.tsx.tmp.72135.4e849cd24ba3,created,success,auto-push: feed-layout-chooser.tsx [2026-07-10 14:43:19] --END--
2026-07-10 14:47:08,3DPrintMaket,https://github.com/deka1105/3DPrintMaket.git,plt_Phase2Verified/apps/api/temp-31886.rdb,created,success,auto-push: temp-31886.rdb [2026-07-10 14:47:05] --END--
2026-07-10 14:47:28,MultistockDashboard,https://github.com/deka1105/MultistockDashboard.git,backend/requirements.txt.tmp.12774.a7b2ff65eebe,created,success,auto-push: requirements.txt [2026-07-10 14:47:26] --END--
2026-07-10 14:49:04,MultistockDashboard,https://github.com/deka1105/MultistockDashboard.git,backend/.!33491!requirements.txt,created,success,"auto-push: requirements.dev.txt, requirements.txt [2026-07-10 14:49:03] --END--"
2026-07-10 14:52:09,3DPrintMaket,https://github.com/deka1105/3DPrintMaket.git,plt_Phase2Verified/apps/api/temp-33840.rdb,created,success,"auto-push: temp-31886.rdb, temp-33840.rdb [2026-07-10 14:52:06] --END--"
2026-07-10 14:57:09,3DPrintMaket,https://github.com/deka1105/3DPrintMaket.git,plt_Phase2Verified/apps/api/temp-34428.rdb,created,success,auto-push: temp-33840.rdb [2026-07-10 14:57:07] --END--
2026-07-10 15:02:11,3DPrintMaket,https://github.com/deka1105/3DPrintMaket.git,plt_Phase2Verified/apps/api/temp-34502.rdb,created,success,auto-push: temp-34502.rdb [2026-07-10 15:02:08] --END--
2026-07-10 15:07:11,3DPrintMaket,https://github.com/deka1105/3DPrintMaket.git,plt_Phase2Verified/apps/api/temp-34566.rdb,created,success,auto-push: temp-34502.rdb [2026-07-10 15:07:09] --END--
2026-07-10 15:12:13,3DPrintMaket,https://github.com/deka1105/3DPrintMaket.git,plt_Phase2Verified/apps/api/temp-34939.rdb,created,success,auto-push: temp-34939.rdb [2026-07-10 15:12:10] --END--
2026-07-10 15:17:13,3DPrintMaket,https://github.com/deka1105/3DPrintMaket.git,plt_Phase2Verified/apps/api/temp-35568.rdb,created,success,auto-push: temp-34939.rdb [2026-07-10 15:17:11] --END--
2026-07-10 15:17:30,repoherald,https://github.com/deka1105/repoherald.git,src/db/schema.ts.tmp.72135.3159ed21c7ea,created,success,auto-push: schema.ts [2026-07-10 15:17:28] --END--
2026-07-10 15:17:43,repoherald,https://github.com/deka1105/repoherald.git,drizzle/0007_analytics_events.sql.tmp.72135.d47cdcab38ef,created,success,auto-push: 0007_analytics_events.sql.tmp.72135.d47cdcab38ef [2026-07-10 15:17:42] --END--
2026-07-10 15:18:00,repoherald,https://github.com/deka1105/repoherald.git,drizzle/meta/_journal.json.tmp.72135.00bf0cde015a,created,success,"auto-push: 0007_analytics_events.sql, _journal.json [2026-07-10 15:17:58] --END--"
2026-07-10 15:18:18,repoherald,https://github.com/deka1105/repoherald.git,src/lib/analytics.ts.tmp.72135.2c1a15d11ded,created,success,auto-push: analytics.ts [2026-07-10 15:18:16] --END--
2026-07-10 15:18:27,repoherald,https://github.com/deka1105/repoherald.git,src/lib/track-client.ts.tmp.72135.fef7022e428f,created,success,auto-push: track-client.ts [2026-07-10 15:18:25] --END--
2026-07-10 15:18:40,repoherald,https://github.com/deka1105/repoherald.git,src/app/api/track/route.ts.tmp.72135.321aaf066437,created,success,auto-push: route.ts [2026-07-10 15:18:39] --END--
2026-07-10 15:18:50,repoherald,https://github.com/deka1105/repoherald.git,src/components/page-tracker.tsx.tmp.72135.a3a5dbc6a420,created,success,auto-push: page-tracker.tsx [2026-07-10 15:18:48] --END--
2026-07-10 15:18:59,repoherald,https://github.com/deka1105/repoherald.git,src/app/layout.tsx.tmp.72135.e3aa158e555b,created,success,auto-push: layout.tsx [2026-07-10 15:18:58] --END--
2026-07-10 15:19:19,repoherald,https://github.com/deka1105/repoherald.git,src/components/claim-button.tsx.tmp.72135.c667215517c6,created,success,auto-push: claim-button.tsx [2026-07-10 15:19:17] --END--
2026-07-10 15:19:35,repoherald,https://github.com/deka1105/repoherald.git,src/components/claim-button.tsx.tmp.72135.c44c138e590e,created,success,auto-push: claim-button.tsx [2026-07-10 15:19:34] --END--
2026-07-10 15:19:43,repoherald,https://github.com/deka1105/repoherald.git,src/components/donate-button.tsx.tmp.72135.e8f2f1ba4566,created,success,auto-push: donate-button.tsx [2026-07-10 15:19:41] --END--
2026-07-10 15:19:47,repoherald,https://github.com/deka1105/repoherald.git,src/components/donate-button.tsx.tmp.72135.3391aa8d7888,created,success,auto-push: donate-button.tsx [2026-07-10 15:19:46] --END--
2026-07-10 15:20:48,repoherald,https://github.com/deka1105/repoherald.git,src/app/admin/analytics/page.tsx.tmp.72135.70914b1859f5,created,success,auto-push: page.tsx [2026-07-10 15:20:46] --END--
2026-07-10 15:21:13,repoherald,https://github.com/deka1105/repoherald.git,tsconfig.tsbuildinfo,modified,success,auto-push: header-nav.tsx [2026-07-10 15:21:11] --END--
2026-07-10 15:21:30,repoherald,https://github.com/deka1105/repoherald.git,src/lib/analytics.ts.tmp.72135.2ef06a5881df,created,success,auto-push: analytics.ts [2026-07-10 15:21:28] --END--
2026-07-10 15:21:50,repoherald,https://github.com/deka1105/repoherald.git,tsconfig.tsbuildinfo,modified,success,auto-push: route.ts [2026-07-10 15:21:48] --END--
2026-07-10 15:23:50,repoherald,https://github.com/deka1105/repoherald.git,src/app/admin/analytics/page.tsx.tmp.72135.57bc3c8b200c,created,success,auto-push: page.tsx [2026-07-10 15:23:48] --END--
2026-07-10 15:23:57,repoherald,https://github.com/deka1105/repoherald.git,.next/dev/cache/turbopack/v16.2.10/00000265.sst,created,success,auto-push: page.tsx [2026-07-10 15:23:55] --END--
2026-07-10 15:42:19,3DPrintMaket,https://github.com/deka1105/3DPrintMaket.git,plt_Phase2Verified/apps/api/temp-40756.rdb,created,success,auto-push: temp-40756.rdb [2026-07-10 15:42:16] --END--
2026-07-10 15:47:20,3DPrintMaket,https://github.com/deka1105/3DPrintMaket.git,plt_Phase2Verified/apps/api/temp-41763.rdb,created,success,auto-push: temp-41763.rdb [2026-07-10 15:47:17] --END--
2026-07-10 15:48:04,repoherald,https://github.com/deka1105/repoherald.git,_verify_analytics.mjs,created,failed,rebase conflict unresolved: From https://github.com/deka1105/repoherald\n * branch            HEAD       -> FETCH_HEAD\nerror: cannot rebase: You have unstaged changes.\nerror: Please commit or stash them. --END--
2026-07-10 15:48:22,repoherald,https://github.com/deka1105/repoherald.git,_cleanup.mjs,created,failed,rebase conflict unresolved: From https://github.com/deka1105/repoherald\n * branch            HEAD       -> FETCH_HEAD\nerror: cannot rebase: You have unstaged changes.\nerror: Please commit or stash them. --END--
2026-07-10 15:52:21,3DPrintMaket,https://github.com/deka1105/3DPrintMaket.git,plt_Phase2Verified/apps/api/temp-43130.rdb,created,success,"auto-push: temp-41763.rdb, temp-43130.rdb [2026-07-10 15:52:18] --END--"
2026-07-10 15:53:49,repoherald,https://github.com/deka1105/repoherald.git,src/components/header-nav.tsx.tmp.72135.d7d90c65fd60,created,success,"auto-push: _cleanup.mjs, header-nav.tsx [2026-07-10 15:53:47] --END--"
2026-07-10 15:53:55,repoherald,https://github.com/deka1105/repoherald.git,src/components/mobile-nav.tsx.tmp.72135.1149c5f3474a,created,success,auto-push: mobile-nav.tsx [2026-07-10 15:53:54] --END--
2026-07-10 15:54:05,repoherald,https://github.com/deka1105/repoherald.git,src/components/mobile-nav.tsx.tmp.72135.5c020869b6d6,created,success,auto-push: mobile-nav.tsx [2026-07-10 15:54:03] --END--
2026-07-10 15:57:12,globeProducts,https://github.com/deka1105/globeProducts.git,CLAUDE.md.tmp.43623.3a330d8a32b1,created,success,auto-push: CLAUDE.md [2026-07-10 15:57:11] --END--
2026-07-10 15:57:23,3DPrintMaket,https://github.com/deka1105/3DPrintMaket.git,plt_Phase2Verified/apps/api/temp-46926.rdb,created,success,"auto-push: temp-43130.rdb, temp-46926.rdb [2026-07-10 15:57:19] --END--"
2026-07-10 16:02:23,3DPrintMaket,https://github.com/deka1105/3DPrintMaket.git,plt_Phase2Verified/apps/api/temp-47367.rdb,created,success,auto-push: temp-46926.rdb [2026-07-10 16:02:20] --END--
2026-07-10 16:12:25,3DPrintMaket,https://github.com/deka1105/3DPrintMaket.git,plt_Phase2Verified/apps/api/temp-47479.rdb,created,success,auto-push: temp-47479.rdb [2026-07-10 16:12:22] --END--
2026-07-10 16:17:24,3DPrintMaket,https://github.com/deka1105/3DPrintMaket.git,plt_Phase2Verified/apps/api/temp-48020.rdb,created,failed,rebase conflict unresolved: From https://github.com/deka1105/3DPrintMaket\n * branch            HEAD       -> FETCH_HEAD\nerror: cannot rebase: You have unstaged changes.\nerror: Please commit or stash them. --END--
2026-07-10 16:22:27,3DPrintMaket,https://github.com/deka1105/3DPrintMaket.git,plt_Phase2Verified/apps/api/temp-48268.rdb,created,success,"auto-push: temp-48020.rdb, temp-48268.rdb [2026-07-10 16:22:24] --END--"
2026-07-10 16:27:26,3DPrintMaket,https://github.com/deka1105/3DPrintMaket.git,plt_Phase2Verified/apps/api/temp-48382.rdb,created,failed,rebase conflict unresolved: From https://github.com/deka1105/3DPrintMaket\n * branch            HEAD       -> FETCH_HEAD\nerror: cannot rebase: You have unstaged changes.\nerror: Please commit or stash them. --END--
2026-07-10 16:32:29,3DPrintMaket,https://github.com/deka1105/3DPrintMaket.git,plt_Phase2Verified/apps/api/temp-48457.rdb,created,success,"auto-push: temp-48382.rdb, temp-48457.rdb [2026-07-10 16:32:26] --END--"
2026-07-10 16:37:32,3DPrintMaket,https://github.com/deka1105/3DPrintMaket.git,plt_Phase2Verified/apps/api/temp-48517.rdb,created,success,auto-push: temp-48457.rdb [2026-07-10 16:37:28] --END--
2026-07-10 16:47:33,3DPrintMaket,https://github.com/deka1105/3DPrintMaket.git,plt_Phase2Verified/apps/api/temp-48599.rdb,created,success,auto-push: temp-48599.rdb [2026-07-10 16:47:30] --END--
2026-07-10 16:52:34,3DPrintMaket,https://github.com/deka1105/3DPrintMaket.git,plt_Phase2Verified/apps/api/temp-48664.rdb,created,success,auto-push: temp-48664.rdb [2026-07-10 16:52:31] --END--
2026-07-10 17:02:38,3DPrintMaket,https://github.com/deka1105/3DPrintMaket.git,plt_Phase2Verified/apps/api/temp-48823.rdb,created,success,"auto-push: temp-48664.rdb, temp-48823.rdb [2026-07-10 17:02:27] --END--"
2026-07-10 17:02:53,3DPrintMaket,https://github.com/deka1105/3DPrintMaket.git,plt_Phase2Verified/apps/api/temp-48823.rdb,modified,success,auto-push: temp-48823.rdb [2026-07-10 17:02:39] --END--
2026-07-10 17:15:02,3DPrintMaket,https://github.com/deka1105/3DPrintMaket.git,plt_Phase2Verified/apps/api/temp-48911.rdb,created,success,auto-push: temp-48911.rdb [2026-07-10 17:14:46] --END--
2026-07-10 17:15:25,3DPrintMaket,https://github.com/deka1105/3DPrintMaket.git,plt_Phase2Verified/apps/api/temp-48911.rdb,modified,success,auto-push: temp-48911.rdb [2026-07-10 17:15:04] --END--
2026-07-10 17:20:57,3DPrintMaket,https://github.com/deka1105/3DPrintMaket.git,plt_Phase2Verified/apps/api/temp-49003.rdb,created,success,auto-push: temp-49003.rdb [2026-07-10 17:20:50] --END--
2026-07-10 17:21:21,3DPrintMaket,https://github.com/deka1105/3DPrintMaket.git,plt_Phase2Verified/apps/api/temp-49003.rdb,modified,success,auto-push: temp-49003.rdb [2026-07-10 17:20:57] --END--
2026-07-10 17:51:45,3DPrintMaket,https://github.com/deka1105/3DPrintMaket.git,plt_Phase2Verified/apps/api/temp-49088.rdb,created,success,auto-push: temp-49088.rdb [2026-07-10 17:51:38] --END--
2026-07-10 17:52:14,3DPrintMaket,https://github.com/deka1105/3DPrintMaket.git,plt_Phase2Verified/apps/api/temp-49088.rdb,modified,success,auto-push: temp-49088.rdb [2026-07-10 17:51:46] --END--
2026-07-10 18:23:44,3DPrintMaket,https://github.com/deka1105/3DPrintMaket.git,plt_Phase2Verified/apps/api/temp-49193.rdb,created,success,auto-push: temp-49193.rdb [2026-07-10 18:23:21] --END--
2026-07-10 18:24:13,3DPrintMaket,https://github.com/deka1105/3DPrintMaket.git,plt_Phase2Verified/apps/api/temp-49193.rdb,modified,success,auto-push: temp-49193.rdb [2026-07-10 18:23:44] --END--
2026-07-10 18:46:58,3DPrintMaket,https://github.com/deka1105/3DPrintMaket.git,plt_Phase2Verified/apps/api/temp-49310.rdb,created,failed,rebase conflict unresolved: From https://github.com/deka1105/3DPrintMaket\n * branch            HEAD       -> FETCH_HEAD\nerror: cannot rebase: You have unstaged changes.\nerror: Please commit or stash them. --END--
2026-07-10 18:52:02,3DPrintMaket,https://github.com/deka1105/3DPrintMaket.git,plt_Phase2Verified/apps/api/temp-49531.rdb,created,success,"auto-push: temp-49310.rdb, temp-49531.rdb [2026-07-10 18:51:56] --END--"
2026-07-10 18:52:06,3DPrintMaket,https://github.com/deka1105/3DPrintMaket.git,plt_Phase2Verified/apps/api/temp-49531.rdb,modified,success,auto-push: temp-49531.rdb [2026-07-10 18:52:03] --END--
2026-07-10 19:23:22,3DPrintMaket,https://github.com/deka1105/3DPrintMaket.git,plt_Phase2Verified/apps/api/temp-49865.rdb,created,success,auto-push: temp-49865.rdb [2026-07-10 19:01:48] --END--
2026-07-10 19:23:49,3DPrintMaket,https://github.com/deka1105/3DPrintMaket.git,plt_Phase2Verified/apps/api/temp-49865.rdb,modified,success,auto-push: temp-49865.rdb [2026-07-10 19:23:23] --END--
2026-07-10 21:30:41,3DPrintMaket,https://github.com/deka1105/3DPrintMaket.git,plt_Phase2Verified/apps/api/temp-50168.rdb,created,success,auto-push: temp-50168.rdb [2026-07-10 21:30:35] --END--
2026-07-10 21:30:44,3DPrintMaket,https://github.com/deka1105/3DPrintMaket.git,plt_Phase2Verified/apps/api/temp-50168.rdb,modified,success,auto-push: temp-50168.rdb [2026-07-10 21:30:42] --END--
2026-07-10 21:35:40,3DPrintMaket,https://github.com/deka1105/3DPrintMaket.git,plt_Phase2Verified/apps/api/temp-50667.rdb,created,success,auto-push: temp-50667.rdb [2026-07-10 21:35:37] --END--
2026-07-10 21:40:41,3DPrintMaket,https://github.com/deka1105/3DPrintMaket.git,plt_Phase2Verified/apps/api/temp-50913.rdb,created,success,"auto-push: temp-50667.rdb, temp-50913.rdb [2026-07-10 21:40:38] --END--"
2026-07-10 21:44:01,globeProducts,https://github.com/deka1105/globeProducts.git,index.html.tmp.43623.a517a5070774,created,success,auto-push: index.html [2026-07-10 21:43:59] --END--
2026-07-10 21:44:07,globeProducts,https://github.com/deka1105/globeProducts.git,index.html.tmp.43623.dcbe189a72e5,created,success,auto-push: index.html [2026-07-10 21:44:06] --END--
2026-07-10 21:44:16,globeProducts,https://github.com/deka1105/globeProducts.git,globe-engine.js.tmp.43623.df7521512fe7,created,success,auto-push: globe-engine.js [2026-07-10 21:44:15] --END--
2026-07-10 21:44:26,globeProducts,https://github.com/deka1105/globeProducts.git,globe-engine.js.tmp.43623.ea18bc6de276,created,success,auto-push: globe-engine.js [2026-07-10 21:44:25] --END--
2026-07-10 21:44:35,globeProducts,https://github.com/deka1105/globeProducts.git,portfolio-updater.html.tmp.43623.939b0d903184,created,success,auto-push: portfolio-updater.html [2026-07-10 21:44:34] --END--
2026-07-10 21:44:46,globeProducts,https://github.com/deka1105/globeProducts.git,.vercelignore.tmp.43623.8bee8e0543b2,created,success,auto-push: .vercelignore [2026-07-10 21:44:45] --END--
2026-07-10 21:45:24,globeProducts,https://github.com/deka1105/globeProducts.git,.vercel/project.json,created,success,"auto-push: README.txt, project.json, vercel.json [2026-07-10 21:45:22] --END--"
2026-07-10 21:45:44,3DPrintMaket,https://github.com/deka1105/3DPrintMaket.git,plt_Phase2Verified/apps/api/temp-53710.rdb,created,success,auto-push: temp-53710.rdb [2026-07-10 21:45:39] --END--
2026-07-10 21:46:21,globeProducts,https://github.com/deka1105/globeProducts.git,index.html.tmp.43623.92eb41a83669,created,success,auto-push: index.html [2026-07-10 21:46:19] --END--
2026-07-10 21:50:43,3DPrintMaket,https://github.com/deka1105/3DPrintMaket.git,plt_Phase2Verified/apps/api/temp-55057.rdb,created,success,auto-push: temp-55057.rdb [2026-07-10 21:50:40] --END--
2026-07-10 21:55:43,3DPrintMaket,https://github.com/deka1105/3DPrintMaket.git,plt_Phase2Verified/apps/api/temp-55147.rdb,created,success,"auto-push: temp-55057.rdb, temp-55147.rdb [2026-07-10 21:55:41] --END--"
2026-07-10 22:00:45,3DPrintMaket,https://github.com/deka1105/3DPrintMaket.git,plt_Phase2Verified/apps/api/temp-55219.rdb,created,success,auto-push: temp-55147.rdb [2026-07-10 22:00:43] --END--
2026-07-10 22:05:46,3DPrintMaket,https://github.com/deka1105/3DPrintMaket.git,plt_Phase2Verified/apps/api/temp-55311.rdb,created,success,auto-push: temp-55311.rdb [2026-07-10 22:05:43] --END--
2026-07-10 22:10:47,3DPrintMaket,https://github.com/deka1105/3DPrintMaket.git,plt_Phase2Verified/apps/api/temp-55408.rdb,created,success,auto-push: temp-55311.rdb [2026-07-10 22:10:44] --END--
2026-07-10 22:15:48,3DPrintMaket,https://github.com/deka1105/3DPrintMaket.git,plt_Phase2Verified/apps/api/temp-55480.rdb,created,success,auto-push: temp-55480.rdb [2026-07-10 22:15:45] --END--
2026-07-10 22:19:08,globeProducts,https://github.com/deka1105/globeProducts.git,index.html.tmp.43623.25ff03006916,created,success,auto-push: index.html [2026-07-10 22:19:07] --END--
2026-07-10 22:19:14,globeProducts,https://github.com/deka1105/globeProducts.git,index.html.tmp.43623.3df2f97dc9ed,created,success,auto-push: index.html [2026-07-10 22:19:13] --END--
2026-07-10 22:20:49,3DPrintMaket,https://github.com/deka1105/3DPrintMaket.git,plt_Phase2Verified/apps/api/temp-56586.rdb,created,success,"auto-push: temp-55480.rdb, temp-56586.rdb [2026-07-10 22:20:46] --END--"
2026-07-10 22:25:51,3DPrintMaket,https://github.com/deka1105/3DPrintMaket.git,plt_Phase2Verified/apps/api/temp-59298.rdb,created,success,"auto-push: temp-56586.rdb, temp-59298.rdb [2026-07-10 22:25:47] --END--"
2026-07-10 22:29:12,globeProducts,https://github.com/deka1105/globeProducts.git,portfolio-data.json.tmp.43623.cf03db21fb74,created,success,auto-push: portfolio-data.json [2026-07-10 22:29:10] --END--
2026-07-10 22:29:17,globeProducts,https://github.com/deka1105/globeProducts.git,index.html.tmp.43623.e9fff928a9d3,created,success,auto-push: index.html [2026-07-10 22:29:16] --END--
2026-07-10 22:29:36,globeProducts,https://github.com/deka1105/globeProducts.git,index.html.tmp.43623.c5cf474f60d7,created,success,auto-push: index.html [2026-07-10 22:29:33] --END--
2026-07-10 22:29:51,globeProducts,https://github.com/deka1105/globeProducts.git,index.html.tmp.43623.8fadb667c039,created,success,auto-push: index.html [2026-07-10 22:29:49] --END--
2026-07-10 22:29:58,globeProducts,https://github.com/deka1105/globeProducts.git,index.html.tmp.43623.8d2eb1fb2404,created,success,auto-push: index.html [2026-07-10 22:29:56] --END--
2026-07-10 22:30:19,globeProducts,https://github.com/deka1105/globeProducts.git,index.html.tmp.43623.59d108fd5291,created,success,auto-push: index.html [2026-07-10 22:30:17] --END--
2026-07-10 22:30:49,3DPrintMaket,https://github.com/deka1105/3DPrintMaket.git,plt_Phase2Verified/apps/api/temp-62159.rdb,created,failed,rebase conflict unresolved: From https://github.com/deka1105/3DPrintMaket\n * branch            HEAD       -> FETCH_HEAD\nerror: cannot rebase: You have unstaged changes.\nerror: Please commit or stash them. --END--
2026-07-10 22:35:52,3DPrintMaket,https://github.com/deka1105/3DPrintMaket.git,plt_Phase2Verified/apps/api/temp-62536.rdb,created,success,"auto-push: temp-62159.rdb, temp-62536.rdb [2026-07-10 22:35:49] --END--"
2026-07-10 22:40:53,3DPrintMaket,https://github.com/deka1105/3DPrintMaket.git,plt_Phase2Verified/apps/api/temp-62599.rdb,created,success,"auto-push: temp-62536.rdb, temp-62599.rdb [2026-07-10 22:40:50] --END--"
2026-07-10 22:45:54,3DPrintMaket,https://github.com/deka1105/3DPrintMaket.git,plt_Phase2Verified/apps/api/temp-62669.rdb,created,success,"auto-push: temp-62599.rdb, temp-62669.rdb [2026-07-10 22:45:51] --END--"
2026-07-10 22:50:55,3DPrintMaket,https://github.com/deka1105/3DPrintMaket.git,plt_Phase2Verified/apps/api/temp-62755.rdb,created,success,"auto-push: temp-62669.rdb, temp-62755.rdb [2026-07-10 22:50:52] --END--"
2026-07-10 23:00:02,3DPrintMaket,https://github.com/deka1105/3DPrintMaket.git,plt_Phase2Verified/apps/api/temp-62855.rdb,created,success,"auto-push: temp-62755.rdb, temp-62855.rdb [2026-07-10 22:59:59] --END--"
2026-07-10 23:10:48,3DPrintMaket,https://github.com/deka1105/3DPrintMaket.git,plt_Phase2Verified/apps/api/temp-62898.rdb,created,success,"auto-push: temp-62855.rdb, temp-62898.rdb [2026-07-10 23:10:03] --END--"
2026-07-10 23:15:58,3DPrintMaket,https://github.com/deka1105/3DPrintMaket.git,plt_Phase2Verified/apps/api/temp-62898.rdb,modified,success,auto-push: temp-62898.rdb [2026-07-10 23:10:49] --END--
2026-07-11 00:52:15,3DPrintMaket,https://github.com/deka1105/3DPrintMaket.git,plt_Phase2Verified/apps/api/temp-63133.rdb,created,success,auto-push: temp-63133.rdb [2026-07-11 00:52:08] --END--
2026-07-11 00:52:57,3DPrintMaket,https://github.com/deka1105/3DPrintMaket.git,plt_Phase2Verified/apps/api/temp-63133.rdb,modified,success,auto-push: temp-63133.rdb [2026-07-11 00:52:16] --END--
2026-07-11 01:03:44,3DPrintMaket,https://github.com/deka1105/3DPrintMaket.git,plt_Phase2Verified/apps/api/temp-63219.rdb,created,success,auto-push: temp-63219.rdb [2026-07-11 01:03:24] --END--
2026-07-11 01:03:59,3DPrintMaket,https://github.com/deka1105/3DPrintMaket.git,plt_Phase2Verified/apps/api/temp-63219.rdb,modified,success,auto-push: temp-63219.rdb [2026-07-11 01:03:45] --END--
2026-07-11 01:43:07,3DPrintMaket,https://github.com/deka1105/3DPrintMaket.git,plt_Phase2Verified/apps/api/temp-63348.rdb,created,success,auto-push: temp-63348.rdb [2026-07-11 01:42:46] --END--
2026-07-11 01:53:20,3DPrintMaket,https://github.com/deka1105/3DPrintMaket.git,plt_Phase2Verified/apps/api/temp-63348.rdb,modified,success,auto-push: temp-63348.rdb [2026-07-11 01:43:10] --END--
2026-07-11 01:54:03,3DPrintMaket,https://github.com/deka1105/3DPrintMaket.git,plt_Phase2Verified/apps/api/temp-63437.rdb,created,success,auto-push: temp-63437.rdb [2026-07-11 01:53:33] --END--
2026-07-11 02:12:58,3DPrintMaket,https://github.com/deka1105/3DPrintMaket.git,plt_Phase2Verified/apps/api/temp-63437.rdb,modified,success,auto-push: temp-63437.rdb [2026-07-11 02:12:48] --END--
2026-07-11 02:50:17,3DPrintMaket,https://github.com/deka1105/3DPrintMaket.git,plt_Phase2Verified/apps/api/temp-63607.rdb,created,success,auto-push: temp-63607.rdb [2026-07-11 02:50:00] --END--
2026-07-11 02:50:35,3DPrintMaket,https://github.com/deka1105/3DPrintMaket.git,plt_Phase2Verified/apps/api/temp-63607.rdb,modified,success,auto-push: temp-63607.rdb [2026-07-11 02:50:19] --END--
2026-07-11 03:21:33,3DPrintMaket,https://github.com/deka1105/3DPrintMaket.git,plt_Phase2Verified/apps/api/temp-63715.rdb,created,success,auto-push: temp-63715.rdb [2026-07-11 02:55:05] --END--
2026-07-11 03:22:09,3DPrintMaket,https://github.com/deka1105/3DPrintMaket.git,plt_Phase2Verified/apps/api/temp-63715.rdb,modified,success,auto-push: temp-63715.rdb [2026-07-11 03:21:38] --END--
2026-07-11 03:55:17,3DPrintMaket,https://github.com/deka1105/3DPrintMaket.git,plt_Phase2Verified/apps/api/temp-63846.rdb,created,success,auto-push: temp-63846.rdb [2026-07-11 03:26:22] --END--
2026-07-11 03:55:24,3DPrintMaket,https://github.com/deka1105/3DPrintMaket.git,plt_Phase2Verified/apps/api/temp-63846.rdb,modified,success,auto-push: temp-63846.rdb [2026-07-11 03:55:17] --END--
2026-07-11 03:56:16,3DPrintMaket,https://github.com/deka1105/3DPrintMaket.git,plt_Phase2Verified/apps/api/temp-63940.rdb,created,success,auto-push: temp-63940.rdb [2026-07-11 03:55:34] --END--
2026-07-11 04:13:38,3DPrintMaket,https://github.com/deka1105/3DPrintMaket.git,plt_Phase2Verified/apps/api/temp-63940.rdb,modified,success,auto-push: temp-63940.rdb [2026-07-11 03:56:23] --END--
2026-07-11 04:35:13,3DPrintMaket,https://github.com/deka1105/3DPrintMaket.git,plt_Phase2Verified/apps/api/temp-64113.rdb,created,success,auto-push: temp-64113.rdb [2026-07-11 04:34:59] --END--
2026-07-11 04:35:41,3DPrintMaket,https://github.com/deka1105/3DPrintMaket.git,plt_Phase2Verified/apps/api/temp-64113.rdb,modified,success,auto-push: temp-64113.rdb [2026-07-11 04:35:13] --END--
2026-07-11 04:54:19,3DPrintMaket,https://github.com/deka1105/3DPrintMaket.git,plt_Phase2Verified/apps/api/temp-64206.rdb,created,success,auto-push: temp-64206.rdb [2026-07-11 04:54:08] --END--
2026-07-11 04:54:44,3DPrintMaket,https://github.com/deka1105/3DPrintMaket.git,plt_Phase2Verified/apps/api/temp-64206.rdb,modified,success,auto-push: temp-64206.rdb [2026-07-11 04:54:20] --END--
2026-07-11 05:47:04,3DPrintMaket,https://github.com/deka1105/3DPrintMaket.git,plt_Phase2Verified/apps/api/temp-64358.rdb,created,success,auto-push: temp-64358.rdb [2026-07-11 05:46:54] --END--
2026-07-11 05:47:27,3DPrintMaket,https://github.com/deka1105/3DPrintMaket.git,plt_Phase2Verified/apps/api/temp-64358.rdb,modified,success,auto-push: temp-64358.rdb [2026-07-11 05:47:05] --END--
2026-07-11 06:07:15,3DPrintMaket,https://github.com/deka1105/3DPrintMaket.git,plt_Phase2Verified/apps/api/temp-64496.rdb,created,success,auto-push: temp-64496.rdb [2026-07-11 06:06:54] --END--
2026-07-11 06:07:38,3DPrintMaket,https://github.com/deka1105/3DPrintMaket.git,plt_Phase2Verified/apps/api/temp-64496.rdb,modified,success,auto-push: temp-64496.rdb [2026-07-11 06:07:18] --END--
2026-07-11 06:25:14,3DPrintMaket,https://github.com/deka1105/3DPrintMaket.git,plt_Phase2Verified/apps/api/temp-64584.rdb,created,success,auto-push: temp-64584.rdb [2026-07-11 06:25:07] --END--
2026-07-11 06:25:26,3DPrintMaket,https://github.com/deka1105/3DPrintMaket.git,plt_Phase2Verified/apps/api/temp-64584.rdb,modified,success,auto-push: temp-64584.rdb [2026-07-11 06:25:14] --END--
2026-07-11 06:57:38,3DPrintMaket,https://github.com/deka1105/3DPrintMaket.git,plt_Phase2Verified/apps/api/temp-64735.rdb,created,success,auto-push: temp-64735.rdb [2026-07-11 06:57:18] --END--
2026-07-11 06:58:12,3DPrintMaket,https://github.com/deka1105/3DPrintMaket.git,plt_Phase2Verified/apps/api/temp-64735.rdb,modified,success,auto-push: temp-64735.rdb [2026-07-11 06:57:39] --END--
2026-07-11 07:55:05,3DPrintMaket,https://github.com/deka1105/3DPrintMaket.git,plt_Phase2Verified/apps/api/temp-64916.rdb,created,success,auto-push: temp-64916.rdb [2026-07-11 07:54:52] --END--
2026-07-11 07:55:38,3DPrintMaket,https://github.com/deka1105/3DPrintMaket.git,plt_Phase2Verified/apps/api/temp-64916.rdb,modified,success,auto-push: temp-64916.rdb [2026-07-11 07:55:09] --END--
2026-07-11 08:00:14,3DPrintMaket,https://github.com/deka1105/3DPrintMaket.git,plt_Phase2Verified/apps/api/temp-65039.rdb,created,success,auto-push: temp-65039.rdb [2026-07-11 07:59:53] --END--
2026-07-11 08:16:23,3DPrintMaket,https://github.com/deka1105/3DPrintMaket.git,plt_Phase2Verified/apps/api/temp-65039.rdb,modified,success,auto-push: temp-65039.rdb [2026-07-11 08:00:15] --END--
2026-07-11 08:36:41,3DPrintMaket,https://github.com/deka1105/3DPrintMaket.git,plt_Phase2Verified/apps/api/temp-65157.rdb,created,success,auto-push: temp-65157.rdb [2026-07-11 08:34:01] --END--
2026-07-11 08:59:43,3DPrintMaket,https://github.com/deka1105/3DPrintMaket.git,plt_Phase2Verified/apps/api/temp-65157.rdb,modified,success,auto-push: temp-65157.rdb [2026-07-11 08:37:14] --END--
2026-07-11 09:15:55,3DPrintMaket,https://github.com/deka1105/3DPrintMaket.git,plt_Phase2Verified/apps/api/temp-65324.rdb,created,success,auto-push: temp-65324.rdb [2026-07-11 09:10:51] --END--
2026-07-11 09:42:04,3DPrintMaket,https://github.com/deka1105/3DPrintMaket.git,plt_Phase2Verified/apps/api/temp-65324.rdb,modified,failed,auth/network error: fatal: could not read Username for 'https://github.com': terminal prompts disabled --END--
2026-07-11 10:03:42,3DPrintMaket,https://github.com/deka1105/3DPrintMaket.git,plt_Phase2Verified/apps/api/temp-65324.rdb,moved,success,auto-push: temp-65539.rdb [2026-07-11 09:42:06] --END--
2026-07-11 10:06:48,3DPrintMaket,https://github.com/deka1105/3DPrintMaket.git,plt_Phase2Verified/apps/api/temp-65931.rdb,created,failed,rebase conflict unresolved: From https://github.com/deka1105/3DPrintMaket\n * branch            HEAD       -> FETCH_HEAD\nerror: cannot rebase: You have unstaged changes.\nerror: Please commit or stash them. --END--
2026-07-11 10:08:16,3DPrintMaket,https://github.com/deka1105/3DPrintMaket.git,plt_Phase2Verified/apps/api/temp-65931.rdb,deleted,success,auto-push: temp-65931.rdb [2026-07-11 10:06:52] --END--
2026-07-11 23:14:43,3DPrintMaket,https://github.com/deka1105/3DPrintMaket.git,plt_Phase2Verified/apps/api/temp-66138.rdb,created,failed,auth/network error: fatal: could not read Username for 'https://github.com': terminal prompts disabled --END--
2026-07-11 23:15:42,3DPrintMaket,https://github.com/deka1105/3DPrintMaket.git,plt_Phase2Verified/apps/api/temp-66138.rdb,deleted,failed,auth/network error: fatal: could not read Username for 'https://github.com': terminal prompts disabled --END--
2026-07-11 23:18:05,3DPrintMaket,https://github.com/deka1105/3DPrintMaket.git,plt_Phase2Verified/apps/api/temp-66138.rdb,modified,failed,auth/network error: fatal: could not read Username for 'https://github.com': terminal prompts disabled --END--
2026-07-11 23:23:43,3DPrintMaket,https://github.com/deka1105/3DPrintMaket.git,plt_Phase2Verified/apps/api/temp-66345.rdb,created,failed,auth/network error: fatal: could not read Username for 'https://github.com': terminal prompts disabled --END--
2026-07-11 23:25:51,3DPrintMaket,https://github.com/deka1105/3DPrintMaket.git,plt_Phase2Verified/apps/api/temp-66345.rdb,deleted,success,auto-push: temp-66345.rdb [2026-07-11 23:23:47] --END--
2026-07-11 23:31:10,3DPrintMaket,https://github.com/deka1105/3DPrintMaket.git,plt_Phase2Verified/apps/api/temp-66345.rdb,modified,success,auto-push: temp-66345.rdb [2026-07-11 23:28:57] --END--
2026-07-11 23:35:23,3DPrintMaket,https://github.com/deka1105/3DPrintMaket.git,plt_Phase2Verified/apps/api/temp-66505.rdb,created,failed,auth/network error: fatal: could not read Username for 'https://github.com': terminal prompts disabled --END--
2026-07-11 23:36:49,3DPrintMaket,https://github.com/deka1105/3DPrintMaket.git,plt_Phase2Verified/apps/api/temp-66505.rdb,deleted,failed,auth/network error: fatal: could not read Username for 'https://github.com': terminal prompts disabled --END--
2026-07-11 23:43:45,3DPrintMaket,https://github.com/deka1105/3DPrintMaket.git,plt_Phase2Verified/apps/api/temp-66505.rdb,modified,failed,fatal: could not read Username for 'https://github.com': terminal prompts disabled --END--
2026-07-11 23:48:25,3DPrintMaket,https://github.com/deka1105/3DPrintMaket.git,plt_Phase2Verified/apps/api/temp-66666.rdb,created,failed,auth/network error: fatal: could not read Username for 'https://github.com': terminal prompts disabled --END--
2026-07-11 23:51:18,3DPrintMaket,https://github.com/deka1105/3DPrintMaket.git,plt_Phase2Verified/apps/api/temp-66666.rdb,deleted,failed,fatal: could not read Username for 'https://github.com': terminal prompts disabled --END--
2026-07-12 01:31:48,globeProducts,https://github.com/deka1105/globeProducts.git,index.html.tmp.7549.a0b696991ba0,created,success,auto-push: index.html [2026-07-12 01:31:46] --END--
2026-07-12 01:37:10,globeProducts,https://github.com/deka1105/globeProducts.git,portfolio-data.json.tmp.7549.33b2f6b5d77f,created,success,"auto-push: portfolio-data.json, portfolio-updater.html [2026-07-12 01:37:08] --END--"
2026-07-12 22:23:39,globeProducts,https://github.com/deka1105/globeProducts.git,portfolio-data.json.tmp.7549.4788e4dc4a95,created,success,auto-push: portfolio-data.json [2026-07-12 22:23:38] --END--
2026-07-12 22:29:34,globeProducts,https://github.com/deka1105/globeProducts.git,portfolio-data.json.tmp.7549.398a95620da4,created,success,auto-push: portfolio-data.json [2026-07-12 22:29:33] --END--
2026-07-12 22:29:42,globeProducts,https://github.com/deka1105/globeProducts.git,portfolio-data.json.tmp.7549.543b66ac6dda,created,success,auto-push: portfolio-data.json [2026-07-12 22:29:40] --END--
2026-07-12 22:38:46,globeProducts,https://github.com/deka1105/globeProducts.git,assets/thumbs/ai-log-intelligence.svg,created,success,auto-push: 25 files changed [2026-07-12 22:38:44] --END--
2026-07-12 22:38:58,globeProducts,https://github.com/deka1105/globeProducts.git,index.html.tmp.7549.2757c98b4c91,created,success,auto-push: index.html [2026-07-12 22:38:57] --END--
2026-07-12 22:39:03,globeProducts,https://github.com/deka1105/globeProducts.git,index.html.tmp.7549.fe41e62916d5,created,success,auto-push: index.html [2026-07-12 22:39:02] --END--
2026-07-13 12:14:35,repoherald,https://github.com/deka1105/repoherald.git,src/db/schema.ts.tmp.20760.526aa417957a,created,success,auto-push: schema.ts [2026-07-13 12:14:32] --END--
2026-07-13 12:14:57,repoherald,https://github.com/deka1105/repoherald.git,src/db/schema.ts.tmp.20760.f736b6124392,created,success,auto-push: schema.ts [2026-07-13 12:14:55] --END--
2026-07-13 12:15:30,repoherald,https://github.com/deka1105/repoherald.git,drizzle/0008_pricing_discounts.sql.tmp.20760.f65a9110ac87,created,success,auto-push: 0008_pricing_discounts.sql.tmp.20760.f65a9110ac87 [2026-07-13 12:15:27] --END--
2026-07-13 12:15:39,repoherald,https://github.com/deka1105/repoherald.git,drizzle/meta/_journal.json.tmp.20760.a0ead2b641ca,created,success,"auto-push: 0008_pricing_discounts.sql, _journal.json [2026-07-13 12:15:36] --END--"
2026-07-13 12:16:07,repoherald,https://github.com/deka1105/repoherald.git,src/lib/pricing.ts.tmp.20760.fdee60757346,created,success,auto-push: pricing.ts [2026-07-13 12:16:04] --END--
2026-07-13 12:16:22,repoherald,https://github.com/deka1105/repoherald.git,src/lib/credits.ts.tmp.20760.217a1a736a18,created,success,auto-push: credits.ts [2026-07-13 12:16:20] --END--
2026-07-13 12:16:31,repoherald,https://github.com/deka1105/repoherald.git,src/lib/credits.ts.tmp.20760.932460eca976,created,success,auto-push: credits.ts [2026-07-13 12:16:29] --END--
2026-07-13 12:17:00,repoherald,https://github.com/deka1105/repoherald.git,src/lib/pricing.ts.tmp.20760.c6e616996e03,created,success,auto-push: pricing.ts [2026-07-13 12:16:57] --END--
2026-07-13 12:17:09,repoherald,https://github.com/deka1105/repoherald.git,src/lib/pricing.ts.tmp.20760.9ceb7be0e160,created,success,auto-push: pricing.ts [2026-07-13 12:17:07] --END--
2026-07-13 12:17:43,repoherald,https://github.com/deka1105/repoherald.git,src/app/actions/promote.ts.tmp.20760.a26d559d8d48,created,success,auto-push: promote.ts [2026-07-13 12:17:39] --END--
2026-07-13 12:17:53,repoherald,https://github.com/deka1105/repoherald.git,src/app/api/webhooks/stripe/route.ts,deleted,success,auto-push: route.ts [2026-07-13 12:17:50] --END--
2026-07-13 12:18:16,repoherald,https://github.com/deka1105/repoherald.git,src/app/api/webhooks/stripe/route.ts.tmp.20760.b7cf897499d1,created,success,auto-push: route.ts [2026-07-13 12:18:12] --END--
2026-07-13 12:18:37,repoherald,https://github.com/deka1105/repoherald.git,src/app/promote/page.tsx.tmp.20760.5df70e33c736,created,success,auto-push: page.tsx [2026-07-13 12:18:34] --END--
2026-07-13 12:18:57,repoherald,https://github.com/deka1105/repoherald.git,src/app/promote/promote-form.tsx.tmp.20760.5f64a3a400cc,created,success,auto-push: promote-form.tsx [2026-07-13 12:18:53] --END--
2026-07-13 12:19:45,repoherald,https://github.com/deka1105/repoherald.git,src/app/actions/admin-pricing.ts.tmp.20760.1fe9416af6f3,created,success,auto-push: admin-pricing.ts [2026-07-13 12:19:42] --END--
2026-07-13 12:20:45,repoherald,https://github.com/deka1105/repoherald.git,src/app/admin/pricing/page.tsx.tmp.20760.29789cfee7f3,created,success,auto-push: page.tsx [2026-07-13 12:20:42] --END--
2026-07-13 12:20:50,repoherald,https://github.com/deka1105/repoherald.git,src/components/header-nav.tsx.tmp.20760.435453fae36f,created,success,auto-push: header-nav.tsx [2026-07-13 12:20:47] --END--
2026-07-13 12:20:59,repoherald,https://github.com/deka1105/repoherald.git,src/components/header-nav.tsx.tmp.20760.8b8476365252,created,success,auto-push: header-nav.tsx [2026-07-13 12:20:55] --END--
2026-07-13 12:21:11,repoherald,https://github.com/deka1105/repoherald.git,src/components/mobile-nav.tsx.tmp.20760.a22d060bc22c,created,success,auto-push: mobile-nav.tsx [2026-07-13 12:21:06] --END--
2026-07-13 12:21:29,repoherald,https://github.com/deka1105/repoherald.git,src/components/github-click-tracker.tsx.tmp.20760.e1a58cb9d81a,created,success,auto-push: github-click-tracker.tsx [2026-07-13 12:21:25] --END--
2026-07-13 12:21:36,repoherald,https://github.com/deka1105/repoherald.git,src/app/layout.tsx.tmp.20760.9388ba3fa7bf,created,success,auto-push: layout.tsx [2026-07-13 12:21:33] --END--
2026-07-13 12:22:08,repoherald,https://github.com/deka1105/repoherald.git,tsconfig.tsbuildinfo,modified,success,auto-push: layout.tsx [2026-07-13 12:22:06] --END--
2026-07-13 12:22:36,repoherald,https://github.com/deka1105/repoherald.git,src/app/admin/analytics/page.tsx.tmp.20760.604ae1bba3fb,created,success,auto-push: page.tsx [2026-07-13 12:22:34] --END--
2026-07-13 12:22:45,repoherald,https://github.com/deka1105/repoherald.git,src/app/admin/analytics/page.tsx.tmp.20760.7cfdce1b6570,created,success,auto-push: page.tsx [2026-07-13 12:22:43] --END--
2026-07-13 12:22:53,repoherald,https://github.com/deka1105/repoherald.git,src/app/admin/analytics/page.tsx.tmp.20760.5f5321b7aa85,created,success,auto-push: page.tsx [2026-07-13 12:22:51] --END--
2026-07-13 12:23:06,repoherald,https://github.com/deka1105/repoherald.git,src/app/admin/analytics/page.tsx.tmp.20760.f12a2f9c13e4,created,success,auto-push: page.tsx [2026-07-13 12:23:04] --END--
2026-07-13 12:25:31,globeProducts,https://github.com/deka1105/globeProducts.git,assets/thumbs/ai-log-intelligence.svg,modified,success,auto-push: 24 files changed [2026-07-13 12:25:30] --END--
2026-07-13 12:25:41,globeProducts,https://github.com/deka1105/globeProducts.git,index.html.tmp.7549.ead785dc623a,created,success,auto-push: index.html [2026-07-13 12:25:40] --END--
2026-07-13 12:38:20,globeProducts,https://github.com/deka1105/globeProducts.git,assets/thumbs/ai-log-intelligence.svg,modified,success,auto-push: 24 files changed [2026-07-13 12:38:19] --END--
2026-07-13 12:39:29,repoherald,https://github.com/deka1105/repoherald.git,src/lib/pricing.ts.tmp.20760.b994795c942e,created,success,auto-push: pricing.ts [2026-07-13 12:39:27] --END--
2026-07-13 12:39:37,repoherald,https://github.com/deka1105/repoherald.git,src/lib/pricing.ts.tmp.20760.db8640f14cce,created,success,auto-push: pricing.ts [2026-07-13 12:39:35] --END--
2026-07-13 12:39:58,repoherald,https://github.com/deka1105/repoherald.git,src/components/discount-promo.tsx.tmp.20760.7896a61a9bc2,created,success,auto-push: discount-promo.tsx [2026-07-13 12:39:56] --END--
2026-07-13 12:40:27,repoherald,https://github.com/deka1105/repoherald.git,src/components/header.tsx.tmp.20760.1ee37b9cb086,created,success,auto-push: header.tsx [2026-07-13 12:40:25] --END--
2026-07-13 12:49:28,repoherald,https://github.com/deka1105/repoherald.git,src/db/schema.ts.tmp.20760.2b668f82e63d,created,success,auto-push: schema.ts [2026-07-13 12:49:27] --END--
2026-07-13 12:49:33,repoherald,https://github.com/deka1105/repoherald.git,drizzle/0008_pricing_discounts.sql.tmp.20760.af84059cfd4d,created,success,auto-push: 0008_pricing_discounts.sql [2026-07-13 12:49:32] --END--
2026-07-13 12:49:44,repoherald,https://github.com/deka1105/repoherald.git,src/components/plan-price.tsx.tmp.20760.f06aca2e8df7,created,success,auto-push: plan-price.tsx [2026-07-13 12:49:42] --END--
2026-07-13 12:49:56,repoherald,https://github.com/deka1105/repoherald.git,src/app/actions/promote.ts.tmp.20760.5f1a7b387815,created,success,auto-push: promote.ts [2026-07-13 12:49:54] --END--
2026-07-13 12:50:08,repoherald,https://github.com/deka1105/repoherald.git,src/app/actions/promote.ts.tmp.20760.e7f8218a5910,created,success,auto-push: promote.ts [2026-07-13 12:50:06] --END--
2026-07-13 12:50:17,repoherald,https://github.com/deka1105/repoherald.git,src/app/promote/page.tsx.tmp.20760.bc7389e6800e,created,success,auto-push: page.tsx [2026-07-13 12:50:16] --END--
2026-07-13 12:50:28,repoherald,https://github.com/deka1105/repoherald.git,src/app/promote/promote-form.tsx.tmp.20760.ed5a1b3639e3,created,success,auto-push: promote-form.tsx [2026-07-13 12:50:26] --END--
2026-07-13 12:50:33,repoherald,https://github.com/deka1105/repoherald.git,src/app/promote/promote-form.tsx.tmp.20760.1b5e5f600692,created,success,auto-push: promote-form.tsx [2026-07-13 12:50:31] --END--
2026-07-13 12:50:41,repoherald,https://github.com/deka1105/repoherald.git,src/app/promote/promote-form.tsx.tmp.20760.58660a0312eb,created,success,auto-push: promote-form.tsx [2026-07-13 12:50:39] --END--
2026-07-13 12:50:50,repoherald,https://github.com/deka1105/repoherald.git,src/app/actions/admin-pricing.ts.tmp.20760.f08216531332,created,success,auto-push: admin-pricing.ts [2026-07-13 12:50:48] --END--
2026-07-13 12:50:55,repoherald,https://github.com/deka1105/repoherald.git,src/app/actions/admin-pricing.ts.tmp.20760.5519fac8160f,created,success,auto-push: admin-pricing.ts [2026-07-13 12:50:53] --END--
2026-07-13 12:51:15,repoherald,https://github.com/deka1105/repoherald.git,src/app/admin/pricing/page.tsx.tmp.20760.f9232ba989ef,created,success,"auto-push: admin-pricing.ts, page.tsx [2026-07-13 12:51:13] --END--"
2026-07-13 12:51:22,repoherald,https://github.com/deka1105/repoherald.git,src/app/admin/pricing/page.tsx.tmp.20760.c1c49229a602,created,success,auto-push: page.tsx [2026-07-13 12:51:20] --END--
2026-07-13 12:51:37,repoherald,https://github.com/deka1105/repoherald.git,src/app/admin/pricing/page.tsx.tmp.20760.29362c8621a9,created,success,auto-push: page.tsx [2026-07-13 12:51:35] --END--
2026-07-13 12:51:47,repoherald,https://github.com/deka1105/repoherald.git,src/app/admin/pricing/page.tsx.tmp.20760.1dffe2ba29e1,created,success,auto-push: page.tsx [2026-07-13 12:51:46] --END--
2026-07-13 12:51:56,repoherald,https://github.com/deka1105/repoherald.git,src/app/admin/pricing/page.tsx.tmp.20760.c28f3a70affb,created,success,auto-push: page.tsx [2026-07-13 12:51:54] --END--
2026-07-13 12:59:04,globeProducts,https://github.com/deka1105/globeProducts.git,portfolio-data.json.tmp.7549.304aa24a9abb,created,success,auto-push: portfolio-data.json [2026-07-13 12:59:02] --END--
2026-07-13 12:59:09,globeProducts,https://github.com/deka1105/globeProducts.git,index.html.tmp.7549.035f9b39f261,created,success,auto-push: index.html [2026-07-13 12:59:07] --END--
2026-07-13 12:59:17,globeProducts,https://github.com/deka1105/globeProducts.git,index.html.tmp.7549.e452fd209046,created,success,auto-push: index.html [2026-07-13 12:59:16] --END--
2026-07-13 12:59:36,globeProducts,https://github.com/deka1105/globeProducts.git,index.html.tmp.7549.0c4d924def6b,created,success,auto-push: index.html [2026-07-13 12:59:35] --END--
2026-07-13 13:00:19,globeProducts,https://github.com/deka1105/globeProducts.git,index.html.tmp.7549.0987946d0ab3,created,success,auto-push: index.html [2026-07-13 13:00:17] --END--
2026-07-13 13:03:20,globeProducts,https://github.com/deka1105/globeProducts.git,og-image.png,created,success,auto-push: og-image.png [2026-07-13 13:03:18] --END--
2026-07-13 13:03:27,globeProducts,https://github.com/deka1105/globeProducts.git,robots.txt.tmp.7549.d8040388cf3e,created,success,auto-push: robots.txt [2026-07-13 13:03:25] --END--
2026-07-13 14:01:43,globeProducts,https://github.com/deka1105/globeProducts.git,index.html.tmp.7549.231c20ddb5f9,created,success,"auto-push: index.html, sitemap.xml [2026-07-13 14:01:40] --END--"
2026-07-13 14:02:00,globeProducts,https://github.com/deka1105/globeProducts.git,index.html.tmp.7549.f4684aa325a4,created,success,auto-push: index.html [2026-07-13 14:01:59] --END--
2026-07-13 14:02:15,globeProducts,https://github.com/deka1105/globeProducts.git,index.html.tmp.7549.3e70024c8bf2,created,success,auto-push: index.html [2026-07-13 14:02:13] --END--
2026-07-13 14:02:20,globeProducts,https://github.com/deka1105/globeProducts.git,index.html.tmp.7549.1c1beddff408,created,success,auto-push: index.html [2026-07-13 14:02:18] --END--
2026-07-13 14:02:26,globeProducts,https://github.com/deka1105/globeProducts.git,index.html.tmp.7549.07f9e517c806,created,success,auto-push: index.html.tmp.7549.07f9e517c806 [2026-07-13 14:02:24] --END--
2026-07-13 14:02:32,globeProducts,https://github.com/deka1105/globeProducts.git,index.html.tmp.7549.305abb5e1e4a,created,success,"auto-push: index.html, index.html.tmp.7549.07f9e517c806 [2026-07-13 14:02:30] --END--"
2026-07-13 14:02:52,globeProducts,https://github.com/deka1105/globeProducts.git,index.html.tmp.7549.0b5270da0da4,created,success,auto-push: index.html [2026-07-13 14:02:50] --END--
2026-07-13 14:03:14,globeProducts,https://github.com/deka1105/globeProducts.git,index.html.tmp.7549.89e0a6576a52,created,success,auto-push: index.html [2026-07-13 14:03:12] --END--
2026-07-13 14:29:22,repoherald,https://github.com/deka1105/repoherald.git,drizzle.config.ts.tmp.20760.6f6f7e7f9ceb,created,success,"auto-push: drizzle.config.ts, package-lock.json, package.json [2026-07-13 14:29:19] --END--"
2026-07-13 15:55:59,repoherald,https://github.com/deka1105/repoherald.git,drizzle/meta/0009_snapshot.json,created,success,"auto-push: 0009_reconcile_pricing.sql, 0009_snapshot.json, _journal.json [2026-07-13 15:55:58] --END--"
2026-07-13 15:56:58,repoherald,https://github.com/deka1105/repoherald.git,drizzle/0009_reconcile_pricing.sql.tmp.50684.b03c77589b02,created,success,auto-push: 0009_reconcile_pricing.sql [2026-07-13 15:56:56] --END--
2026-07-13 16:25:35,repoherald,https://github.com/deka1105/repoherald.git,drizzle/meta/_journal.json.tmp.58125.752022657d2e,created,success,auto-push: _journal.json [2026-07-13 16:25:33] --END--
2026-07-13 16:45:05,repoherald,https://github.com/deka1105/repoherald.git,src/components/landing-live.tsx.tmp.58125.4c29d8856c3d,created,success,auto-push: landing-live.tsx [2026-07-13 16:45:03] --END--
2026-07-13 16:45:23,repoherald,https://github.com/deka1105/repoherald.git,src/components/landing-live.tsx.tmp.58125.bcd8340af62d,created,success,auto-push: landing-live.tsx [2026-07-13 16:45:22] --END--
2026-07-13 16:45:31,repoherald,https://github.com/deka1105/repoherald.git,src/app/page.tsx,deleted,success,"auto-push: page.tsx, landing-live.tsx [2026-07-13 16:45:29] --END--"
2026-07-13 16:45:47,repoherald,https://github.com/deka1105/repoherald.git,src/app/page.tsx.tmp.58125.7b37cbad392a,created,success,auto-push: page.tsx [2026-07-13 16:45:46] --END--
2026-07-13 16:45:54,repoherald,https://github.com/deka1105/repoherald.git,next.config.ts.tmp.58125.55fd51bb29e0,created,success,auto-push: next.config.ts [2026-07-13 16:45:52] --END--
2026-07-13 17:24:42,repoherald,https://github.com/deka1105/repoherald.git,src/components/mode-toggle.tsx.tmp.58125.bec28a65a491,created,success,auto-push: mode-toggle.tsx [2026-07-13 17:24:40] --END--
2026-07-13 17:41:16,repoherald,https://github.com/deka1105/repoherald.git,AGENTS.md.tmp.58125.b9bfd328cae7,created,success,auto-push: AGENTS.md [2026-07-13 17:41:14] --END--
2026-07-13 18:19:12,globeProducts,https://github.com/deka1105/globeProducts.git,portfolio-data.json,modified,success,"auto-push: map-embed-service.svg, portfolio-data.json [2026-07-13 18:19:10] --END--"
2026-07-13 18:27:18,globeProducts,https://github.com/deka1105/globeProducts.git,index.html.tmp.7549.7154dfabfb3d,created,success,auto-push: index.html [2026-07-13 18:27:16] --END--
2026-07-14 10:41:07,globeProducts,https://github.com/deka1105/globeProducts.git,Hostinger/index.html,created,success,auto-push: 35 files changed [2026-07-14 10:41:05] --END--
2026-07-14 10:41:33,globeProducts,https://github.com/deka1105/globeProducts.git,Hostinger/index.html.tmp.7549.f9cfdd39d522,created,success,auto-push: index.html [2026-07-14 10:41:31] --END--
2026-07-14 10:41:53,globeProducts,https://github.com/deka1105/globeProducts.git,Hostinger/robots.txt.tmp.7549.1986c2164387,created,success,"auto-push: index.html, robots.txt [2026-07-14 10:41:51] --END--"
2026-07-14 10:42:10,globeProducts,https://github.com/deka1105/globeProducts.git,Hostinger/.htaccess.tmp.7549.60201bcd938e,created,success,"auto-push: .htaccess, sitemap.xml [2026-07-14 10:42:08] --END--"
2026-07-14 11:16:17,repoherald,https://github.com/deka1105/repoherald.git,src/lib/credits.ts.tmp.90265.9b9d84bbff8f,created,success,auto-push: credits.ts [2026-07-14 11:16:15] --END--
2026-07-14 11:16:28,repoherald,https://github.com/deka1105/repoherald.git,src/auth.ts.tmp.90265.f2a5dd7fb081,created,success,auto-push: auth.ts [2026-07-14 11:16:27] --END--
2026-07-14 11:17:00,repoherald,https://github.com/deka1105/repoherald.git,src/db/index.ts.tmp.90265.1e70ff12588d,created,success,auto-push: index.ts [2026-07-14 11:16:58] --END--
2026-07-14 11:18:36,repoherald,https://github.com/deka1105/repoherald.git,src/lib/feed.ts.tmp.90265.4690a64aacf2,created,success,auto-push: feed.ts [2026-07-14 11:18:34] --END--
2026-07-14 11:18:50,repoherald,https://github.com/deka1105/repoherald.git,src/lib/feed.ts.tmp.90265.07ff628a7cc1,created,success,auto-push: feed.ts [2026-07-14 11:18:49] --END--
2026-07-14 11:19:29,repoherald,https://github.com/deka1105/repoherald.git,src/app/actions/repos.ts.tmp.90265.821d6f98ac0e,created,success,auto-push: repos.ts [2026-07-14 11:19:27] --END--
2026-07-14 11:19:39,repoherald,https://github.com/deka1105/repoherald.git,src/app/actions/repos.ts.tmp.90265.49433d580a84,created,success,auto-push: repos.ts [2026-07-14 11:19:37] --END--
2026-07-14 11:19:51,repoherald,https://github.com/deka1105/repoherald.git,src/app/actions/repos.ts.tmp.90265.bbffa5cae1e3,created,success,auto-push: repos.ts [2026-07-14 11:19:49] --END--
2026-07-14 11:21:36,repoherald,https://github.com/deka1105/repoherald.git,src/app/api/cron/reverify/route.ts.tmp.90265.e762700985d4,created,success,auto-push: route.ts [2026-07-14 11:21:34] --END--
2026-07-14 11:21:46,repoherald,https://github.com/deka1105/repoherald.git,src/app/api/cron/reverify/route.ts.tmp.90265.d8c54c1b54c3,created,success,auto-push: route.ts [2026-07-14 11:21:45] --END--
2026-07-14 11:22:01,repoherald,https://github.com/deka1105/repoherald.git,src/app/api/cron/reverify/route.ts.tmp.90265.79f793c30a06,created,success,auto-push: route.ts [2026-07-14 11:21:59] --END--
2026-07-14 12:20:38,repoherald,https://github.com/deka1105/repoherald.git,src/lib/stats.ts.tmp.90265.a9e08cb4b620,created,success,auto-push: stats.ts [2026-07-14 12:20:36] --END--
2026-07-14 12:20:48,repoherald,https://github.com/deka1105/repoherald.git,src/components/user-count.tsx.tmp.90265.6ec1ce216e53,created,success,auto-push: user-count.tsx [2026-07-14 12:20:45] --END--
2026-07-14 12:20:54,repoherald,https://github.com/deka1105/repoherald.git,src/app/page.tsx.tmp.90265.b1d3ec844555,created,success,auto-push: page.tsx [2026-07-14 12:20:52] --END--
2026-07-14 12:51:58,repoherald,https://github.com/deka1105/repoherald.git,src/db/schema.ts.tmp.90265.d46912102565,created,success,auto-push: schema.ts [2026-07-14 12:51:54] --END--
2026-07-14 12:52:04,repoherald,https://github.com/deka1105/repoherald.git,src/db/schema.ts.tmp.90265.7d43574204fa,created,success,auto-push: schema.ts [2026-07-14 12:52:02] --END--
2026-07-14 12:52:20,repoherald,https://github.com/deka1105/repoherald.git,drizzle/meta/0010_snapshot.json,created,success,"auto-push: 0010_aspiring_war_machine.sql, 0010_snapshot.json, _journal.json [2026-07-14 12:52:17] --END--"
2026-07-14 12:53:58,repoherald,https://github.com/deka1105/repoherald.git,drizzle/0010_aspiring_war_machine.sql.tmp.90265.72ea09435797,created,success,auto-push: 0010_aspiring_war_machine.sql [2026-07-14 12:53:56] --END--
2026-07-14 12:54:24,repoherald,https://github.com/deka1105/repoherald.git,drizzle/meta/_journal.json,modified,success,auto-push: _journal.json [2026-07-14 12:54:23] --END--
2026-07-14 12:54:43,repoherald,https://github.com/deka1105/repoherald.git,src/auth.ts.tmp.90265.91f94fc6be31,created,success,auto-push: auth.ts [2026-07-14 12:54:41] --END--
2026-07-14 12:54:54,repoherald,https://github.com/deka1105/repoherald.git,src/auth.ts.tmp.90265.2690e1c4419e,created,success,auto-push: auth.ts [2026-07-14 12:54:52] --END--
2026-07-14 12:55:01,repoherald,https://github.com/deka1105/repoherald.git,src/lib/authz.ts.tmp.90265.288a6b71a945,created,success,auto-push: authz.ts [2026-07-14 12:55:00] --END--
2026-07-14 12:55:23,repoherald,https://github.com/deka1105/repoherald.git,src/app/actions/admin.ts.tmp.90265.36dce09d4c32,created,success,auto-push: admin.ts [2026-07-14 12:55:21] --END--
2026-07-14 12:55:48,repoherald,https://github.com/deka1105/repoherald.git,src/app/actions/admin.ts.tmp.90265.6677e550f858,created,success,auto-push: admin.ts [2026-07-14 12:55:45] --END--
2026-07-14 12:55:55,repoherald,https://github.com/deka1105/repoherald.git,src/app/actions/admin.ts.tmp.90265.2e812496fa1a,created,success,auto-push: admin.ts [2026-07-14 12:55:54] --END--
2026-07-14 12:56:07,repoherald,https://github.com/deka1105/repoherald.git,src/app/actions/admin.ts.tmp.90265.e2e231d4f557,created,success,auto-push: admin.ts [2026-07-14 12:56:05] --END--
2026-07-14 12:56:13,repoherald,https://github.com/deka1105/repoherald.git,src/app/actions/admin.ts.tmp.90265.40d075bf143b,created,success,auto-push: admin.ts [2026-07-14 12:56:12] --END--
2026-07-14 12:56:18,repoherald,https://github.com/deka1105/repoherald.git,src/app/actions/admin.ts.tmp.90265.b589b504d80c,created,success,auto-push: admin.ts [2026-07-14 12:56:17] --END--
2026-07-14 12:56:28,repoherald,https://github.com/deka1105/repoherald.git,src/app/actions/admin.ts.tmp.90265.95bf391c7b08,created,success,auto-push: admin.ts [2026-07-14 12:56:26] --END--
2026-07-14 12:56:36,repoherald,https://github.com/deka1105/repoherald.git,src/lib/credits.ts.tmp.90265.61d0d8c33d1c,created,success,auto-push: credits.ts [2026-07-14 12:56:35] --END--
2026-07-14 12:56:44,repoherald,https://github.com/deka1105/repoherald.git,src/app/actions/repos.ts.tmp.90265.01dc7b483259,created,success,"auto-push: repos.ts, credits.ts [2026-07-14 12:56:43] --END--"
2026-07-14 12:56:55,repoherald,https://github.com/deka1105/repoherald.git,src/app/actions/account.ts.tmp.90265.695dee842a8e,created,success,"auto-push: account.ts, repos.ts [2026-07-14 12:56:53] --END--"
2026-07-14 12:58:39,repoherald,https://github.com/deka1105/repoherald.git,src/auth.ts.tmp.90265.021b215770f5,created,success,auto-push: auth.ts [2026-07-14 12:58:37] --END--
2026-07-14 12:59:00,repoherald,https://github.com/deka1105/repoherald.git,src/components/header-nav.tsx.tmp.90265.715c34d9dbf3,created,success,"auto-push: admin.ts, auth.ts, header-nav.tsx [2026-07-14 12:58:54] --END--"
2026-07-14 12:59:01,repoherald,https://github.com/deka1105/repoherald.git,src/components/header-nav.tsx.tmp.90265.715c34d9dbf3,modified,failed,rebase conflict unresolved: From https://github.com/deka1105/repoherald\n * branch            HEAD       -> FETCH_HEAD\nerror: cannot rebase: You have unstaged changes.\nerror: Please commit or stash them. --END--
2026-07-14 12:59:19,repoherald,https://github.com/deka1105/repoherald.git,src/components/mobile-nav.tsx.tmp.90265.b3adb623e4cd,created,success,"auto-push: header-nav.tsx, mobile-nav.tsx [2026-07-14 12:59:12] --END--"
2026-07-14 12:59:23,repoherald,https://github.com/deka1105/repoherald.git,src/components/mobile-nav.tsx.tmp.90265.b3adb623e4cd,modified,success,auto-push: header.tsx [2026-07-14 12:59:19] --END--
2026-07-14 12:59:39,repoherald,https://github.com/deka1105/repoherald.git,src/app/admin/analytics/page.tsx.tmp.90265.918e6d098331,created,success,auto-push: page.tsx [2026-07-14 12:59:34] --END--
2026-07-14 12:59:58,repoherald,https://github.com/deka1105/repoherald.git,tsconfig.tsbuildinfo,modified,success,"auto-push: page.tsx, route.ts [2026-07-14 12:59:56] --END--"
2026-07-14 13:00:14,repoherald,https://github.com/deka1105/repoherald.git,src/lib/audit.ts.tmp.90265.98410e61fb09,created,success,auto-push: audit.ts [2026-07-14 13:00:12] --END--
2026-07-14 14:08:37,repoherald,https://github.com/deka1105/repoherald.git,src/app/(app)/admin/layout.tsx.tmp.90265.b38533455039,created,success,auto-push: layout.tsx [2026-07-14 14:08:33] --END--
2026-07-14 14:09:20,repoherald,https://github.com/deka1105/repoherald.git,src/app/(app)/admin/users/page.tsx.tmp.90265.aff101f709c8,created,success,auto-push: page.tsx [2026-07-14 14:09:17] --END--
2026-07-14 14:09:32,repoherald,https://github.com/deka1105/repoherald.git,src/app/(app)/admin/listings/page.tsx.tmp.90265.576c0597fa27,created,success,auto-push: page.tsx [2026-07-14 14:09:30] --END--
2026-07-14 14:10:10,repoherald,https://github.com/deka1105/repoherald.git,src/app/(app)/admin/audit/page.tsx.tmp.90265.933857681420,created,success,"auto-push: page.tsx, page.tsx [2026-07-14 14:10:08] --END--"
2026-07-14 14:10:30,repoherald,https://github.com/deka1105/repoherald.git,src/app/(app)/admin/sponsorships/page.tsx.tmp.90265.650adec07cab,created,success,"auto-push: page.tsx, page.tsx, page.tsx [2026-07-14 14:10:28] --END--"
2026-07-14 14:11:06,repoherald,https://github.com/deka1105/repoherald.git,src/app/(app)/wallet/page.tsx.tmp.90265.c314d2af8ff1,created,success,"auto-push: page.tsx, page.tsx [2026-07-14 14:11:04] --END--"
2026-07-14 15:50:06,MultistockDashboard,https://github.com/deka1105/MultistockDashboard.git,render.yaml,modified,error,git add failed: error: insufficient permission for adding an object to repository database .git/objects\nerror: frontend/.env.production: failed to insert into database\nerror: unable to index file 'frontend/.env.production'\nfatal: updating files failed --END--
2026-07-14 15:50:09,repoherald,https://github.com/deka1105/repoherald.git,.vercel/project.json,modified,error,git add failed: error: insufficient permission for adding an object to repository database .git/objects\nerror: design_handoff_repoherald_landing/README.md: failed to insert into database\nerror: unable to index file 'design_handoff_repoherald_landing/README.md'\nfatal: updating files failed --END--
2026-07-14 15:50:14,repoherald,https://github.com/deka1105/repoherald.git,node_modules/@jridgewell/gen-mapping/types/sourcemap-segment.d.mts,modified,error,git add failed: error: insufficient permission for adding an object to repository database .git/objects\nerror: design_handoff_repoherald_landing/README.md: failed to insert into database\nerror: unable to index file 'design_handoff_repoherald_landing/README.md'\nfatal: updating files failed --END--
2026-07-14 15:50:27,ColdEmails,https://github.com/deka1105/ColdEmails.git,setup.sh,modified,error,git add failed: error: insufficient permission for adding an object to repository database .git/objects\nerror: .claude/commands/coldemails.md: failed to insert into database\nerror: unable to index file '.claude/commands/coldemails.md'\nfatal: updating files failed --END--
2026-07-14 15:50:28,PlayBooks,https://github.com/deka1105/Playbooks.git,autoGit 3.15.53 PM/requirements.txt,modified,error,git add failed: error: insufficient permission for adding an object to repository database .git/objects\nerror: LICENSE: failed to insert into database\nerror: unable to index file 'LICENSE'\nfatal: updating files failed --END--
2026-07-14 15:51:04,WarehouseFlow,https://github.com/deka1105/WarehouseFlow.git,custom_nodes.json,modified,error,git add failed: error: insufficient permission for adding an object to repository database .git/objects\nerror: .DS_Store: failed to insert into database\nerror: unable to index file '.DS_Store'\nfatal: updating files failed --END--
2026-07-14 15:51:05,HabitFarmer,https://github.com/deka1105/HabitFarmer.git,SPRINT11_12_COMPLETE.md,modified,error,git add failed: error: insufficient permission for adding an object to repository database .git/objects\nerror: HANDOFF_FABLE5.md: failed to insert into database\nerror: unable to index file 'HANDOFF_FABLE5.md'\nfatal: updating files failed --END--
2026-07-16 11:07:36,globeProducts,https://github.com/deka1105/globeProducts.git,.claude/skills/save-session/export_session.py.tmp.34030.85d83a813cb8,created,success,auto-push: export_session.py [2026-07-16 11:07:35] --END--
2026-07-16 11:07:55,globeProducts,https://github.com/deka1105/globeProducts.git,.claude/skills/save-session/SKILL.md.tmp.34030.df8730abbc63,created,success,auto-push: SKILL.md [2026-07-16 11:07:54] --END--
2026-07-16 11:08:03,globeProducts,https://github.com/deka1105/globeProducts.git,.gitignore,modified,success,auto-push: .gitignore [2026-07-16 11:08:02] --END--
2026-07-16 11:13:06,globeProducts,https://github.com/deka1105/globeProducts.git,.claude/skills/save-session/SKILL.md,deleted,success,"auto-push: SKILL.md, export_session.py [2026-07-16 11:13:04] --END--"
2026-07-16 13:09:12,repoherald,https://github.com/deka1105/repoherald.git,src/db/schema.ts.tmp.90265.0fb7d6629309,created,success,auto-push: schema.ts [2026-07-16 13:09:08] --END--
2026-07-16 13:09:30,repoherald,https://github.com/deka1105/repoherald.git,src/db/schema.ts.tmp.90265.039d62e4b6f5,created,success,auto-push: schema.ts [2026-07-16 13:09:28] --END--
2026-07-16 13:09:49,repoherald,https://github.com/deka1105/repoherald.git,drizzle/meta/0011_snapshot.json,created,success,"auto-push: 0011_credit_packs.sql, 0011_snapshot.json, _journal.json [2026-07-16 13:09:48] --END--"
2026-07-16 13:10:30,repoherald,https://github.com/deka1105/repoherald.git,drizzle/0011_credit_packs.sql.tmp.90265.6890e143b246,created,success,auto-push: 0011_credit_packs.sql [2026-07-16 13:10:28] --END--
2026-07-16 13:10:36,repoherald,https://github.com/deka1105/repoherald.git,src/lib/pricing.ts.tmp.90265.23ba69663918,created,success,auto-push: pricing.ts [2026-07-16 13:10:34] --END--
2026-07-16 13:10:52,repoherald,https://github.com/deka1105/repoherald.git,src/lib/credits.ts.tmp.90265.ba73e8ad533b,created,success,"auto-push: credits.ts, pricing.ts [2026-07-16 13:10:50] --END--"
2026-07-16 13:11:06,repoherald,https://github.com/deka1105/repoherald.git,src/lib/credits.ts.tmp.90265.07984174d66d,created,success,auto-push: credits.ts [2026-07-16 13:11:04] --END--
2026-07-16 13:11:15,repoherald,https://github.com/deka1105/repoherald.git,src/lib/credits.ts.tmp.90265.11a0c6bf40e4,created,success,auto-push: credits.ts [2026-07-16 13:11:14] --END--
2026-07-16 13:11:33,repoherald,https://github.com/deka1105/repoherald.git,src/lib/credits.ts.tmp.90265.5d31d94dd617,created,success,auto-push: credits.ts [2026-07-16 13:11:31] --END--
2026-07-16 13:11:42,repoherald,https://github.com/deka1105/repoherald.git,src/lib/credits.ts.tmp.90265.e31aab0bf7f1,created,success,auto-push: credits.ts [2026-07-16 13:11:40] --END--
2026-07-16 13:11:49,repoherald,https://github.com/deka1105/repoherald.git,src/lib/credits.ts.tmp.90265.d995bb99ba90,created,success,auto-push: credits.ts [2026-07-16 13:11:47] --END--
2026-07-16 13:12:01,repoherald,https://github.com/deka1105/repoherald.git,src/app/actions/buy-credits.ts.tmp.90265.2f85c1faf001,created,success,auto-push: buy-credits.ts [2026-07-16 13:11:59] --END--
2026-07-16 13:12:16,repoherald,https://github.com/deka1105/repoherald.git,src/app/credits/buy-credits-form.tsx.tmp.90265.b68a8a2496ec,created,success,auto-push: buy-credits-form.tsx [2026-07-16 13:12:14] --END--
2026-07-16 13:12:23,repoherald,https://github.com/deka1105/repoherald.git,src/app/credits/page.tsx.tmp.90265.dc2ca492e3ef,created,success,auto-push: page.tsx [2026-07-16 13:12:22] --END--
2026-07-16 13:12:30,repoherald,https://github.com/deka1105/repoherald.git,src/app/api/webhooks/stripe/route.ts.tmp.90265.2110f89c97fb,created,success,auto-push: route.ts [2026-07-16 13:12:28] --END--
2026-07-16 13:12:37,repoherald,https://github.com/deka1105/repoherald.git,src/app/api/webhooks/stripe/route.ts.tmp.90265.efe9a8498643,created,success,auto-push: route.ts [2026-07-16 13:12:36] --END--
2026-07-16 13:12:44,repoherald,https://github.com/deka1105/repoherald.git,src/app/api/webhooks/stripe/route.ts.tmp.90265.37c708436dac,created,success,auto-push: route.ts [2026-07-16 13:12:43] --END--
2026-07-16 13:12:53,repoherald,https://github.com/deka1105/repoherald.git,src/app/actions/admin-pricing.ts.tmp.90265.297c25dee064,created,success,"auto-push: admin-pricing.ts, route.ts [2026-07-16 13:12:52] --END--"
2026-07-16 13:13:04,repoherald,https://github.com/deka1105/repoherald.git,src/app/actions/admin-pricing.ts.tmp.90265.ea4f662213ee,created,success,auto-push: admin-pricing.ts [2026-07-16 13:13:02] --END--
2026-07-16 13:13:16,repoherald,https://github.com/deka1105/repoherald.git,src/app/admin/pricing/page.tsx.tmp.90265.a09c16740d27,created,success,auto-push: page.tsx [2026-07-16 13:13:14] --END--
2026-07-16 13:13:35,repoherald,https://github.com/deka1105/repoherald.git,src/app/admin/pricing/page.tsx.tmp.90265.d55ea39eeb24,created,success,auto-push: page.tsx [2026-07-16 13:13:33] --END--
2026-07-16 13:13:42,repoherald,https://github.com/deka1105/repoherald.git,src/app/(app)/wallet/page.tsx.tmp.90265.a409e5c145e4,created,success,auto-push: page.tsx [2026-07-16 13:13:40] --END--
2026-07-16 13:13:50,repoherald,https://github.com/deka1105/repoherald.git,src/app/(app)/wallet/page.tsx.tmp.90265.80ceadd580fc,created,success,auto-push: page.tsx [2026-07-16 13:13:48] --END--
2026-07-16 13:14:17,repoherald,https://github.com/deka1105/repoherald.git,src/components/credit-notifier.tsx.tmp.90265.c6fc34613565,created,success,"auto-push: page.tsx, credit-notifier.tsx [2026-07-16 13:14:16] --END--"
2026-07-18 11:39:52,HabitFarmer,https://github.com/deka1105/HabitFarmer.git,agent-loop/AGENT_TASKS.md.tmp.55906.c0e82b4fde24,created,success,auto-push: AGENT_TASKS.md [2026-07-18 11:39:50] --END--
2026-07-18 11:40:07,HabitFarmer,https://github.com/deka1105/HabitFarmer.git,agent-loop/run-loop.sh.tmp.55906.ac0c30a81708,created,success,auto-push: run-loop.sh [2026-07-18 11:40:05] --END--
2026-07-18 11:40:14,HabitFarmer,https://github.com/deka1105/HabitFarmer.git,agent-loop/run-loop.sh,modified,success,auto-push: run-loop.sh [2026-07-18 11:40:12] --END--
2026-07-18 12:20:32,HabitFarmer,https://github.com/deka1105/HabitFarmer.git,.agent-loop/BRIEF.md,created,success,"auto-push: BRIEF.md, config.env, loop.log [2026-07-18 12:20:29] --END--"
2026-07-18 12:20:55,HabitFarmer,https://github.com/deka1105/HabitFarmer.git,.gitignore.tmp.64126.d6612635ff43,created,success,auto-push: .gitignore [2026-07-18 12:20:52] --END--
2026-07-18 12:23:59,HabitFarmer,https://github.com/deka1105/HabitFarmer.git,"agent-loop/BRIEF.md, iOS_App_v1/HabitFarmer, iOS_App_v2/HabitFarmer",startup-sync,success,"startup-sync: BRIEF.md, HabitFarmer, HabitFarmer [2026-07-18 12:23:58] --END--"
2026-07-18 12:24:21,HabitFarmer,https://github.com/deka1105/HabitFarmer.git,session-logs/session_2026-07-18_1224_d700c904.md,created,success,auto-push: loop.log [2026-07-18 12:24:19] --END--
2026-07-18 12:27:26,HabitFarmer,https://github.com/deka1105/HabitFarmer.git,iOS_App_v2/HabitFarmer/HabitFarmer/PrivacyInfo.xcprivacy.tmp.69662.92df9c3da646,created,success,auto-push: loop.log [2026-07-18 12:27:24] --END--
2026-07-18 12:30:16,HabitFarmer,https://github.com/deka1105/HabitFarmer.git,iOS_App_v2/HabitFarmer/HabitFarmerTests/CoreFlowTests.swift.tmp.69662.c6181a123f8f,created,success,auto-push: HabitFarmer [2026-07-18 12:30:15] --END--
2026-07-18 12:37:04,HabitFarmer,https://github.com/deka1105/HabitFarmer.git,session-logs/session_2026-07-18_1224_d700c904.md,modified,failed,rebase conflict unresolved: From https://github.com/deka1105/HabitFarmer\n * branch            HEAD       -> FETCH_HEAD\nerror: cannot rebase: You have unstaged changes.\nerror: Please commit or stash them. --END--
2026-07-18 12:42:07,HabitFarmer,https://github.com/deka1105/HabitFarmer.git,session-logs/session_2026-07-18_1224_d700c904.md,modified,failed,rebase conflict unresolved: From https://github.com/deka1105/HabitFarmer\n * branch            HEAD       -> FETCH_HEAD\nerror: cannot rebase: You have unstaged changes.\nerror: Please commit or stash them. --END--
2026-07-18 12:47:09,HabitFarmer,https://github.com/deka1105/HabitFarmer.git,session-logs/session_2026-07-18_1224_d700c904.md,modified,failed,rebase conflict unresolved: From https://github.com/deka1105/HabitFarmer\n * branch            HEAD       -> FETCH_HEAD\nerror: cannot rebase: You have unstaged changes.\nerror: Please commit or stash them. --END--
2026-07-18 12:52:11,HabitFarmer,https://github.com/deka1105/HabitFarmer.git,session-logs/session_2026-07-18_1224_d700c904.md,modified,failed,rebase conflict unresolved: From https://github.com/deka1105/HabitFarmer\n * branch            HEAD       -> FETCH_HEAD\nerror: cannot rebase: You have unstaged changes.\nerror: Please commit or stash them. --END--
2026-07-18 16:32:10,HabitFarmer,https://github.com/deka1105/HabitFarmer.git,.agent-loop/loop.log,deleted,success,auto-push: loop.log [2026-07-18 16:32:08] --END--
2026-07-18 16:35:03,HabitFarmer,https://github.com/deka1105/HabitFarmer.git,.agent-loop/config.env.tmp.64126.bfa6c5733323,created,success,auto-push: config.env [2026-07-18 16:35:01] --END--
2026-07-18 16:35:49,HabitFarmer,https://github.com/deka1105/HabitFarmer.git,iOS_App_v2/HabitFarmer/HabitFarmer/Services/SupabaseService.swift.tmp.77566.3df0c9fb0b5b,created,success,"auto-push: loop.log, HabitFarmer [2026-07-18 16:35:47] --END--"
2026-07-18 16:38:43,HabitFarmer,https://github.com/deka1105/HabitFarmer.git,iOS_App_v2/HabitFarmer/HabitFarmer/Services/RealtimeService.swift.tmp.77566.a3031dec3c66,created,success,auto-push: HabitFarmer [2026-07-18 16:38:41] --END--
2026-07-18 16:43:45,HabitFarmer,https://github.com/deka1105/HabitFarmer.git,STATUS.md.tmp.77566.71360192b5bf,created,success,auto-push: STATUS.md [2026-07-18 16:43:43] --END--
2026-07-18 16:43:56,HabitFarmer,https://github.com/deka1105/HabitFarmer.git,.agent-loop/BRIEF.md.tmp.77566.eae3c82b6dc4,created,success,auto-push: BRIEF.md [2026-07-18 16:43:54] --END--
2026-07-18 16:44:48,HabitFarmer,https://github.com/deka1105/HabitFarmer.git,.agent-loop/loop.log,modified,success,auto-push: loop.log [2026-07-18 16:44:44] --END--
2026-07-18 16:46:18,HabitFarmer,https://github.com/deka1105/HabitFarmer.git,session-logs/session_2026-07-18_1224_d700c904.md,modified,success,auto-push: loop.log [2026-07-18 16:46:16] --END--
2026-07-18 17:16:20,HabitFarmer,https://github.com/deka1105/HabitFarmer.git,session-logs/session_2026-07-18_1224_d700c904.md,modified,success,auto-push: loop.log [2026-07-18 17:16:19] --END--
2026-07-18 17:46:24,HabitFarmer,https://github.com/deka1105/HabitFarmer.git,session-logs/session_2026-07-18_1224_d700c904.md,modified,success,auto-push: loop.log [2026-07-18 17:46:21] --END--
2026-07-18 18:16:26,HabitFarmer,https://github.com/deka1105/HabitFarmer.git,session-logs/session_2026-07-18_1224_d700c904.md,modified,success,auto-push: loop.log [2026-07-18 18:16:24] --END--
2026-07-18 18:46:28,HabitFarmer,https://github.com/deka1105/HabitFarmer.git,session-logs/session_2026-07-18_1224_d700c904.md,modified,success,auto-push: loop.log [2026-07-18 18:46:26] --END--
2026-07-18 19:46:33,HabitFarmer,https://github.com/deka1105/HabitFarmer.git,session-logs/session_2026-07-18_1224_d700c904.md,modified,success,auto-push: loop.log [2026-07-18 19:46:31] --END--
2026-07-18 20:16:36,HabitFarmer,https://github.com/deka1105/HabitFarmer.git,session-logs/session_2026-07-18_1224_d700c904.md,modified,success,auto-push: loop.log [2026-07-18 20:16:34] --END--
2026-07-18 20:46:38,HabitFarmer,https://github.com/deka1105/HabitFarmer.git,session-logs/session_2026-07-18_1224_d700c904.md,modified,success,auto-push: loop.log [2026-07-18 20:46:36] --END--
2026-07-18 21:51:45,HabitFarmer,https://github.com/deka1105/HabitFarmer.git,session-logs/session_2026-07-18_1224_d700c904.md,modified,success,auto-push: HabitFarmer [2026-07-18 21:51:43] --END--
2026-07-19 21:30:59,HabitFarmer,https://github.com/deka1105/HabitFarmer.git,session-logs/session_2026-07-19_0737_106329d2.md,created,success,auto-push: .DS_Store [2026-07-19 21:30:57] --END--
2026-07-20 02:41:31,HabitFarmer,https://github.com/deka1105/HabitFarmer.git,iOS_App_v2/HabitFarmer/scripts/refresh_live_data.py.tmp.9237.7be2f8a1702d,created,success,auto-push: HabitFarmer [2026-07-20 02:41:28] --END--
2026-07-20 02:44:56,HabitFarmer,https://github.com/deka1105/HabitFarmer.git,STATUS.md.tmp.9237.963a4c4a4ea0,created,success,auto-push: STATUS.md [2026-07-20 02:44:55] --END--
2026-07-20 07:36:41,HabitFarmer,https://github.com/deka1105/HabitFarmer.git,STATUS.md,modified,success,auto-push: STATUS.md [2026-07-20 07:36:39] --END--
2026-07-20 07:37:01,HabitFarmer,https://github.com/deka1105/HabitFarmer.git,STATUS.md.tmp.17777.a6fd52b93a99,created,success,auto-push: STATUS.md [2026-07-20 07:36:58] --END--
2026-07-21 17:42:12,MultistockDashboard,https://github.com/deka1105/MultistockDashboard.git,frontend/src/components/portfolio/DailyPnLCalendar.tsx.tmp.57193.a47715c5c883,created,success,auto-push: DailyPnLCalendar.tsx [2026-07-21 17:42:11] --END--
2026-07-21 17:42:23,MultistockDashboard,https://github.com/deka1105/MultistockDashboard.git,frontend/src/store/useAppStore.ts.tmp.57193.0583ba36a15c,created,success,auto-push: useAppStore.ts [2026-07-21 17:42:21] --END--
2026-07-21 17:42:28,MultistockDashboard,https://github.com/deka1105/MultistockDashboard.git,frontend/src/store/useAppStore.ts.tmp.57193.e2e3ffeb3a33,created,success,auto-push: useAppStore.ts [2026-07-21 17:42:27] --END--
2026-07-21 17:42:46,MultistockDashboard,https://github.com/deka1105/MultistockDashboard.git,frontend/src/pages/PortfolioPage.tsx.tmp.57193.c270fd428bf8,created,success,auto-push: PortfolioPage.tsx [2026-07-21 17:42:44] --END--
2026-07-21 17:42:51,MultistockDashboard,https://github.com/deka1105/MultistockDashboard.git,frontend/src/pages/PortfolioPage.tsx.tmp.57193.1d177d9a72a3,created,success,auto-push: PortfolioPage.tsx [2026-07-21 17:42:50] --END--
2026-07-21 17:43:01,MultistockDashboard,https://github.com/deka1105/MultistockDashboard.git,frontend/src/pages/PortfolioPage.tsx.tmp.57193.1c70c4c476d8,created,success,auto-push: PortfolioPage.tsx [2026-07-21 17:42:59] --END--
2026-07-21 17:43:43,MultistockDashboard,https://github.com/deka1105/MultistockDashboard.git,frontend/vite.config.ts.timestamp-1784670222034-07865e416b8b.mjs,created,success,auto-push: PortfolioPage.tsx [2026-07-21 17:43:42] --END--
2026-07-21 17:44:27,MultistockDashboard,https://github.com/deka1105/MultistockDashboard.git,frontend/src/pages/PortfolioPage.tsx.tmp.57193.3703e47ed90b,created,success,auto-push: PortfolioPage.tsx [2026-07-21 17:44:25] --END--
2026-07-21 17:44:42,TrashMan,https://github.com/deka1105/TrashMan.git,DS_Store,startup-sync,success,startup-sync: DS_Store [2026-07-21 17:44:41] --END--
2026-07-21 17:44:48,HabitFarmer-iOS-v1,https://github.com/deka1105/HabitFarmer-iOS-v1.git,".gitignore, HabitFarmer.xcodeproj/project.pbxproj, HabitFarmer/ContentView.swift, HabitFarmer/HabitFarmerApp.swift, HabitFarmer/Item.swift",startup-sync,success,startup-sync: 13 offline changes [2026-07-21 17:44:47] --END--
2026-07-21 17:44:51,HabitFarmer-iOS-v2,https://github.com/deka1105/HabitFarmer-iOS-v2.git,"DS_Store, .gitignore, fastlane/preview/preview-raw2.mov, fastlane/preview/preview-raw3.mov",startup-sync,success,"startup-sync: DS_Store, .gitignore, preview-raw2.mov, preview-raw3.mov [2026-07-21 17:44:49] --END--"
2026-07-21 17:45:10,MultistockDashboard,https://github.com/deka1105/MultistockDashboard.git,frontend/vite.config.ts.timestamp-1784670308421-caa4412a9ff5e.mjs,created,success,auto-push: PortfolioPage.tsx [2026-07-21 17:45:08] --END--
2026-07-21 17:45:38,MultistockDashboard,https://github.com/deka1105/MultistockDashboard.git,frontend/src/pages/MarketPage.tsx.tmp.57193.1a6a6a639074,created,success,auto-push: MarketPage.tsx [2026-07-21 17:45:36] --END--
2026-07-21 17:45:52,MultistockDashboard,https://github.com/deka1105/MultistockDashboard.git,rontend/src/pages/MarketPage.tsx,startup-sync,success,startup-sync: MarketPage.tsx [2026-07-21 17:45:51] --END--
2026-07-21 17:46:01,HabitFarmer,https://github.com/deka1105/HabitFarmer.git,"OS_App_v1/HabitFarmer, iOS_App_v2/HabitFarmer",startup-sync,success,"startup-sync: HabitFarmer, HabitFarmer [2026-07-21 17:46:00] --END--"
2026-07-21 17:46:08,MultistockDashboard,https://github.com/deka1105/MultistockDashboard.git,frontend/dist/assets/index-DkmFr9-m.js,deleted,error,"git add failed: fatal: Unable to create '/Users/shubhamarundekatey/ClaudeCode/day3/MultistockDashboard/.git/index.lock': File exists.\n\nAnother git process seems to be running in this repository, or the lock file may be stale --END--"
2026-07-21 17:51:30,MultistockDashboard,https://github.com/deka1105/MultistockDashboard.git,frontend/src/pages/DashboardPage.tsx.tmp.57193.02b21bcd5e7e,created,error,"git add failed: fatal: Unable to create '/Users/shubhamarundekatey/ClaudeCode/day3/MultistockDashboard/.git/index.lock': File exists.\n\nAnother git process seems to be running in this repository, or the lock file may be stale --END--"
2026-07-21 17:51:33,MultistockDashboard,https://github.com/deka1105/MultistockDashboard.git,frontend/src/pages/DashboardPage.tsx.tmp.57193.02b21bcd5e7e,created,success,auto-push: DashboardPage.tsx [2026-07-21 17:51:30] --END--
2026-07-21 17:51:44,MultistockDashboard,https://github.com/deka1105/MultistockDashboard.git,frontend/src/components/layout/TopBar.tsx.tmp.57193.a580dae445a7,created,error,"git add failed: fatal: Unable to create '/Users/shubhamarundekatey/ClaudeCode/day3/MultistockDashboard/.git/index.lock': File exists.\n\nAnother git process seems to be running in this repository, or the lock file may be stale --END--"
2026-07-21 17:51:45,MultistockDashboard,https://github.com/deka1105/MultistockDashboard.git,frontend/src/components/layout/TopBar.tsx.tmp.57193.a580dae445a7,created,success,auto-push: TopBar.tsx [2026-07-21 17:51:44] --END--
2026-07-21 17:51:58,MultistockDashboard,https://github.com/deka1105/MultistockDashboard.git,frontend/src/components/layout/TopBar.tsx.tmp.57193.a085b67b23bb,created,error,"git add failed: fatal: Unable to create '/Users/shubhamarundekatey/ClaudeCode/day3/MultistockDashboard/.git/index.lock': File exists.\n\nAnother git process seems to be running in this repository, or the lock file may be stale --END--"
2026-07-21 17:51:59,MultistockDashboard,https://github.com/deka1105/MultistockDashboard.git,frontend/src/components/layout/TopBar.tsx.tmp.57193.a085b67b23bb,created,success,auto-push: TopBar.tsx [2026-07-21 17:51:58] --END--
2026-07-21 17:52:38,MultistockDashboard,https://github.com/deka1105/MultistockDashboard.git,frontend/vite.config.ts.timestamp-1784670758457-2f73507c9510a.mjs,created,error,"git add failed: fatal: Unable to create '/Users/shubhamarundekatey/ClaudeCode/day3/MultistockDashboard/.git/index.lock': File exists.\n\nAnother git process seems to be running in this repository, or the lock file may be stale --END--"
2026-07-21 17:52:43,MultistockDashboard,https://github.com/deka1105/MultistockDashboard.git,frontend/dist/index.html,created,error,"git add failed: fatal: Unable to create '/Users/shubhamarundekatey/ClaudeCode/day3/MultistockDashboard/.git/index.lock': File exists.\n\nAnother git process seems to be running in this repository, or the lock file may be stale --END--"
2026-07-24 09:25:44,HabitFarmer-iOS-v2,https://github.com/deka1105/HabitFarmer-iOS-v2.git,ARCHITECTURE_AND_SCALING.md.tmp.69145.2912a1781012,created,success,auto-push: ARCHITECTURE_AND_SCALING.md [2026-07-24 09:25:42] --END--
2026-07-24 09:25:46,HabitFarmer,https://github.com/deka1105/HabitFarmer.git,iOS_App_v2/HabitFarmer/ARCHITECTURE_AND_SCALING.md.tmp.69145.2912a1781012,created,success,auto-push: HabitFarmer [2026-07-24 09:25:44] --END--
2026-07-24 09:40:53,HabitFarmer,https://github.com/deka1105/HabitFarmer.git,iOS_App_v2/HabitFarmer/HabitFarmer/Services/SupabaseService.swift.tmp.69145.1be8d01e1214,created,error,"git add failed: fatal: Unable to create '/Users/shubhamarundekatey/ClaudeCode/day21/HabitFarmer/.git/index.lock': File exists.\n\nAnother git process seems to be running in this repository, or the lock file may be stale --END--"
2026-07-24 09:40:55,HabitFarmer-iOS-v2,https://github.com/deka1105/HabitFarmer-iOS-v2.git,HabitFarmer/Services/SupabaseService.swift.tmp.69145.1be8d01e1214,created,success,auto-push: SupabaseService.swift [2026-07-24 09:40:53] --END--
2026-07-24 09:41:06,HabitFarmer-iOS-v2,https://github.com/deka1105/HabitFarmer-iOS-v2.git,HabitFarmer/Services/SyncService.swift.tmp.69145.3a08c6c29a7a,created,error,"git add failed: fatal: Unable to create '/Users/shubhamarundekatey/ClaudeCode/day21/HabitFarmer/iOS_App_v2/HabitFarmer/.git/index.lock': File exists.\n\nAnother git process seems to be running in this repository, or the lock file may be stale --END--"
2026-07-24 09:41:06,HabitFarmer-iOS-v2,https://github.com/deka1105/HabitFarmer-iOS-v2.git,HabitFarmer/Services/SyncService.swift.tmp.69145.3a08c6c29a7a,created,error,"git commit failed: fatal: Unable to create '/Users/shubhamarundekatey/ClaudeCode/day21/HabitFarmer/iOS_App_v2/HabitFarmer/.git/index.lock': File exists.\n\nAnother git process seems to be running in this repository, or the lock file may be stale --END--"
2026-07-24 09:41:08,HabitFarmer,https://github.com/deka1105/HabitFarmer.git,iOS_App_v2/HabitFarmer/HabitFarmer/Services/SyncService.swift.tmp.69145.3a08c6c29a7a,created,success,auto-push: HabitFarmer [2026-07-24 09:41:06] --END--
2026-07-24 09:42:45,HabitFarmer-iOS-v2,https://github.com/deka1105/HabitFarmer-iOS-v2.git,HabitFarmer/Core/ProfileStore.swift.tmp.69145.8f931cd9b749,created,error,"git commit failed: fatal: Unable to create '/Users/shubhamarundekatey/ClaudeCode/day21/HabitFarmer/iOS_App_v2/HabitFarmer/.git/index.lock': File exists.\n\nAnother git process seems to be running in this repository, or the lock file may be stale --END--"
2026-07-24 09:42:45,HabitFarmer,https://github.com/deka1105/HabitFarmer.git,iOS_App_v2/HabitFarmer/HabitFarmer/Core/ProfileStore.swift.tmp.69145.8f931cd9b749,created,error,"git commit failed: fatal: Unable to create '/Users/shubhamarundekatey/ClaudeCode/day21/HabitFarmer/.git/index.lock': File exists.\n\nAnother git process seems to be running in this repository, or the lock file may be stale --END--"
2026-07-24 09:42:47,HabitFarmer-iOS-v2,https://github.com/deka1105/HabitFarmer-iOS-v2.git,HabitFarmer/Core/ProfileStore.swift.tmp.69145.8f931cd9b749,created,success,auto-push: ProfileStore.swift [2026-07-24 09:42:45] --END--
2026-07-24 09:42:47,HabitFarmer,https://github.com/deka1105/HabitFarmer.git,iOS_App_v2/HabitFarmer/HabitFarmer/Core/ProfileStore.swift.tmp.69145.8f931cd9b749,created,success,auto-push: HabitFarmer [2026-07-24 09:42:45] --END--
2026-07-24 09:43:08,HabitFarmer,https://github.com/deka1105/HabitFarmer.git,iOS_App_v2/HabitFarmer/HabitFarmer/Core/AppState.swift.tmp.69145.738e6f85128f,created,success,auto-push: HabitFarmer [2026-07-24 09:43:06] --END--
2026-07-24 09:43:08,HabitFarmer-iOS-v2,https://github.com/deka1105/HabitFarmer-iOS-v2.git,HabitFarmer/Core/AppState.swift.tmp.69145.738e6f85128f,created,success,auto-push: AppState.swift [2026-07-24 09:43:06] --END--
2026-07-24 09:43:10,HabitFarmer,https://github.com/deka1105/HabitFarmer.git,iOS_App_v2/HabitFarmer/HabitFarmer/Core/AppState.swift.tmp.69145.738e6f85128f,created,success,auto-push: HabitFarmer [2026-07-24 09:43:08] --END--
2026-07-24 09:43:20,HabitFarmer-iOS-v2,https://github.com/deka1105/HabitFarmer-iOS-v2.git,HabitFarmer/Core/AppState.swift.tmp.69145.08b2fa0667d9,created,success,auto-push: AppState.swift [2026-07-24 09:43:18] --END--
2026-07-24 09:43:22,HabitFarmer,https://github.com/deka1105/HabitFarmer.git,iOS_App_v2/HabitFarmer/HabitFarmer/Core/AppState.swift.tmp.69145.08b2fa0667d9,created,success,auto-push: HabitFarmer [2026-07-24 09:43:20] --END--
2026-07-24 09:43:39,HabitFarmer-iOS-v2,https://github.com/deka1105/HabitFarmer-iOS-v2.git,HabitFarmer/Services/SyncService.swift.tmp.69145.0fa956cf86a1,created,success,auto-push: SyncService.swift [2026-07-24 09:43:37] --END--
2026-07-24 09:43:41,HabitFarmer,https://github.com/deka1105/HabitFarmer.git,iOS_App_v2/HabitFarmer/HabitFarmer/Services/SyncService.swift.tmp.69145.0fa956cf86a1,created,success,auto-push: HabitFarmer [2026-07-24 09:43:39] --END--
2026-07-24 09:55:47,HabitFarmer-iOS-v2,https://github.com/deka1105/HabitFarmer-iOS-v2.git,HabitFarmerTests/ProfileStoreTests.swift.tmp.69145.1169129854d4,created,error,"git add failed: fatal: Unable to create '/Users/shubhamarundekatey/ClaudeCode/day21/HabitFarmer/iOS_App_v2/HabitFarmer/.git/index.lock': File exists.\n\nAnother git process seems to be running in this repository, or the lock file may be stale --END--"
2026-07-24 09:58:25,HabitFarmer,https://github.com/deka1105/HabitFarmer.git,iOS_App_v2/HabitFarmer/HabitFarmerTests/ProfileStoreTests.swift.tmp.69145.1169129854d4,modified,success,auto-push: HabitFarmer [2026-07-24 09:58:22] --END--
2026-07-24 09:58:25,HabitFarmer-iOS-v2,https://github.com/deka1105/HabitFarmer-iOS-v2.git,HabitFarmerTests/ProfileStoreTests.swift.tmp.69145.1169129854d4,created,success,auto-push: ProfileStoreTests.swift [2026-07-24 09:57:41] --END--
2026-07-24 09:59:07,HabitFarmer-iOS-v2,https://github.com/deka1105/HabitFarmer-iOS-v2.git,STATUS.md.tmp.69145.7c9ba4ae8548,created,error,"git add failed: fatal: Unable to create '/Users/shubhamarundekatey/ClaudeCode/day21/HabitFarmer/iOS_App_v2/HabitFarmer/.git/index.lock': File exists.\n\nAnother git process seems to be running in this repository, or the lock file may be stale --END--"
2026-07-24 09:59:10,HabitFarmer-iOS-v2,https://github.com/deka1105/HabitFarmer-iOS-v2.git,STATUS.md.tmp.69145.7c9ba4ae8548,created,success,auto-push: STATUS.md [2026-07-24 09:59:07] --END--
2026-07-24 09:59:13,HabitFarmer,https://github.com/deka1105/HabitFarmer.git,iOS_App_v2/HabitFarmer/STATUS.md.tmp.69145.7c9ba4ae8548,created,success,auto-push: HabitFarmer [2026-07-24 09:59:10] --END--
2026-07-24 09:59:21,HabitFarmer-iOS-v2,https://github.com/deka1105/HabitFarmer-iOS-v2.git,STATUS.md.tmp.69145.5921c18bdb4e,created,error,"git add failed: fatal: Unable to create '/Users/shubhamarundekatey/ClaudeCode/day21/HabitFarmer/iOS_App_v2/HabitFarmer/.git/index.lock': File exists.\n\nAnother git process seems to be running in this repository, or the lock file may be stale --END--"
2026-07-24 09:59:21,HabitFarmer-iOS-v2,https://github.com/deka1105/HabitFarmer-iOS-v2.git,STATUS.md.tmp.69145.5921c18bdb4e,created,error,git add failed: fatal: unable to stat 'STATUS.md.tmp.69145.5921c18bdb4e': No such file or directory --END--
2026-07-24 09:59:21,HabitFarmer,https://github.com/deka1105/HabitFarmer.git,iOS_App_v2/HabitFarmer/STATUS.md.tmp.69145.5921c18bdb4e,created,error,"git add failed: fatal: Unable to create '/Users/shubhamarundekatey/ClaudeCode/day21/HabitFarmer/.git/index.lock': File exists.\n\nAnother git process seems to be running in this repository, or the lock file may be stale --END--"
2026-07-24 10:01:04,HabitFarmer-iOS-v2,https://github.com/deka1105/HabitFarmer-iOS-v2.git,HabitFarmerTests/ProfileStoreTests.swift.tmp.69145.4fd531789135,created,success,"auto-push: ProfileStoreTests.swift, STATUS.md [2026-07-24 10:01:01] --END--"
2026-07-24 10:01:07,HabitFarmer,https://github.com/deka1105/HabitFarmer.git,iOS_App_v2/HabitFarmer/HabitFarmerTests/ProfileStoreTests.swift.tmp.69145.4fd531789135,created,success,auto-push: HabitFarmer [2026-07-24 10:01:04] --END--
2026-07-24 10:01:40,HabitFarmer-iOS-v2,https://github.com/deka1105/HabitFarmer-iOS-v2.git,PRE_LAUNCH_CHECKLIST.md.tmp.69145.e17f09721028,created,error,"git add failed: fatal: Unable to create '/Users/shubhamarundekatey/ClaudeCode/day21/HabitFarmer/iOS_App_v2/HabitFarmer/.git/index.lock': File exists.\n\nAnother git process seems to be running in this repository, or the lock file may be stale --END--"
2026-07-24 10:01:44,HabitFarmer-iOS-v2,https://github.com/deka1105/HabitFarmer-iOS-v2.git,PRE_LAUNCH_CHECKLIST.md.tmp.69145.e17f09721028,created,success,auto-push: PRE_LAUNCH_CHECKLIST.md [2026-07-24 10:01:40] --END--
2026-07-24 10:01:48,HabitFarmer,https://github.com/deka1105/HabitFarmer.git,iOS_App_v2/HabitFarmer/PRE_LAUNCH_CHECKLIST.md.tmp.69145.e17f09721028,created,success,auto-push: HabitFarmer [2026-07-24 10:01:45] --END--
2026-07-24 10:31:15,HabitFarmer-iOS-v2,https://github.com/deka1105/HabitFarmer-iOS-v2.git,HabitFarmerTests/ProfileStoreTests.swift.tmp.69145.eba44b9fb896,created,error,"git add failed: fatal: Unable to create '/Users/shubhamarundekatey/ClaudeCode/day21/HabitFarmer/iOS_App_v2/HabitFarmer/.git/index.lock': File exists.\n\nAnother git process seems to be running in this repository, or the lock file may be stale --END--"
2026-07-24 10:31:18,HabitFarmer-iOS-v2,https://github.com/deka1105/HabitFarmer-iOS-v2.git,HabitFarmerTests/ProfileStoreTests.swift.tmp.69145.eba44b9fb896,created,success,auto-push: ProfileStoreTests.swift [2026-07-24 10:31:15] --END--
2026-07-24 10:31:20,HabitFarmer,https://github.com/deka1105/HabitFarmer.git,iOS_App_v2/HabitFarmer/HabitFarmerTests/ProfileStoreTests.swift.tmp.69145.eba44b9fb896,created,success,auto-push: HabitFarmer [2026-07-24 10:31:18] --END--
2026-07-27 13:18:10,ColdEmails,https://github.com/deka1105/ColdEmails.git,.claude/settings.local.json.tmp.63926.cda84afc76a0,created,error,"git add failed: fatal: Unable to create '/Users/shubhamarundekatey/ClaudeCode/day22/ColdEmails/.git/index.lock': File exists.\n\nAnother git process seems to be running in this repository, or the lock file may be stale --END--"
2026-07-27 13:26:39,ColdEmails,https://github.com/deka1105/ColdEmails.git,coldemails/emailcheck.py.tmp.63926.133ea90a6c7a,created,error,"git add failed: fatal: Unable to create '/Users/shubhamarundekatey/ClaudeCode/day22/ColdEmails/.git/index.lock': File exists.\n\nAnother git process seems to be running in this repository, or the lock file may be stale --END--"
2026-07-27 13:26:41,ColdEmails,https://github.com/deka1105/ColdEmails.git,coldemails/emailcheck.py.tmp.63926.133ea90a6c7a,created,success,auto-push: emailcheck.py [2026-07-27 13:26:39] --END--
2026-07-27 13:26:48,ColdEmails,https://github.com/deka1105/ColdEmails.git,coldemails/sources.py.tmp.63926.508706b57f63,created,error,"git add failed: fatal: Unable to create '/Users/shubhamarundekatey/ClaudeCode/day22/ColdEmails/.git/index.lock': File exists.\n\nAnother git process seems to be running in this repository, or the lock file may be stale --END--"
2026-07-27 13:26:50,ColdEmails,https://github.com/deka1105/ColdEmails.git,coldemails/sources.py.tmp.63926.508706b57f63,created,success,auto-push: sources.py [2026-07-27 13:26:48] --END--
2026-07-27 13:27:10,ColdEmails,https://github.com/deka1105/ColdEmails.git,coldemails/sources.py.tmp.63926.371b13600223,created,error,"git add failed: fatal: Unable to create '/Users/shubhamarundekatey/ClaudeCode/day22/ColdEmails/.git/index.lock': File exists.\n\nAnother git process seems to be running in this repository, or the lock file may be stale --END--"
2026-07-27 13:27:12,ColdEmails,https://github.com/deka1105/ColdEmails.git,coldemails/sources.py.tmp.63926.371b13600223,created,success,auto-push: sources.py [2026-07-27 13:27:10] --END--
2026-07-27 13:27:18,ColdEmails,https://github.com/deka1105/ColdEmails.git,coldemails/engine.py.tmp.63926.538b1cbc97a5,created,error,"git add failed: fatal: Unable to create '/Users/shubhamarundekatey/ClaudeCode/day22/ColdEmails/.git/index.lock': File exists.\n\nAnother git process seems to be running in this repository, or the lock file may be stale --END--"
2026-07-27 13:27:19,ColdEmails,https://github.com/deka1105/ColdEmails.git,coldemails/engine.py.tmp.63926.538b1cbc97a5,created,success,auto-push: engine.py [2026-07-27 13:27:18] --END--
2026-07-27 13:27:34,ColdEmails,https://github.com/deka1105/ColdEmails.git,coldemails/engine.py.tmp.63926.a211602eb083,created,error,"git add failed: fatal: Unable to create '/Users/shubhamarundekatey/ClaudeCode/day22/ColdEmails/.git/index.lock': File exists.\n\nAnother git process seems to be running in this repository, or the lock file may be stale --END--"
2026-07-27 13:27:36,ColdEmails,https://github.com/deka1105/ColdEmails.git,coldemails/engine.py.tmp.63926.a211602eb083,created,success,auto-push: engine.py [2026-07-27 13:27:34] --END--
2026-07-27 13:27:43,ColdEmails,https://github.com/deka1105/ColdEmails.git,coldemails/cli.py.tmp.63926.99d28162e035,created,error,"git add failed: fatal: Unable to create '/Users/shubhamarundekatey/ClaudeCode/day22/ColdEmails/.git/index.lock': File exists.\n\nAnother git process seems to be running in this repository, or the lock file may be stale --END--"
2026-07-27 13:27:45,ColdEmails,https://github.com/deka1105/ColdEmails.git,coldemails/cli.py.tmp.63926.99d28162e035,created,success,auto-push: cli.py [2026-07-27 13:27:43] --END--
2026-07-27 13:27:50,ColdEmails,https://github.com/deka1105/ColdEmails.git,coldemails/cli.py.tmp.63926.2ac7ca435df8,created,error,"git add failed: fatal: Unable to create '/Users/shubhamarundekatey/ClaudeCode/day22/ColdEmails/.git/index.lock': File exists.\n\nAnother git process seems to be running in this repository, or the lock file may be stale --END--"
2026-07-27 13:27:52,ColdEmails,https://github.com/deka1105/ColdEmails.git,coldemails/cli.py.tmp.63926.2ac7ca435df8,created,success,auto-push: cli.py [2026-07-27 13:27:50] --END--
2026-07-27 13:28:02,ColdEmails,https://github.com/deka1105/ColdEmails.git,coldemails/campaigns.py.tmp.63926.4286d65066f5,created,error,"git add failed: fatal: Unable to create '/Users/shubhamarundekatey/ClaudeCode/day22/ColdEmails/.git/index.lock': File exists.\n\nAnother git process seems to be running in this repository, or the lock file may be stale --END--"
2026-07-27 13:28:04,ColdEmails,https://github.com/deka1105/ColdEmails.git,coldemails/campaigns.py.tmp.63926.4286d65066f5,created,success,auto-push: campaigns.py [2026-07-27 13:28:02] --END--
2026-07-27 13:28:09,ColdEmails,https://github.com/deka1105/ColdEmails.git,coldemails/engine.py.tmp.63926.f6cd16958c6f,created,error,"git add failed: fatal: Unable to create '/Users/shubhamarundekatey/ClaudeCode/day22/ColdEmails/.git/index.lock': File exists.\n\nAnother git process seems to be running in this repository, or the lock file may be stale --END--"
2026-07-27 13:28:11,ColdEmails,https://github.com/deka1105/ColdEmails.git,coldemails/engine.py.tmp.63926.f6cd16958c6f,created,success,auto-push: engine.py [2026-07-27 13:28:09] --END--
2026-07-27 13:28:18,ColdEmails,https://github.com/deka1105/ColdEmails.git,requirements.txt.tmp.63926.e16875607c5f,created,success,auto-push: requirements.txt [2026-07-27 13:28:17] --END--
2026-07-27 13:28:39,ColdEmails,https://github.com/deka1105/ColdEmails.git,tests/test_pattern_source.py.tmp.63926.4274d7a227c5,created,error,"git add failed: fatal: Unable to create '/Users/shubhamarundekatey/ClaudeCode/day22/ColdEmails/.git/index.lock': File exists.\n\nAnother git process seems to be running in this repository, or the lock file may be stale --END--"
2026-07-27 13:28:41,ColdEmails,https://github.com/deka1105/ColdEmails.git,tests/test_pattern_source.py.tmp.63926.4274d7a227c5,created,success,auto-push: test_pattern_source.py [2026-07-27 13:28:39] --END--
2026-07-27 13:28:48,ColdEmails,https://github.com/deka1105/ColdEmails.git,.venv/lib/python3.11/site-packages/dns/__init__.py,created,error,"git add failed: fatal: Unable to create '/Users/shubhamarundekatey/ClaudeCode/day22/ColdEmails/.git/index.lock': File exists.\n\nAnother git process seems to be running in this repository, or the lock file may be stale --END--"
2026-07-27 13:29:03,ColdEmails,https://github.com/deka1105/ColdEmails.git,coldemails/sources.py.tmp.63926.e1a3ff88dd13,created,error,"git add failed: fatal: Unable to create '/Users/shubhamarundekatey/ClaudeCode/day22/ColdEmails/.git/index.lock': File exists.\n\nAnother git process seems to be running in this repository, or the lock file may be stale --END--"
2026-07-27 13:29:05,ColdEmails,https://github.com/deka1105/ColdEmails.git,coldemails/sources.py.tmp.63926.e1a3ff88dd13,created,success,auto-push: sources.py [2026-07-27 13:29:03] --END--
2026-07-27 13:29:14,ColdEmails,https://github.com/deka1105/ColdEmails.git,tests/test_campaigns_cli.py.tmp.63926.cf088d2731ed,created,error,"git add failed: fatal: Unable to create '/Users/shubhamarundekatey/ClaudeCode/day22/ColdEmails/.git/index.lock': File exists.\n\nAnother git process seems to be running in this repository, or the lock file may be stale --END--"
2026-07-27 13:29:16,ColdEmails,https://github.com/deka1105/ColdEmails.git,tests/test_campaigns_cli.py.tmp.63926.cf088d2731ed,created,success,"auto-push: sources.py, test_campaigns_cli.py [2026-07-27 13:29:14] --END--"
2026-07-27 13:29:29,ColdEmails,https://github.com/deka1105/ColdEmails.git,coldemails.db-journal,created,error,"git add failed: fatal: Unable to create '/Users/shubhamarundekatey/ClaudeCode/day22/ColdEmails/.git/index.lock': File exists.\n\nAnother git process seems to be running in this repository, or the lock file may be stale --END--"
2026-07-27 13:30:31,ColdEmails,https://github.com/deka1105/ColdEmails.git,session-logs/session_2026-07-27_1329_2539a939.md,created,error,"git add failed: fatal: Unable to create '/Users/shubhamarundekatey/ClaudeCode/day22/ColdEmails/.git/index.lock': File exists.\n\nAnother git process seems to be running in this repository, or the lock file may be stale --END--"
2026-07-27 13:30:39,ColdEmails,https://github.com/deka1105/ColdEmails.git,coldemails.db-journal,created,error,"git add failed: fatal: Unable to create '/Users/shubhamarundekatey/ClaudeCode/day22/ColdEmails/.git/index.lock': File exists.\n\nAnother git process seems to be running in this repository, or the lock file may be stale --END--"
2026-07-27 13:30:59,ColdEmails,https://github.com/deka1105/ColdEmails.git,HANDOFF.md.tmp.63926.1fe92729c738,created,error,"git add failed: fatal: Unable to create '/Users/shubhamarundekatey/ClaudeCode/day22/ColdEmails/.git/index.lock': File exists.\n\nAnother git process seems to be running in this repository, or the lock file may be stale --END--"
2026-07-27 13:31:01,ColdEmails,https://github.com/deka1105/ColdEmails.git,HANDOFF.md.tmp.63926.1fe92729c738,created,success,auto-push: HANDOFF.md [2026-07-27 13:30:59] --END--
2026-07-27 14:15:32,ColdEmails,https://github.com/deka1105/ColdEmails.git,.pytest_cache/v/cache/nodeids,modified,error,"git add failed: fatal: Unable to create '/Users/shubhamarundekatey/ClaudeCode/day22/ColdEmails/.git/index.lock': File exists.\n\nAnother git process seems to be running in this repository, or the lock file may be stale --END--"
2026-07-27 14:15:34,ColdEmails,https://github.com/deka1105/ColdEmails.git,.pytest_cache/v/cache/nodeids,modified,success,auto-push: CLAUDE.md [2026-07-27 14:15:32] --END--
2026-07-27 15:02:00,ColdEmails,https://github.com/deka1105/ColdEmails.git,app.py.tmp.63926.64eddd1a8d56,created,error,"git add failed: fatal: Unable to create '/Users/shubhamarundekatey/ClaudeCode/day22/ColdEmails/.git/index.lock': File exists.\n\nAnother git process seems to be running in this repository, or the lock file may be stale --END--"
2026-07-27 15:02:02,ColdEmails,https://github.com/deka1105/ColdEmails.git,app.py.tmp.63926.64eddd1a8d56,created,success,auto-push: app.py [2026-07-27 15:02:00] --END--
2026-07-27 15:02:17,ColdEmails,https://github.com/deka1105/ColdEmails.git,app.py.tmp.63926.d97c4e1fe047,created,error,"git add failed: fatal: Unable to create '/Users/shubhamarundekatey/ClaudeCode/day22/ColdEmails/.git/index.lock': File exists.\n\nAnother git process seems to be running in this repository, or the lock file may be stale --END--"
2026-07-27 15:02:19,ColdEmails,https://github.com/deka1105/ColdEmails.git,app.py.tmp.63926.d97c4e1fe047,created,success,auto-push: app.py [2026-07-27 15:02:17] --END--
2026-07-27 15:02:34,ColdEmails,https://github.com/deka1105/ColdEmails.git,.pytest_cache/v/cache/nodeids,modified,error,"git add failed: fatal: Unable to create '/Users/shubhamarundekatey/ClaudeCode/day22/ColdEmails/.git/index.lock': File exists.\n\nAnother git process seems to be running in this repository, or the lock file may be stale --END--"
2026-07-27 15:02:35,ColdEmails,https://github.com/deka1105/ColdEmails.git,.pytest_cache/v/cache/nodeids,modified,success,auto-push: app.py [2026-07-27 15:02:34] --END--
2026-07-27 15:04:48,ColdEmails,https://github.com/deka1105/ColdEmails.git,HANDOFF.md.tmp.63926.071e4fecda1a,created,error,"git add failed: fatal: Unable to create '/Users/shubhamarundekatey/ClaudeCode/day22/ColdEmails/.git/index.lock': File exists.\n\nAnother git process seems to be running in this repository, or the lock file may be stale --END--"
2026-07-27 15:04:50,ColdEmails,https://github.com/deka1105/ColdEmails.git,HANDOFF.md.tmp.63926.071e4fecda1a,created,success,auto-push: HANDOFF.md [2026-07-27 15:04:48] --END--
2026-07-27 16:15:16,ColdEmails,https://github.com/deka1105/ColdEmails.git,.gitignore.tmp.63926.a39c77cf9157,created,error,"git add failed: fatal: Unable to create '/Users/shubhamarundekatey/ClaudeCode/day22/ColdEmails/.git/index.lock': File exists.\n\nAnother git process seems to be running in this repository, or the lock file may be stale --END--"
2026-07-27 16:15:19,ColdEmails,https://github.com/deka1105/ColdEmails.git,.gitignore.tmp.63926.a39c77cf9157,created,success,auto-push: .gitignore [2026-07-27 16:15:17] --END--
2026-07-27 16:15:27,ColdEmails,https://github.com/deka1105/ColdEmails.git,directory.example.csv.tmp.63926.c0408e551353,created,error,"git add failed: fatal: Unable to create '/Users/shubhamarundekatey/ClaudeCode/day22/ColdEmails/.git/index.lock': File exists.\n\nAnother git process seems to be running in this repository, or the lock file may be stale --END--"
2026-07-27 16:15:31,ColdEmails,https://github.com/deka1105/ColdEmails.git,directory.example.csv.tmp.63926.c0408e551353,created,success,auto-push: directory.example.csv.tmp.63926.c0408e551353 [2026-07-27 16:15:27] --END--
2026-07-27 16:15:35,ColdEmails,https://github.com/deka1105/ColdEmails.git,coldemails/sources.py.tmp.63926.abb8c386bb34,created,error,"git add failed: fatal: Unable to create '/Users/shubhamarundekatey/ClaudeCode/day22/ColdEmails/.git/index.lock': File exists.\n\nAnother git process seems to be running in this repository, or the lock file may be stale --END--"
2026-07-27 16:15:39,ColdEmails,https://github.com/deka1105/ColdEmails.git,coldemails/sources.py.tmp.63926.abb8c386bb34,created,success,"auto-push: sources.py, directory.example.csv [2026-07-27 16:15:36] --END--"
2026-07-27 16:15:51,ColdEmails,https://github.com/deka1105/ColdEmails.git,coldemails/sources.py.tmp.63926.4b0cd2544380,created,error,"git add failed: fatal: Unable to create '/Users/shubhamarundekatey/ClaudeCode/day22/ColdEmails/.git/index.lock': File exists.\n\nAnother git process seems to be running in this repository, or the lock file may be stale --END--"
2026-07-27 16:15:55,ColdEmails,https://github.com/deka1105/ColdEmails.git,coldemails/sources.py.tmp.63926.4b0cd2544380,created,success,auto-push: sources.py [2026-07-27 16:15:51] --END--
2026-07-27 16:16:21,ColdEmails,https://github.com/deka1105/ColdEmails.git,coldemails/campaigns.py.tmp.63926.3aed32870091,created,error,"git add failed: fatal: Unable to create '/Users/shubhamarundekatey/ClaudeCode/day22/ColdEmails/.git/index.lock': File exists.\n\nAnother git process seems to be running in this repository, or the lock file may be stale --END--"
2026-07-27 16:16:24,ColdEmails,https://github.com/deka1105/ColdEmails.git,coldemails/campaigns.py.tmp.63926.3aed32870091,created,success,auto-push: campaigns.py [2026-07-27 16:16:21] --END--
2026-07-27 16:16:29,ColdEmails,https://github.com/deka1105/ColdEmails.git,coldemails/engine.py.tmp.63926.a74b6202fe77,created,error,"git add failed: fatal: Unable to create '/Users/shubhamarundekatey/ClaudeCode/day22/ColdEmails/.git/index.lock': File exists.\n\nAnother git process seems to be running in this repository, or the lock file may be stale --END--"
2026-07-27 16:16:32,ColdEmails,https://github.com/deka1105/ColdEmails.git,coldemails/engine.py.tmp.63926.a74b6202fe77,created,success,auto-push: engine.py [2026-07-27 16:16:29] --END--
2026-07-27 16:16:38,ColdEmails,https://github.com/deka1105/ColdEmails.git,coldemails/cli.py.tmp.63926.877b3deae9af,created,error,"git add failed: fatal: Unable to create '/Users/shubhamarundekatey/ClaudeCode/day22/ColdEmails/.git/index.lock': File exists.\n\nAnother git process seems to be running in this repository, or the lock file may be stale --END--"
2026-07-27 16:16:40,ColdEmails,https://github.com/deka1105/ColdEmails.git,coldemails/cli.py.tmp.63926.877b3deae9af,created,success,auto-push: cli.py [2026-07-27 16:16:38] --END--
2026-07-27 16:16:53,ColdEmails,https://github.com/deka1105/ColdEmails.git,tests/test_directory_source.py.tmp.63926.b69552d7b76f,created,error,"git add failed: fatal: Unable to create '/Users/shubhamarundekatey/ClaudeCode/day22/ColdEmails/.git/index.lock': File exists.\n\nAnother git process seems to be running in this repository, or the lock file may be stale --END--"
2026-07-27 16:16:56,ColdEmails,https://github.com/deka1105/ColdEmails.git,tests/test_directory_source.py.tmp.63926.b69552d7b76f,created,success,auto-push: test_directory_source.py [2026-07-27 16:16:53] --END--
2026-07-27 16:17:01,ColdEmails,https://github.com/deka1105/ColdEmails.git,.pytest_cache/v/cache/nodeids,modified,error,"git add failed: fatal: Unable to create '/Users/shubhamarundekatey/ClaudeCode/day22/ColdEmails/.git/index.lock': File exists.\n\nAnother git process seems to be running in this repository, or the lock file may be stale --END--"
2026-07-27 16:17:10,ColdEmails,https://github.com/deka1105/ColdEmails.git,.pytest_cache/v/cache/nodeids,modified,error,"git add failed: fatal: Unable to create '/Users/shubhamarundekatey/ClaudeCode/day22/ColdEmails/.git/index.lock': File exists.\n\nAnother git process seems to be running in this repository, or the lock file may be stale --END--"
2026-07-27 16:17:13,ColdEmails,https://github.com/deka1105/ColdEmails.git,.pytest_cache/v/cache/nodeids,modified,success,auto-push: test_campaigns_cli.py [2026-07-27 16:17:10] --END--
2026-07-27 16:17:58,ColdEmails,https://github.com/deka1105/ColdEmails.git,session-logs/session_2026-07-27_1617_e39e9d3b.md,created,error,"git add failed: fatal: Unable to create '/Users/shubhamarundekatey/ClaudeCode/day22/ColdEmails/.git/index.lock': File exists.\n\nAnother git process seems to be running in this repository, or the lock file may be stale --END--"
2026-07-27 16:18:43,ColdEmails,https://github.com/deka1105/ColdEmails.git,app.py.tmp.63926.53b4d3208546,created,error,"git add failed: fatal: Unable to create '/Users/shubhamarundekatey/ClaudeCode/day22/ColdEmails/.git/index.lock': File exists.\n\nAnother git process seems to be running in this repository, or the lock file may be stale --END--"
2026-07-27 16:18:45,ColdEmails,https://github.com/deka1105/ColdEmails.git,app.py.tmp.63926.53b4d3208546,created,success,auto-push: app.py [2026-07-27 16:18:43] --END--
2026-07-27 16:18:58,ColdEmails,https://github.com/deka1105/ColdEmails.git,app.py.tmp.63926.2bcc8433db18,created,error,"git add failed: fatal: Unable to create '/Users/shubhamarundekatey/ClaudeCode/day22/ColdEmails/.git/index.lock': File exists.\n\nAnother git process seems to be running in this repository, or the lock file may be stale --END--"
2026-07-27 16:19:01,ColdEmails,https://github.com/deka1105/ColdEmails.git,app.py.tmp.63926.2bcc8433db18,created,success,auto-push: app.py [2026-07-27 16:18:59] --END--
2026-07-27 16:19:06,ColdEmails,https://github.com/deka1105/ColdEmails.git,app.py.tmp.63926.de150732171b,created,error,"git add failed: fatal: Unable to create '/Users/shubhamarundekatey/ClaudeCode/day22/ColdEmails/.git/index.lock': File exists.\n\nAnother git process seems to be running in this repository, or the lock file may be stale --END--"
2026-07-27 16:19:08,ColdEmails,https://github.com/deka1105/ColdEmails.git,app.py.tmp.63926.de150732171b,created,success,auto-push: app.py [2026-07-27 16:19:06] --END--
2026-07-27 16:19:14,ColdEmails,https://github.com/deka1105/ColdEmails.git,app.py.tmp.63926.169bace471b9,created,error,"git add failed: fatal: Unable to create '/Users/shubhamarundekatey/ClaudeCode/day22/ColdEmails/.git/index.lock': File exists.\n\nAnother git process seems to be running in this repository, or the lock file may be stale --END--"
2026-07-27 16:19:17,ColdEmails,https://github.com/deka1105/ColdEmails.git,app.py.tmp.63926.169bace471b9,created,success,auto-push: app.py [2026-07-27 16:19:14] --END--
2026-07-27 16:19:20,ColdEmails,https://github.com/deka1105/ColdEmails.git,app.py.tmp.63926.415a374e9613,created,error,"git add failed: fatal: Unable to create '/Users/shubhamarundekatey/ClaudeCode/day22/ColdEmails/.git/index.lock': File exists.\n\nAnother git process seems to be running in this repository, or the lock file may be stale --END--"
2026-07-27 16:19:22,ColdEmails,https://github.com/deka1105/ColdEmails.git,app.py.tmp.63926.415a374e9613,created,success,auto-push: app.py [2026-07-27 16:19:20] --END--
2026-07-27 16:19:38,ColdEmails,https://github.com/deka1105/ColdEmails.git,.pytest_cache/v/cache/nodeids,modified,error,"git add failed: fatal: Unable to create '/Users/shubhamarundekatey/ClaudeCode/day22/ColdEmails/.git/index.lock': File exists.\n\nAnother git process seems to be running in this repository, or the lock file may be stale --END--"
2026-07-27 16:19:54,ColdEmails,https://github.com/deka1105/ColdEmails.git,directory.csv,created,error,"git add failed: fatal: Unable to create '/Users/shubhamarundekatey/ClaudeCode/day22/ColdEmails/.git/index.lock': File exists.\n\nAnother git process seems to be running in this repository, or the lock file may be stale --END--"
2026-07-27 16:21:01,ColdEmails,https://github.com/deka1105/ColdEmails.git,HANDOFF.md.tmp.63926.76d5d42c7c73,created,error,"git add failed: fatal: Unable to create '/Users/shubhamarundekatey/ClaudeCode/day22/ColdEmails/.git/index.lock': File exists.\n\nAnother git process seems to be running in this repository, or the lock file may be stale --END--"
2026-07-27 16:21:04,ColdEmails,https://github.com/deka1105/ColdEmails.git,HANDOFF.md.tmp.63926.76d5d42c7c73,created,success,auto-push: HANDOFF.md [2026-07-27 16:21:01] --END--
2026-07-27 16:21:07,ColdEmails,https://github.com/deka1105/ColdEmails.git,CLAUDE.md.tmp.63926.80c14f800db2,created,error,"git add failed: fatal: Unable to create '/Users/shubhamarundekatey/ClaudeCode/day22/ColdEmails/.git/index.lock': File exists.\n\nAnother git process seems to be running in this repository, or the lock file may be stale --END--"
2026-07-27 16:21:09,ColdEmails,https://github.com/deka1105/ColdEmails.git,CLAUDE.md.tmp.63926.80c14f800db2,created,success,auto-push: CLAUDE.md [2026-07-27 16:21:07] --END--
2026-07-28 09:35:13,Instagram-Tab-Title,https://github.com/deka1105/Instagram-Tab-Title.git,.gitignore,startup-sync,success,startup-sync: .gitignore [2026-07-28 09:35:12] --END--
2026-07-28 09:35:15,SessionForgeFox,https://github.com/deka1105/SessionForgeFox.git,gitignore,startup-sync,success,startup-sync: gitignore [2026-07-28 09:35:13] --END--
2026-07-28 09:35:17,SessionForgePublic,https://github.com/deka1105/SessionForgePublic.git,gitignore,startup-sync,success,startup-sync: gitignore [2026-07-28 09:35:16] --END--
2026-07-28 09:35:17,SessionForgeMobile,https://github.com/deka1105/SessionForgeMobile.git,gitignore,startup-sync,success,startup-sync: gitignore [2026-07-28 09:35:16] --END--
2026-07-28 09:35:21,Lumon,https://github.com/deka1105/Lumon.git,.gitignore,startup-sync,success,startup-sync: .gitignore [2026-07-28 09:35:19] --END--
2026-07-28 09:35:23,ImageConstellation,https://github.com/deka1105/ImageConstellation.git,.gitignore,startup-sync,success,startup-sync: .gitignore [2026-07-28 09:35:21] --END--
2026-07-28 09:35:23,LinkedinMessageBuilder,https://github.com/deka1105/LinkedinMessageBuilder.git,.gitignore,startup-sync,success,startup-sync: .gitignore [2026-07-28 09:35:22] --END--
2026-07-28 09:35:25,Philamentos-pilot,https://github.com/deka1105/Philamentos-pilot.git,gitignore,startup-sync,success,startup-sync: gitignore [2026-07-28 09:35:24] --END--
2026-07-28 09:35:25,Map_Plot_API,https://github.com/deka1105/Map_Plot_API.git,gitignore,startup-sync,success,startup-sync: gitignore [2026-07-28 09:35:24] --END--
2026-07-28 09:35:26,WallBoard,https://github.com/deka1105/WallBoard.git,.gitignore,startup-sync,error,commit failed: --END--
2026-07-28 09:35:28,WallBoard,https://github.com/deka1105/WallBoard.git,.gitignore,startup-sync,success,startup-sync: .gitignore [2026-07-28 09:35:27] --END--
2026-07-28 09:35:29,streamPhoneDeck,https://github.com/deka1105/streamPhoneDeck.git,.gitignore,startup-sync,success,startup-sync: .gitignore [2026-07-28 09:35:27] --END--
2026-07-28 09:35:48,GitHub-AutoPush-Analytics,https://github.com/deka1105/GitHub-AutoPush-Analytics.git,"DS_Store, push_log.csv, repos_config.csv, watcher.log, watcher.log.1",startup-sync,success,startup-sync: 8 offline changes [2026-07-28 09:35:40] --END--
2026-07-28 09:35:51,GitHub-AutoPush-Analytics,https://github.com/deka1105/GitHub-AutoPush-Analytics.git,push_log.csv,modified,success,auto-push: push_log.csv [2026-07-28 09:35:49] --END--
2026-07-28 09:35:53,GitHub-AutoPush-Analytics,https://github.com/deka1105/GitHub-AutoPush-Analytics.git,push_log.csv,created,success,auto-push: push_log.csv [2026-07-28 09:35:51] --END--
2026-07-28 09:37:28,GitHub-AutoPush-Analytics,https://github.com/deka1105/GitHub-AutoPush-Analytics.git,watcher.log.1,modified,success,auto-push: push_log.csv [2026-07-28 09:37:25] --END--
2026-07-28 09:37:32,GitHub-AutoPush-Analytics,https://github.com/deka1105/GitHub-AutoPush-Analytics.git,"ush_log.csv, watcher.log",startup-sync,success,"startup-sync: ush_log.csv, watcher.log [2026-07-28 09:37:30] --END--"
2026-07-28 09:37:34,GitHub-AutoPush-Analytics,https://github.com/deka1105/GitHub-AutoPush-Analytics.git,push_log.csv,modified,success,auto-push: push_log.csv [2026-07-28 09:37:32] --END--
2026-07-28 09:37:43,Instagram-Save-Grid,https://github.com/deka1105/Instagram-Save-Grid.git,.gitignore,startup-sync,success,startup-sync: .gitignore [2026-07-28 09:37:42] --END--
2026-07-28 09:37:45,Image-Similarity,https://github.com/deka1105/Image-Similarity.git,.gitignore,startup-sync,success,startup-sync: .gitignore [2026-07-28 09:37:44] --END--
2026-07-28 09:37:45,GitHub-AutoPush-Analytics,https://github.com/deka1105/GitHub-AutoPush-Analytics.git,push_log.csv,modified,success,auto-push: push_log.csv [2026-07-28 09:37:43] --END--
2026-07-28 09:37:47,Instagram-Saved-download,https://github.com/deka1105/Instagram-Saved-download.git,.gitignore,startup-sync,success,startup-sync: .gitignore [2026-07-28 09:37:46] --END--
2026-07-28 09:38:23,streamPhoneDeck,https://github.com/deka1105/streamPhoneDeck.git,CLAUDE.md.tmp.91203.06fdff0671ee,created,error,"git add failed: fatal: Unable to create '/Users/shubhamarundekatey/ClaudeCode/day27/streamPhoneDeck/.git/index.lock': File exists.\n\nAnother git process seems to be running in this repository, or the lock file may be stale --END--"
2026-07-28 09:38:25,GitHub-AutoPush-Analytics,https://github.com/deka1105/GitHub-AutoPush-Analytics.git,push_log.csv,modified,success,auto-push: push_log.csv [2026-07-28 09:38:23] --END--
2026-07-28 09:38:25,streamPhoneDeck,https://github.com/deka1105/streamPhoneDeck.git,CLAUDE.md.tmp.91203.06fdff0671ee,created,success,auto-push: CLAUDE.md [2026-07-28 09:38:23] --END--
2026-07-28 09:38:28,GitHub-AutoPush-Analytics,https://github.com/deka1105/GitHub-AutoPush-Analytics.git,push_log.csv,modified,success,auto-push: push_log.csv [2026-07-28 09:38:26] --END--
2026-07-28 09:41:50,streamPhoneDeck,https://github.com/deka1105/streamPhoneDeck.git,package.json,created,error,"git add failed: fatal: Unable to create '/Users/shubhamarundekatey/ClaudeCode/day27/streamPhoneDeck/.git/index.lock': File exists.\n\nAnother git process seems to be running in this repository, or the lock file may be stale --END--"
2026-07-28 09:41:52,GitHub-AutoPush-Analytics,https://github.com/deka1105/GitHub-AutoPush-Analytics.git,push_log.csv,modified,success,auto-push: push_log.csv [2026-07-28 09:41:50] --END--
2026-07-28 09:41:52,streamPhoneDeck,https://github.com/deka1105/streamPhoneDeck.git,package.json,created,success,auto-push: package.json [2026-07-28 09:41:50] --END--
2026-07-28 09:41:54,GitHub-AutoPush-Analytics,https://github.com/deka1105/GitHub-AutoPush-Analytics.git,push_log.csv,modified,success,auto-push: push_log.csv [2026-07-28 09:41:52] --END--
2026-07-28 09:41:55,streamPhoneDeck,https://github.com/deka1105/streamPhoneDeck.git,node_modules/postcss/lib/css-syntax-error.d.ts,created,error,"git add failed: fatal: Unable to create '/Users/shubhamarundekatey/ClaudeCode/day27/streamPhoneDeck/.git/index.lock': File exists.\n\nAnother git process seems to be running in this repository, or the lock file may be stale --END--"
2026-07-28 09:41:58,GitHub-AutoPush-Analytics,https://github.com/deka1105/GitHub-AutoPush-Analytics.git,watcher.log,modified,success,"auto-push: push_log.csv, watcher.log, watcher.log.1, watcher.log.2, watcher.log.3 [2026-07-28 09:41:56] --END--"
2026-07-28 09:42:02,GitHub-AutoPush-Analytics,https://github.com/deka1105/GitHub-AutoPush-Analytics.git,push_log.csv,modified,success,"auto-push: push_log.csv, watcher.log, watcher.log.1, watcher.log.2, watcher.log.3 [2026-07-28 09:41:58] --END--"
2026-07-28 09:42:05,GitHub-AutoPush-Analytics,https://github.com/deka1105/GitHub-AutoPush-Analytics.git,watcher.log,modified,success,"auto-push: watcher.log, watcher.log.1, watcher.log.2, watcher.log.3 [2026-07-28 09:42:01] --END--"
2026-07-28 09:42:09,GitHub-AutoPush-Analytics,https://github.com/deka1105/GitHub-AutoPush-Analytics.git,push_log.csv,modified,success,"auto-push: push_log.csv, watcher.log, watcher.log.1, watcher.log.2, watcher.log.3 [2026-07-28 09:42:05] --END--"
2026-07-28 09:42:11,streamPhoneDeck,https://github.com/deka1105/streamPhoneDeck.git,package.json,modified,success,"auto-push: package-lock.json, package.json [2026-07-28 09:42:09] --END--"
2026-07-28 09:42:13,GitHub-AutoPush-Analytics,https://github.com/deka1105/GitHub-AutoPush-Analytics.git,push_log.csv,modified,success,"auto-push: push_log.csv, watcher.log [2026-07-28 09:42:09] --END--"
2026-07-28 09:42:15,GitHub-AutoPush-Analytics,https://github.com/deka1105/GitHub-AutoPush-Analytics.git,push_log.csv,modified,failed,To https://github.com/deka1105/GitHub-AutoPush-Analytics.git\n ! [remote rejected] HEAD -> main (cannot lock ref 'refs/heads/main': is at e71aecf5b63e9c255892c5caa6129691f81e4a86 but expected 539fa7da343f4035223023ecdf5af38261ccb0a3)\nerror: failed to push some refs to 'https://github.com/deka1105/GitHub-AutoPush-Analytics.git' --END--
2026-07-28 09:42:17,GitHub-AutoPush-Analytics,https://github.com/deka1105/GitHub-AutoPush-Analytics.git,push_log.csv,modified,success,auto-push: push_log.csv [2026-07-28 09:42:15] --END--
2026-07-28 09:42:19,GitHub-AutoPush-Analytics,https://github.com/deka1105/GitHub-AutoPush-Analytics.git,push_log.csv,modified,success,auto-push: push_log.csv [2026-07-28 09:42:17] --END--
2026-07-28 09:42:25,streamPhoneDeck,https://github.com/deka1105/streamPhoneDeck.git,node_modules/is-weakset/.editorconfig,created,error,"git add failed: fatal: Unable to create '/Users/shubhamarundekatey/ClaudeCode/day27/streamPhoneDeck/.git/index.lock': File exists.\n\nAnother git process seems to be running in this repository, or the lock file may be stale --END--"
2026-07-28 09:42:26,GitHub-AutoPush-Analytics,https://github.com/deka1105/GitHub-AutoPush-Analytics.git,push_log.csv,modified,error,"git commit failed: fatal: Unable to create '/Users/shubhamarundekatey/ClaudeCode/day10/GitHub-AutoPush-Analytics/.git/index.lock': File exists.\n\nAnother git process seems to be running in this repository, or the lock file may be stale --END--"
2026-07-28 09:42:28,GitHub-AutoPush-Analytics,https://github.com/deka1105/GitHub-AutoPush-Analytics.git,push_log.csv,modified,success,auto-push: push_log.csv [2026-07-28 09:42:25] --END--
2026-07-28 09:42:30,streamPhoneDeck,https://github.com/deka1105/streamPhoneDeck.git,package-lock.json,modified,error,"git add failed: fatal: Unable to create '/Users/shubhamarundekatey/ClaudeCode/day27/streamPhoneDeck/.git/index.lock': File exists.\n\nAnother git process seems to be running in this repository, or the lock file may be stale --END--"
2026-07-28 09:42:32,streamPhoneDeck,https://github.com/deka1105/streamPhoneDeck.git,node_modules/typescript/lib/lib.es2020.number.d.ts,modified,success,auto-push: package.json [2026-07-28 09:42:30] --END--
2026-07-28 09:42:34,GitHub-AutoPush-Analytics,https://github.com/deka1105/GitHub-AutoPush-Analytics.git,push_log.csv,modified,success,"auto-push: push_log.csv, watcher.log, watcher.log.1, watcher.log.2, watcher.log.3 [2026-07-28 09:42:31] --END--"
2026-07-28 09:42:36,GitHub-AutoPush-Analytics,https://github.com/deka1105/GitHub-AutoPush-Analytics.git,watcher.log,modified,failed,To https://github.com/deka1105/GitHub-AutoPush-Analytics.git\n ! [remote rejected] HEAD -> main (cannot lock ref 'refs/heads/main': is at 874827cd0d2a6f05017929591ba78ded0771e0bc but expected 7406fe4dead41b9145b1b3c589e5e1f1f17a28d1)\nerror: failed to push some refs to 'https://github.com/deka1105/GitHub-AutoPush-Analytics.git' --END--
2026-07-28 09:42:37,streamPhoneDeck,https://github.com/deka1105/streamPhoneDeck.git,node_modules/eslint-plugin-react/lib/rules/sort-default-props.d.ts,created,success,auto-push: package-lock.json [2026-07-28 09:42:36] --END--
2026-07-28 09:42:38,GitHub-AutoPush-Analytics,https://github.com/deka1105/GitHub-AutoPush-Analytics.git,push_log.csv,modified,success,auto-push: push_log.csv [2026-07-28 09:42:36] --END--
2026-07-28 09:42:39,GitHub-AutoPush-Analytics,https://github.com/deka1105/GitHub-AutoPush-Analytics.git,watcher.log.3,deleted,success,auto-push: push_log.csv [2026-07-28 09:42:38] --END--
2026-07-28 09:42:45,streamPhoneDeck,https://github.com/deka1105/streamPhoneDeck.git,package.json.tmp.91203.73cacd8191fc,created,error,"git add failed: fatal: Unable to create '/Users/shubhamarundekatey/ClaudeCode/day27/streamPhoneDeck/.git/index.lock': File exists.\n\nAnother git process seems to be running in this repository, or the lock file may be stale --END--"
2026-07-28 09:42:47,streamPhoneDeck,https://github.com/deka1105/streamPhoneDeck.git,package.json.tmp.91203.73cacd8191fc,created,success,auto-push: package.json [2026-07-28 09:42:45] --END--
2026-07-28 09:42:47,GitHub-AutoPush-Analytics,https://github.com/deka1105/GitHub-AutoPush-Analytics.git,push_log.csv,modified,success,auto-push: push_log.csv [2026-07-28 09:42:45] --END--
2026-07-28 09:42:49,GitHub-AutoPush-Analytics,https://github.com/deka1105/GitHub-AutoPush-Analytics.git,push_log.csv,modified,success,auto-push: push_log.csv [2026-07-28 09:42:47] --END--
2026-07-28 09:42:53,streamPhoneDeck,https://github.com/deka1105/streamPhoneDeck.git,next.config.ts.tmp.91203.01db03fb69d9,created,error,"git add failed: fatal: Unable to create '/Users/shubhamarundekatey/ClaudeCode/day27/streamPhoneDeck/.git/index.lock': File exists.\n\nAnother git process seems to be running in this repository, or the lock file may be stale --END--"
2026-07-28 09:42:55,streamPhoneDeck,https://github.com/deka1105/streamPhoneDeck.git,next.config.ts.tmp.91203.01db03fb69d9,created,success,"auto-push: next.config.ts, tsconfig.json [2026-07-28 09:42:53] --END--"
2026-07-28 09:42:55,GitHub-AutoPush-Analytics,https://github.com/deka1105/GitHub-AutoPush-Analytics.git,push_log.csv,modified,success,auto-push: push_log.csv [2026-07-28 09:42:53] --END--
2026-07-28 09:42:57,GitHub-AutoPush-Analytics,https://github.com/deka1105/GitHub-AutoPush-Analytics.git,push_log.csv,modified,success,auto-push: push_log.csv [2026-07-28 09:42:55] --END--
2026-07-28 09:42:59,streamPhoneDeck,https://github.com/deka1105/streamPhoneDeck.git,eslint.config.mjs.tmp.91203.45dbd69cd9e5,created,error,"git add failed: fatal: Unable to create '/Users/shubhamarundekatey/ClaudeCode/day27/streamPhoneDeck/.git/index.lock': File exists.\n\nAnother git process seems to be running in this repository, or the lock file may be stale --END--"
2026-07-28 09:43:01,GitHub-AutoPush-Analytics,https://github.com/deka1105/GitHub-AutoPush-Analytics.git,push_log.csv,modified,success,auto-push: push_log.csv [2026-07-28 09:43:00] --END--
2026-07-28 09:43:01,streamPhoneDeck,https://github.com/deka1105/streamPhoneDeck.git,eslint.config.mjs.tmp.91203.45dbd69cd9e5,created,success,"auto-push: eslint.config.mjs, postcss.config.mjs [2026-07-28 09:42:59] --END--"
2026-07-28 09:43:04,GitHub-AutoPush-Analytics,https://github.com/deka1105/GitHub-AutoPush-Analytics.git,push_log.csv,modified,success,auto-push: push_log.csv [2026-07-28 09:43:02] --END--
2026-07-28 09:43:11,streamPhoneDeck,https://github.com/deka1105/streamPhoneDeck.git,src/lib/bus.ts.tmp.91203.db3366035d33,created,error,"git add failed: fatal: Unable to create '/Users/shubhamarundekatey/ClaudeCode/day27/streamPhoneDeck/.git/index.lock': File exists.\n\nAnother git process seems to be running in this repository, or the lock file may be stale --END--"
2026-07-28 09:43:13,streamPhoneDeck,https://github.com/deka1105/streamPhoneDeck.git,src/lib/bus.ts.tmp.91203.db3366035d33,created,success,auto-push: bus.ts [2026-07-28 09:43:11] --END--
2026-07-28 09:43:13,GitHub-AutoPush-Analytics,https://github.com/deka1105/GitHub-AutoPush-Analytics.git,push_log.csv,modified,success,auto-push: push_log.csv [2026-07-28 09:43:11] --END--
2026-07-28 09:43:17,GitHub-AutoPush-Analytics,https://github.com/deka1105/GitHub-AutoPush-Analytics.git,push_log.csv,modified,success,auto-push: push_log.csv [2026-07-28 09:43:13] --END--
2026-07-28 09:43:19,GitHub-AutoPush-Analytics,https://github.com/deka1105/GitHub-AutoPush-Analytics.git,push_log.csv,modified,success,auto-push: push_log.csv [2026-07-28 09:43:17] --END--
2026-07-28 09:43:21,GitHub-AutoPush-Analytics,https://github.com/deka1105/GitHub-AutoPush-Analytics.git,push_log.csv,modified,success,auto-push: push_log.csv [2026-07-28 09:43:19] --END--
2026-07-28 09:43:21,streamPhoneDeck,https://github.com/deka1105/streamPhoneDeck.git,src/lib/buttons.ts.tmp.91203.d6e4f7c3ffcb,created,error,"git commit failed: fatal: Unable to create '/Users/shubhamarundekatey/ClaudeCode/day27/streamPhoneDeck/.git/index.lock': File exists.\n\nAnother git process seems to be running in this repository, or the lock file may be stale --END--"
2026-07-28 09:43:23,streamPhoneDeck,https://github.com/deka1105/streamPhoneDeck.git,src/lib/buttons.ts.tmp.91203.d6e4f7c3ffcb,created,success,auto-push: buttons.ts [2026-07-28 09:43:21] --END--
2026-07-28 09:43:25,GitHub-AutoPush-Analytics,https://github.com/deka1105/GitHub-AutoPush-Analytics.git,push_log.csv,modified,success,auto-push: push_log.csv [2026-07-28 09:43:23] --END--
2026-07-28 09:43:28,GitHub-AutoPush-Analytics,https://github.com/deka1105/GitHub-AutoPush-Analytics.git,push_log.csv,modified,success,auto-push: push_log.csv [2026-07-28 09:43:25] --END--
2026-07-28 09:43:29,streamPhoneDeck,https://github.com/deka1105/streamPhoneDeck.git,src/app/api/action/route.ts.tmp.91203.3dbf37a5b38e,created,error,"git add failed: fatal: Unable to create '/Users/shubhamarundekatey/ClaudeCode/day27/streamPhoneDeck/.git/index.lock': File exists.\n\nAnother git process seems to be running in this repository, or the lock file may be stale --END--"
2026-07-28 09:43:31,streamPhoneDeck,https://github.com/deka1105/streamPhoneDeck.git,src/app/api/action/route.ts.tmp.91203.3dbf37a5b38e,created,success,auto-push: route.ts [2026-07-28 09:43:29] --END--
2026-07-28 09:43:31,GitHub-AutoPush-Analytics,https://github.com/deka1105/GitHub-AutoPush-Analytics.git,push_log.csv,modified,error,"git add failed: fatal: Unable to create '/Users/shubhamarundekatey/ClaudeCode/day10/GitHub-AutoPush-Analytics/.git/index.lock': File exists.\n\nAnother git process seems to be running in this repository, or the lock file may be stale --END--"
2026-07-28 09:43:33,GitHub-AutoPush-Analytics,https://github.com/deka1105/GitHub-AutoPush-Analytics.git,push_log.csv,modified,success,auto-push: push_log.csv [2026-07-28 09:43:31] --END--
2026-07-28 09:43:36,streamPhoneDeck,https://github.com/deka1105/streamPhoneDeck.git,src/app/api/events/route.ts.tmp.91203.4f23ab7aa667,created,error,"git add failed: fatal: Unable to create '/Users/shubhamarundekatey/ClaudeCode/day27/streamPhoneDeck/.git/index.lock': File exists.\n\nAnother git process seems to be running in this repository, or the lock file may be stale --END--"
2026-07-28 09:43:39,streamPhoneDeck,https://github.com/deka1105/streamPhoneDeck.git,src/app/api/events/route.ts.tmp.91203.4f23ab7aa667,created,success,auto-push: route.ts [2026-07-28 09:43:37] --END--
2026-07-28 09:43:39,GitHub-AutoPush-Analytics,https://github.com/deka1105/GitHub-AutoPush-Analytics.git,push_log.csv,modified,success,auto-push: push_log.csv [2026-07-28 09:43:37] --END--
2026-07-28 09:43:41,GitHub-AutoPush-Analytics,https://github.com/deka1105/GitHub-AutoPush-Analytics.git,push_log.csv,modified,success,auto-push: push_log.csv [2026-07-28 09:43:39] --END--
2026-07-28 09:43:45,streamPhoneDeck,https://github.com/deka1105/streamPhoneDeck.git,src/app/layout.tsx.tmp.91203.095c5ae8bf58,created,error,"git add failed: fatal: Unable to create '/Users/shubhamarundekatey/ClaudeCode/day27/streamPhoneDeck/.git/index.lock': File exists.\n\nAnother git process seems to be running in this repository, or the lock file may be stale --END--"
2026-07-28 09:43:47,streamPhoneDeck,https://github.com/deka1105/streamPhoneDeck.git,src/app/layout.tsx.tmp.91203.095c5ae8bf58,created,success,"auto-push: globals.css, layout.tsx [2026-07-28 09:43:45] --END--"
2026-07-28 09:43:48,GitHub-AutoPush-Analytics,https://github.com/deka1105/GitHub-AutoPush-Analytics.git,push_log.csv,modified,success,auto-push: push_log.csv [2026-07-28 09:43:45] --END--
2026-07-28 09:43:50,GitHub-AutoPush-Analytics,https://github.com/deka1105/GitHub-AutoPush-Analytics.git,push_log.csv,modified,success,"auto-push: push_log.csv, watcher.log, watcher.log.1, watcher.log.2, watcher.log.3 [2026-07-28 09:43:48] --END--"
2026-07-28 09:43:53,streamPhoneDeck,https://github.com/deka1105/streamPhoneDeck.git,src/components/DeckButton.tsx.tmp.91203.eb264f97520d,created,error,"git add failed: fatal: Unable to create '/Users/shubhamarundekatey/ClaudeCode/day27/streamPhoneDeck/.git/index.lock': File exists.\n\nAnother git process seems to be running in this repository, or the lock file may be stale --END--"
2026-07-28 09:43:55,GitHub-AutoPush-Analytics,https://github.com/deka1105/GitHub-AutoPush-Analytics.git,push_log.csv,modified,success,auto-push: push_log.csv [2026-07-28 09:43:53] --END--
2026-07-28 09:43:55,streamPhoneDeck,https://github.com/deka1105/streamPhoneDeck.git,src/components/DeckButton.tsx.tmp.91203.eb264f97520d,created,success,auto-push: DeckButton.tsx [2026-07-28 09:43:53] --END--
2026-07-28 09:43:58,GitHub-AutoPush-Analytics,https://github.com/deka1105/GitHub-AutoPush-Analytics.git,push_log.csv,modified,success,auto-push: push_log.csv [2026-07-28 09:43:56] --END--
2026-07-28 09:44:01,GitHub-AutoPush-Analytics,https://github.com/deka1105/GitHub-AutoPush-Analytics.git,push_log.csv,modified,success,"auto-push: push_log.csv, watcher.log, watcher.log.1, watcher.log.2, watcher.log.3 [2026-07-28 09:43:59] --END--"
2026-07-28 09:44:04,GitHub-AutoPush-Analytics,https://github.com/deka1105/GitHub-AutoPush-Analytics.git,push_log.csv,modified,success,auto-push: push_log.csv [2026-07-28 09:44:01] --END--
2026-07-28 09:44:04,streamPhoneDeck,https://github.com/deka1105/streamPhoneDeck.git,src/components/Deck.tsx.tmp.91203.897c98ce8b79,created,success,auto-push: Deck.tsx [2026-07-28 09:44:02] --END--
2026-07-28 09:44:07,GitHub-AutoPush-Analytics,https://github.com/deka1105/GitHub-AutoPush-Analytics.git,push_log.csv,modified,success,auto-push: push_log.csv [2026-07-28 09:44:04] --END--
2026-07-28 09:44:09,GitHub-AutoPush-Analytics,https://github.com/deka1105/GitHub-AutoPush-Analytics.git,push_log.csv,modified,success,auto-push: push_log.csv [2026-07-28 09:44:07] --END--
2026-07-28 09:44:20,streamPhoneDeck,https://github.com/deka1105/streamPhoneDeck.git,src/app/host/page.tsx.tmp.91203.be56cb402727,created,error,"git add failed: fatal: Unable to create '/Users/shubhamarundekatey/ClaudeCode/day27/streamPhoneDeck/.git/index.lock': File exists.\n\nAnother git process seems to be running in this repository, or the lock file may be stale --END--"
2026-07-28 09:44:22,streamPhoneDeck,https://github.com/deka1105/streamPhoneDeck.git,src/app/host/page.tsx.tmp.91203.be56cb402727,created,success,"auto-push: page.tsx, page.tsx [2026-07-28 09:44:20] --END--"
2026-07-28 09:44:22,GitHub-AutoPush-Analytics,https://github.com/deka1105/GitHub-AutoPush-Analytics.git,push_log.csv,modified,success,auto-push: push_log.csv [2026-07-28 09:44:20] --END--
2026-07-28 09:44:25,GitHub-AutoPush-Analytics,https://github.com/deka1105/GitHub-AutoPush-Analytics.git,push_log.csv,modified,success,auto-push: push_log.csv [2026-07-28 09:44:22] --END--
2026-07-28 09:44:28,streamPhoneDeck,https://github.com/deka1105/streamPhoneDeck.git,.gitignore.tmp.91203.a134f6b86f32,created,error,"git add failed: fatal: Unable to create '/Users/shubhamarundekatey/ClaudeCode/day27/streamPhoneDeck/.git/index.lock': File exists.\n\nAnother git process seems to be running in this repository, or the lock file may be stale --END--"
2026-07-28 09:44:30,streamPhoneDeck,https://github.com/deka1105/streamPhoneDeck.git,.gitignore.tmp.91203.a134f6b86f32,created,success,auto-push: .gitignore [2026-07-28 09:44:29] --END--
2026-07-28 09:44:31,GitHub-AutoPush-Analytics,https://github.com/deka1105/GitHub-AutoPush-Analytics.git,push_log.csv,modified,success,auto-push: push_log.csv [2026-07-28 09:44:29] --END--
2026-07-28 09:44:33,GitHub-AutoPush-Analytics,https://github.com/deka1105/GitHub-AutoPush-Analytics.git,push_log.csv,modified,success,auto-push: push_log.csv [2026-07-28 09:44:31] --END--
2026-07-28 09:44:53,streamPhoneDeck,https://github.com/deka1105/streamPhoneDeck.git,README.md.tmp.91203.af23d0257765,created,error,"git add failed: fatal: Unable to create '/Users/shubhamarundekatey/ClaudeCode/day27/streamPhoneDeck/.git/index.lock': File exists.\n\nAnother git process seems to be running in this repository, or the lock file may be stale --END--"
2026-07-28 09:44:55,GitHub-AutoPush-Analytics,https://github.com/deka1105/GitHub-AutoPush-Analytics.git,push_log.csv,modified,success,auto-push: push_log.csv [2026-07-28 09:44:53] --END--
2026-07-28 09:44:55,streamPhoneDeck,https://github.com/deka1105/streamPhoneDeck.git,README.md.tmp.91203.af23d0257765,created,success,auto-push: README.md [2026-07-28 09:44:53] --END--
2026-07-28 09:44:57,GitHub-AutoPush-Analytics,https://github.com/deka1105/GitHub-AutoPush-Analytics.git,push_log.csv,modified,success,auto-push: push_log.csv [2026-07-28 09:44:55] --END--
2026-07-28 09:45:02,streamPhoneDeck,https://github.com/deka1105/streamPhoneDeck.git,.next/lock,created,error,"git add failed: fatal: Unable to create '/Users/shubhamarundekatey/ClaudeCode/day27/streamPhoneDeck/.git/index.lock': File exists.\n\nAnother git process seems to be running in this repository, or the lock file may be stale --END--"
2026-07-28 09:45:02,GitHub-AutoPush-Analytics,https://github.com/deka1105/GitHub-AutoPush-Analytics.git,push_log.csv,modified,error,"git commit failed: On branch main\nYour branch is ahead of 'origin/main' by 1 commit.\n  (use ""git push"" to publish your local commits)\n\nnothing to commit, working tree clean --END--"
2026-07-28 09:45:06,GitHub-AutoPush-Analytics,https://github.com/deka1105/GitHub-AutoPush-Analytics.git,push_log.csv,modified,success,auto-push: push_log.csv [2026-07-28 09:45:02] --END--
2026-07-28 09:45:09,GitHub-AutoPush-Analytics,https://github.com/deka1105/GitHub-AutoPush-Analytics.git,push_log.csv,modified,success,auto-push: push_log.csv [2026-07-28 09:45:07] --END--
2026-07-28 09:45:12,GitHub-AutoPush-Analytics,https://github.com/deka1105/GitHub-AutoPush-Analytics.git,push_log.csv,modified,success,auto-push: push_log.csv [2026-07-28 09:45:09] --END--
2026-07-28 09:45:14,GitHub-AutoPush-Analytics,https://github.com/deka1105/GitHub-AutoPush-Analytics.git,push_log.csv,modified,success,auto-push: push_log.csv [2026-07-28 09:45:12] --END--
2026-07-28 09:45:16,streamPhoneDeck,https://github.com/deka1105/streamPhoneDeck.git,.next/server/functions-config-manifest.json,created,success,auto-push: tsconfig.json [2026-07-28 09:45:14] --END--
2026-07-28 09:45:19,GitHub-AutoPush-Analytics,https://github.com/deka1105/GitHub-AutoPush-Analytics.git,push_log.csv,modified,success,auto-push: push_log.csv [2026-07-28 09:45:16] --END--
2026-07-28 09:45:21,GitHub-AutoPush-Analytics,https://github.com/deka1105/GitHub-AutoPush-Analytics.git,push_log.csv,modified,success,auto-push: push_log.csv [2026-07-28 09:45:19] --END--
2026-07-28 09:47:55,streamPhoneDeck,https://github.com/deka1105/streamPhoneDeck.git,CLAUDE.md.tmp.91203.d7cdf40dcfdb,created,error,"git add failed: fatal: Unable to create '/Users/shubhamarundekatey/ClaudeCode/day27/streamPhoneDeck/.git/index.lock': File exists.\n\nAnother git process seems to be running in this repository, or the lock file may be stale --END--"
2026-07-28 09:47:57,streamPhoneDeck,https://github.com/deka1105/streamPhoneDeck.git,CLAUDE.md.tmp.91203.d7cdf40dcfdb,created,success,auto-push: CLAUDE.md [2026-07-28 09:47:55] --END--
2026-07-28 09:47:58,GitHub-AutoPush-Analytics,https://github.com/deka1105/GitHub-AutoPush-Analytics.git,push_log.csv,modified,success,auto-push: push_log.csv [2026-07-28 09:47:55] --END--
2026-07-28 09:48:00,GitHub-AutoPush-Analytics,https://github.com/deka1105/GitHub-AutoPush-Analytics.git,push_log.csv,modified,success,auto-push: push_log.csv [2026-07-28 09:47:57] --END--
2026-07-28 09:59:19,streamPhoneDeck,https://github.com/deka1105/streamPhoneDeck.git,.next/dev/lock,created,error,"git add failed: fatal: Unable to create '/Users/shubhamarundekatey/ClaudeCode/day27/streamPhoneDeck/.git/index.lock': File exists.\n\nAnother git process seems to be running in this repository, or the lock file may be stale --END--"
2026-07-28 09:59:19,GitHub-AutoPush-Analytics,https://github.com/deka1105/GitHub-AutoPush-Analytics.git,push_log.csv,modified,error,"git add failed: fatal: Unable to create '/Users/shubhamarundekatey/ClaudeCode/day10/GitHub-AutoPush-Analytics/.git/index.lock': File exists.\n\nAnother git process seems to be running in this repository, or the lock file may be stale --END--"
2026-07-28 09:59:22,GitHub-AutoPush-Analytics,https://github.com/deka1105/GitHub-AutoPush-Analytics.git,push_log.csv,modified,success,auto-push: push_log.csv [2026-07-28 09:59:19] --END--
2026-07-28 10:00:18,streamPhoneDeck,https://github.com/deka1105/streamPhoneDeck.git,.next/dev/build/chunks/[root-of-the-server]__1idyowa._.js,created,error,"git add failed: fatal: Unable to create '/Users/shubhamarundekatey/ClaudeCode/day27/streamPhoneDeck/.git/index.lock': File exists.\n\nAnother git process seems to be running in this repository, or the lock file may be stale --END--"
2026-07-28 10:00:21,GitHub-AutoPush-Analytics,https://github.com/deka1105/GitHub-AutoPush-Analytics.git,push_log.csv,modified,success,auto-push: push_log.csv [2026-07-28 10:00:18] --END--
2026-07-28 10:00:23,streamPhoneDeck,https://github.com/deka1105/streamPhoneDeck.git,.next/dev/cache/turbopack/v16.2.12/00000010.sst,created,error,"git add failed: fatal: Unable to create '/Users/shubhamarundekatey/ClaudeCode/day27/streamPhoneDeck/.git/index.lock': File exists.\n\nAnother git process seems to be running in this repository, or the lock file may be stale --END--"
2026-07-28 10:00:24,GitHub-AutoPush-Analytics,https://github.com/deka1105/GitHub-AutoPush-Analytics.git,push_log.csv,modified,error,git commit failed: fatal: cannot lock ref 'HEAD': is at ef5ddc5e05ec2c5d79b34d61acca982d9bf0c884 but expected f27a924989577f15b2ecc7828971721e7a1f4034 --END--
2026-07-28 10:00:27,GitHub-AutoPush-Analytics,https://github.com/deka1105/GitHub-AutoPush-Analytics.git,push_log.csv,modified,success,auto-push: push_log.csv [2026-07-28 10:00:23] --END--
2026-07-28 10:00:30,streamPhoneDeck,https://github.com/deka1105/streamPhoneDeck.git,.next/dev/cache/turbopack/v16.2.12/00000029.sst,created,error,"git add failed: fatal: Unable to create '/Users/shubhamarundekatey/ClaudeCode/day27/streamPhoneDeck/.git/index.lock': File exists.\n\nAnother git process seems to be running in this repository, or the lock file may be stale --END--"
2026-07-28 10:00:30,GitHub-AutoPush-Analytics,https://github.com/deka1105/GitHub-AutoPush-Analytics.git,push_log.csv,modified,error,"git commit failed: On branch main\nYour branch is ahead of 'origin/main' by 1 commit.\n  (use ""git push"" to publish your local commits)\n\nnothing to commit, working tree clean --END--"
2026-07-28 10:00:33,GitHub-AutoPush-Analytics,https://github.com/deka1105/GitHub-AutoPush-Analytics.git,push_log.csv,modified,success,auto-push: push_log.csv [2026-07-28 10:00:30] --END--
2026-07-28 10:01:28,streamPhoneDeck,https://github.com/deka1105/streamPhoneDeck.git,.next/dev/server/app/host/page.js.map,created,error,"git add failed: fatal: Unable to create '/Users/shubhamarundekatey/ClaudeCode/day27/streamPhoneDeck/.git/index.lock': File exists.\n\nAnother git process seems to be running in this repository, or the lock file may be stale --END--"
2026-07-28 10:01:28,GitHub-AutoPush-Analytics,https://github.com/deka1105/GitHub-AutoPush-Analytics.git,push_log.csv,modified,error,"git add failed: fatal: Unable to create '/Users/shubhamarundekatey/ClaudeCode/day10/GitHub-AutoPush-Analytics/.git/index.lock': File exists.\n\nAnother git process seems to be running in this repository, or the lock file may be stale --END--"
2026-07-28 10:01:33,GitHub-AutoPush-Analytics,https://github.com/deka1105/GitHub-AutoPush-Analytics.git,push_log.csv,modified,success,auto-push: push_log.csv [2026-07-28 10:01:29] --END--
2026-07-28 10:01:36,GitHub-AutoPush-Analytics,https://github.com/deka1105/GitHub-AutoPush-Analytics.git,push_log.csv,modified,success,"auto-push: push_log.csv, watcher.log, watcher.log.1, watcher.log.2, watcher.log.3 [2026-07-28 10:01:34] --END--"
2026-07-28 10:01:39,GitHub-AutoPush-Analytics,https://github.com/deka1105/GitHub-AutoPush-Analytics.git,push_log.csv,modified,success,auto-push: push_log.csv [2026-07-28 10:01:36] --END--
2026-07-28 10:01:42,GitHub-AutoPush-Analytics,https://github.com/deka1105/GitHub-AutoPush-Analytics.git,push_log.csv,modified,success,auto-push: push_log.csv [2026-07-28 10:01:39] --END--
2026-07-28 10:01:44,GitHub-AutoPush-Analytics,https://github.com/deka1105/GitHub-AutoPush-Analytics.git,push_log.csv,modified,success,auto-push: push_log.csv [2026-07-28 10:01:42] --END--
2026-07-28 10:01:47,GitHub-AutoPush-Analytics,https://github.com/deka1105/GitHub-AutoPush-Analytics.git,push_log.csv,modified,success,auto-push: push_log.csv [2026-07-28 10:01:44] --END--
2026-07-28 10:01:52,GitHub-AutoPush-Analytics,https://github.com/deka1105/GitHub-AutoPush-Analytics.git,push_log.csv,modified,success,auto-push: push_log.csv [2026-07-28 10:01:48] --END--
2026-07-28 10:01:55,GitHub-AutoPush-Analytics,https://github.com/deka1105/GitHub-AutoPush-Analytics.git,push_log.csv,modified,success,auto-push: push_log.csv [2026-07-28 10:01:52] --END--
2026-07-28 10:01:58,GitHub-AutoPush-Analytics,https://github.com/deka1105/GitHub-AutoPush-Analytics.git,push_log.csv,modified,success,auto-push: push_log.csv [2026-07-28 10:01:55] --END--
2026-07-28 10:02:00,GitHub-AutoPush-Analytics,https://github.com/deka1105/GitHub-AutoPush-Analytics.git,push_log.csv,modified,success,auto-push: push_log.csv [2026-07-28 10:01:58] --END--
2026-07-28 10:02:03,GitHub-AutoPush-Analytics,https://github.com/deka1105/GitHub-AutoPush-Analytics.git,push_log.csv,modified,success,auto-push: push_log.csv [2026-07-28 10:02:00] --END--
2026-07-28 10:02:07,GitHub-AutoPush-Analytics,https://github.com/deka1105/GitHub-AutoPush-Analytics.git,push_log.csv,modified,success,auto-push: push_log.csv [2026-07-28 10:02:03] --END--
2026-07-28 10:02:10,GitHub-AutoPush-Analytics,https://github.com/deka1105/GitHub-AutoPush-Analytics.git,push_log.csv,modified,success,auto-push: push_log.csv [2026-07-28 10:02:07] --END--
2026-07-28 10:02:13,GitHub-AutoPush-Analytics,https://github.com/deka1105/GitHub-AutoPush-Analytics.git,push_log.csv,modified,success,auto-push: push_log.csv [2026-07-28 10:02:10] --END--
2026-07-28 10:02:15,GitHub-AutoPush-Analytics,https://github.com/deka1105/GitHub-AutoPush-Analytics.git,push_log.csv,modified,success,auto-push: push_log.csv [2026-07-28 10:02:13] --END--
2026-07-28 10:02:18,GitHub-AutoPush-Analytics,https://github.com/deka1105/GitHub-AutoPush-Analytics.git,push_log.csv,modified,success,auto-push: push_log.csv [2026-07-28 10:02:16] --END--
2026-07-28 10:02:21,GitHub-AutoPush-Analytics,https://github.com/deka1105/GitHub-AutoPush-Analytics.git,push_log.csv,modified,success,auto-push: push_log.csv [2026-07-28 10:02:18] --END--
2026-07-28 10:02:23,GitHub-AutoPush-Analytics,https://github.com/deka1105/GitHub-AutoPush-Analytics.git,push_log.csv,modified,success,auto-push: push_log.csv [2026-07-28 10:02:21] --END--
2026-07-28 10:02:27,GitHub-AutoPush-Analytics,https://github.com/deka1105/GitHub-AutoPush-Analytics.git,push_log.csv,modified,success,auto-push: push_log.csv [2026-07-28 10:02:24] --END--
2026-07-28 10:02:30,GitHub-AutoPush-Analytics,https://github.com/deka1105/GitHub-AutoPush-Analytics.git,push_log.csv,modified,success,auto-push: push_log.csv [2026-07-28 10:02:27] --END--
2026-07-28 10:02:33,GitHub-AutoPush-Analytics,https://github.com/deka1105/GitHub-AutoPush-Analytics.git,push_log.csv,modified,success,auto-push: push_log.csv [2026-07-28 10:02:30] --END--
2026-07-28 10:02:36,GitHub-AutoPush-Analytics,https://github.com/deka1105/GitHub-AutoPush-Analytics.git,push_log.csv,modified,success,auto-push: push_log.csv [2026-07-28 10:02:33] --END--
2026-07-28 10:02:38,GitHub-AutoPush-Analytics,https://github.com/deka1105/GitHub-AutoPush-Analytics.git,push_log.csv,modified,success,auto-push: push_log.csv [2026-07-28 10:02:36] --END--
2026-07-28 10:02:41,GitHub-AutoPush-Analytics,https://github.com/deka1105/GitHub-AutoPush-Analytics.git,push_log.csv,modified,success,auto-push: push_log.csv [2026-07-28 10:02:39] --END--
2026-07-28 10:02:43,GitHub-AutoPush-Analytics,https://github.com/deka1105/GitHub-AutoPush-Analytics.git,push_log.csv,modified,success,auto-push: push_log.csv [2026-07-28 10:02:41] --END--
2026-07-28 10:05:28,streamPhoneDeck,https://github.com/deka1105/streamPhoneDeck.git,src/lib/buttons.ts.tmp.91203.059bfe8afb44,created,error,"git add failed: fatal: Unable to create '/Users/shubhamarundekatey/ClaudeCode/day27/streamPhoneDeck/.git/index.lock': File exists.\n\nAnother git process seems to be running in this repository, or the lock file may be stale --END--"
2026-07-28 10:05:30,streamPhoneDeck,https://github.com/deka1105/streamPhoneDeck.git,src/lib/buttons.ts.tmp.91203.059bfe8afb44,created,success,auto-push: buttons.ts [2026-07-28 10:05:28] --END--
2026-07-28 10:05:31,GitHub-AutoPush-Analytics,https://github.com/deka1105/GitHub-AutoPush-Analytics.git,push_log.csv,modified,success,auto-push: push_log.csv [2026-07-28 10:05:28] --END--
2026-07-28 10:05:32,GitHub-AutoPush-Analytics,https://github.com/deka1105/GitHub-AutoPush-Analytics.git,push_log.csv,modified,success,auto-push: push_log.csv [2026-07-28 10:05:31] --END--
2026-07-28 10:05:44,streamPhoneDeck,https://github.com/deka1105/streamPhoneDeck.git,src/lib/bus.ts.tmp.91203.891c2859c245,created,error,"git add failed: fatal: Unable to create '/Users/shubhamarundekatey/ClaudeCode/day27/streamPhoneDeck/.git/index.lock': File exists.\n\nAnother git process seems to be running in this repository, or the lock file may be stale --END--"
2026-07-28 10:05:46,GitHub-AutoPush-Analytics,https://github.com/deka1105/GitHub-AutoPush-Analytics.git,push_log.csv,modified,success,auto-push: push_log.csv [2026-07-28 10:05:44] --END--
2026-07-28 10:05:46,streamPhoneDeck,https://github.com/deka1105/streamPhoneDeck.git,src/lib/bus.ts.tmp.91203.891c2859c245,created,success,auto-push: bus.ts [2026-07-28 10:05:44] --END--
2026-07-28 10:05:48,GitHub-AutoPush-Analytics,https://github.com/deka1105/GitHub-AutoPush-Analytics.git,push_log.csv,modified,success,auto-push: push_log.csv [2026-07-28 10:05:46] --END--
2026-07-28 10:05:57,streamPhoneDeck,https://github.com/deka1105/streamPhoneDeck.git,src/app/host/page.tsx.tmp.91203.6331d8e02a6f,created,error,"git add failed: fatal: Unable to create '/Users/shubhamarundekatey/ClaudeCode/day27/streamPhoneDeck/.git/index.lock': File exists.\n\nAnother git process seems to be running in this repository, or the lock file may be stale --END--"
2026-07-28 10:05:59,streamPhoneDeck,https://github.com/deka1105/streamPhoneDeck.git,src/app/host/page.tsx.tmp.91203.6331d8e02a6f,created,success,"auto-push: route.ts, page.tsx [2026-07-28 10:05:57] --END--"
2026-07-28 10:05:59,GitHub-AutoPush-Analytics,https://github.com/deka1105/GitHub-AutoPush-Analytics.git,push_log.csv,modified,success,auto-push: push_log.csv [2026-07-28 10:05:57] --END--
2026-07-28 10:06:01,GitHub-AutoPush-Analytics,https://github.com/deka1105/GitHub-AutoPush-Analytics.git,push_log.csv,modified,success,auto-push: push_log.csv [2026-07-28 10:05:59] --END--
2026-07-28 10:06:09,streamPhoneDeck,https://github.com/deka1105/streamPhoneDeck.git,src/app/host/page.tsx.tmp.91203.8ca5dd12358b,created,error,"git add failed: fatal: Unable to create '/Users/shubhamarundekatey/ClaudeCode/day27/streamPhoneDeck/.git/index.lock': File exists.\n\nAnother git process seems to be running in this repository, or the lock file may be stale --END--"
2026-07-28 10:06:12,streamPhoneDeck,https://github.com/deka1105/streamPhoneDeck.git,src/app/host/page.tsx.tmp.91203.8ca5dd12358b,created,success,auto-push: page.tsx [2026-07-28 10:06:09] --END--
2026-07-28 10:06:12,GitHub-AutoPush-Analytics,https://github.com/deka1105/GitHub-AutoPush-Analytics.git,push_log.csv,modified,success,auto-push: push_log.csv [2026-07-28 10:06:09] --END--
2026-07-28 10:06:14,GitHub-AutoPush-Analytics,https://github.com/deka1105/GitHub-AutoPush-Analytics.git,push_log.csv,modified,success,auto-push: push_log.csv [2026-07-28 10:06:12] --END--
2026-07-28 10:06:18,streamPhoneDeck,https://github.com/deka1105/streamPhoneDeck.git,src/app/host/page.tsx.tmp.91203.9307ac0bf7b1,created,error,"git add failed: fatal: Unable to create '/Users/shubhamarundekatey/ClaudeCode/day27/streamPhoneDeck/.git/index.lock': File exists.\n\nAnother git process seems to be running in this repository, or the lock file may be stale --END--"
2026-07-28 10:06:19,streamPhoneDeck,https://github.com/deka1105/streamPhoneDeck.git,src/app/host/page.tsx.tmp.91203.9307ac0bf7b1,created,success,auto-push: page.tsx [2026-07-28 10:06:18] --END--
2026-07-28 10:06:20,GitHub-AutoPush-Analytics,https://github.com/deka1105/GitHub-AutoPush-Analytics.git,push_log.csv,modified,success,auto-push: push_log.csv [2026-07-28 10:06:18] --END--
2026-07-28 10:06:21,GitHub-AutoPush-Analytics,https://github.com/deka1105/GitHub-AutoPush-Analytics.git,push_log.csv,modified,success,auto-push: push_log.csv [2026-07-28 10:06:19] --END--
2026-07-28 10:06:24,streamPhoneDeck,https://github.com/deka1105/streamPhoneDeck.git,src/app/host/page.tsx.tmp.91203.fc8af90b5d52,created,error,"git add failed: fatal: Unable to create '/Users/shubhamarundekatey/ClaudeCode/day27/streamPhoneDeck/.git/index.lock': File exists.\n\nAnother git process seems to be running in this repository, or the lock file may be stale --END--"
2026-07-28 10:06:25,streamPhoneDeck,https://github.com/deka1105/streamPhoneDeck.git,src/app/host/page.tsx.tmp.91203.fc8af90b5d52,created,success,auto-push: page.tsx [2026-07-28 10:06:24] --END--
2026-07-28 10:06:26,GitHub-AutoPush-Analytics,https://github.com/deka1105/GitHub-AutoPush-Analytics.git,push_log.csv,modified,success,auto-push: push_log.csv [2026-07-28 10:06:24] --END--
2026-07-28 10:06:27,GitHub-AutoPush-Analytics,https://github.com/deka1105/GitHub-AutoPush-Analytics.git,push_log.csv,modified,success,"auto-push: push_log.csv, watcher.log, watcher.log.1, watcher.log.2, watcher.log.3 [2026-07-28 10:06:26] --END--"
2026-07-28 10:06:33,streamPhoneDeck,https://github.com/deka1105/streamPhoneDeck.git,src/components/Deck.tsx.tmp.91203.d988e62d3070,created,error,"git add failed: fatal: Unable to create '/Users/shubhamarundekatey/ClaudeCode/day27/streamPhoneDeck/.git/index.lock': File exists.\n\nAnother git process seems to be running in this repository, or the lock file may be stale --END--"
2026-07-28 10:06:35,streamPhoneDeck,https://github.com/deka1105/streamPhoneDeck.git,src/components/Deck.tsx.tmp.91203.d988e62d3070,created,success,auto-push: Deck.tsx [2026-07-28 10:06:33] --END--
2026-07-28 10:06:35,GitHub-AutoPush-Analytics,https://github.com/deka1105/GitHub-AutoPush-Analytics.git,push_log.csv,modified,success,auto-push: push_log.csv [2026-07-28 10:06:33] --END--
2026-07-28 10:06:37,GitHub-AutoPush-Analytics,https://github.com/deka1105/GitHub-AutoPush-Analytics.git,push_log.csv,modified,success,auto-push: push_log.csv [2026-07-28 10:06:35] --END--
2026-07-28 10:07:04,streamPhoneDeck,https://github.com/deka1105/streamPhoneDeck.git,host-agent/agent.mjs.tmp.91203.cf95776f918e,created,error,"git add failed: fatal: Unable to create '/Users/shubhamarundekatey/ClaudeCode/day27/streamPhoneDeck/.git/index.lock': File exists.\n\nAnother git process seems to be running in this repository, or the lock file may be stale --END--"
2026-07-28 10:07:07,streamPhoneDeck,https://github.com/deka1105/streamPhoneDeck.git,host-agent/agent.mjs.tmp.91203.cf95776f918e,created,success,auto-push: agent.mjs [2026-07-28 10:07:04] --END--
2026-07-28 10:07:07,GitHub-AutoPush-Analytics,https://github.com/deka1105/GitHub-AutoPush-Analytics.git,push_log.csv,modified,success,auto-push: push_log.csv [2026-07-28 10:07:04] --END--
2026-07-28 10:07:09,GitHub-AutoPush-Analytics,https://github.com/deka1105/GitHub-AutoPush-Analytics.git,push_log.csv,modified,success,"auto-push: push_log.csv, watcher.log, watcher.log.1, watcher.log.2, watcher.log.3 [2026-07-28 10:07:07] --END--"
2026-07-28 10:07:11,GitHub-AutoPush-Analytics,https://github.com/deka1105/GitHub-AutoPush-Analytics.git,push_log.csv,modified,success,auto-push: push_log.csv [2026-07-28 10:07:09] --END--
2026-07-28 10:07:12,streamPhoneDeck,https://github.com/deka1105/streamPhoneDeck.git,package.json.tmp.91203.2c65a8a9238d,created,success,auto-push: package.json [2026-07-28 10:07:09] --END--
2026-07-28 10:07:14,GitHub-AutoPush-Analytics,https://github.com/deka1105/GitHub-AutoPush-Analytics.git,push_log.csv,modified,success,auto-push: push_log.csv [2026-07-28 10:07:12] --END--
2026-07-28 10:07:31,streamPhoneDeck,https://github.com/deka1105/streamPhoneDeck.git,host-agent/agent.mjs.tmp.91203.686a3760bf1c,created,error,"git add failed: fatal: Unable to create '/Users/shubhamarundekatey/ClaudeCode/day27/streamPhoneDeck/.git/index.lock': File exists.\n\nAnother git process seems to be running in this repository, or the lock file may be stale --END--"
2026-07-28 10:07:33,streamPhoneDeck,https://github.com/deka1105/streamPhoneDeck.git,host-agent/agent.mjs.tmp.91203.686a3760bf1c,created,success,auto-push: agent.mjs [2026-07-28 10:07:31] --END--
2026-07-28 10:07:33,GitHub-AutoPush-Analytics,https://github.com/deka1105/GitHub-AutoPush-Analytics.git,push_log.csv,modified,success,auto-push: push_log.csv [2026-07-28 10:07:31] --END--
2026-07-28 10:07:35,GitHub-AutoPush-Analytics,https://github.com/deka1105/GitHub-AutoPush-Analytics.git,push_log.csv,modified,success,auto-push: push_log.csv [2026-07-28 10:07:33] --END--
2026-07-28 10:07:39,streamPhoneDeck,https://github.com/deka1105/streamPhoneDeck.git,host-agent/agent.mjs.tmp.91203.f69ac441ea38,created,error,"git add failed: fatal: Unable to create '/Users/shubhamarundekatey/ClaudeCode/day27/streamPhoneDeck/.git/index.lock': File exists.\n\nAnother git process seems to be running in this repository, or the lock file may be stale --END--"
2026-07-28 10:07:41,streamPhoneDeck,https://github.com/deka1105/streamPhoneDeck.git,host-agent/agent.mjs.tmp.91203.f69ac441ea38,created,success,auto-push: agent.mjs [2026-07-28 10:07:39] --END--
2026-07-28 10:07:41,GitHub-AutoPush-Analytics,https://github.com/deka1105/GitHub-AutoPush-Analytics.git,push_log.csv,modified,success,auto-push: push_log.csv [2026-07-28 10:07:39] --END--
2026-07-28 10:07:43,GitHub-AutoPush-Analytics,https://github.com/deka1105/GitHub-AutoPush-Analytics.git,push_log.csv,modified,success,auto-push: push_log.csv [2026-07-28 10:07:41] --END--
2026-07-28 10:07:44,streamPhoneDeck,https://github.com/deka1105/streamPhoneDeck.git,.next/lock,created,error,"git add failed: fatal: Unable to create '/Users/shubhamarundekatey/ClaudeCode/day27/streamPhoneDeck/.git/index.lock': File exists.\n\nAnother git process seems to be running in this repository, or the lock file may be stale --END--"
2026-07-28 10:07:46,GitHub-AutoPush-Analytics,https://github.com/deka1105/GitHub-AutoPush-Analytics.git,push_log.csv,modified,success,auto-push: push_log.csv [2026-07-28 10:07:44] --END--
2026-07-28 10:07:49,GitHub-AutoPush-Analytics,https://github.com/deka1105/GitHub-AutoPush-Analytics.git,push_log.csv,modified,success,auto-push: push_log.csv [2026-07-28 10:07:47] --END--
2026-07-28 10:07:50,streamPhoneDeck,https://github.com/deka1105/streamPhoneDeck.git,.next/required-server-files.json,created,error,"git add failed: fatal: Unable to create '/Users/shubhamarundekatey/ClaudeCode/day27/streamPhoneDeck/.git/index.lock': File exists.\n\nAnother git process seems to be running in this repository, or the lock file may be stale --END--"
2026-07-28 10:07:52,GitHub-AutoPush-Analytics,https://github.com/deka1105/GitHub-AutoPush-Analytics.git,push_log.csv,modified,success,auto-push: push_log.csv [2026-07-28 10:07:50] --END--
2026-07-28 10:07:54,GitHub-AutoPush-Analytics,https://github.com/deka1105/GitHub-AutoPush-Analytics.git,push_log.csv,modified,success,auto-push: push_log.csv [2026-07-28 10:07:52] --END--
2026-07-28 10:08:00,streamPhoneDeck,https://github.com/deka1105/streamPhoneDeck.git,host-agent/agent.mjs.tmp.91203.251b08f60081,created,error,"git add failed: fatal: Unable to create '/Users/shubhamarundekatey/ClaudeCode/day27/streamPhoneDeck/.git/index.lock': File exists.\n\nAnother git process seems to be running in this repository, or the lock file may be stale --END--"
2026-07-28 10:08:02,streamPhoneDeck,https://github.com/deka1105/streamPhoneDeck.git,host-agent/agent.mjs.tmp.91203.251b08f60081,created,success,auto-push: agent.mjs [2026-07-28 10:08:00] --END--
2026-07-28 10:08:03,GitHub-AutoPush-Analytics,https://github.com/deka1105/GitHub-AutoPush-Analytics.git,push_log.csv,modified,success,auto-push: push_log.csv [2026-07-28 10:08:00] --END--
2026-07-28 10:08:04,GitHub-AutoPush-Analytics,https://github.com/deka1105/GitHub-AutoPush-Analytics.git,push_log.csv,modified,success,auto-push: push_log.csv [2026-07-28 10:08:02] --END--
2026-07-28 10:09:21,streamPhoneDeck,https://github.com/deka1105/streamPhoneDeck.git,README.md.tmp.91203.cd68923bb95a,created,error,"git add failed: fatal: Unable to create '/Users/shubhamarundekatey/ClaudeCode/day27/streamPhoneDeck/.git/index.lock': File exists.\n\nAnother git process seems to be running in this repository, or the lock file may be stale --END--"
2026-07-28 10:09:24,GitHub-AutoPush-Analytics,https://github.com/deka1105/GitHub-AutoPush-Analytics.git,push_log.csv,modified,success,auto-push: push_log.csv [2026-07-28 10:09:21] --END--
2026-07-28 10:09:24,streamPhoneDeck,https://github.com/deka1105/streamPhoneDeck.git,README.md.tmp.91203.cd68923bb95a,created,success,"auto-push: README.md, agent.mjs [2026-07-28 10:09:21] --END--"
2026-07-28 10:09:26,GitHub-AutoPush-Analytics,https://github.com/deka1105/GitHub-AutoPush-Analytics.git,push_log.csv,modified,success,auto-push: push_log.csv [2026-07-28 10:09:24] --END--
2026-07-28 10:09:29,GitHub-AutoPush-Analytics,https://github.com/deka1105/GitHub-AutoPush-Analytics.git,push_log.csv,modified,success,auto-push: push_log.csv [2026-07-28 10:09:26] --END--
2026-07-28 10:09:31,GitHub-AutoPush-Analytics,https://github.com/deka1105/GitHub-AutoPush-Analytics.git,push_log.csv,modified,success,auto-push: push_log.csv [2026-07-28 10:09:29] --END--
2026-07-28 10:09:54,streamPhoneDeck,https://github.com/deka1105/streamPhoneDeck.git,CLAUDE.md.tmp.91203.1e0aff7b40a3,created,error,"git add failed: fatal: Unable to create '/Users/shubhamarundekatey/ClaudeCode/day27/streamPhoneDeck/.git/index.lock': File exists.\n\nAnother git process seems to be running in this repository, or the lock file may be stale --END--"
2026-07-28 10:09:56,streamPhoneDeck,https://github.com/deka1105/streamPhoneDeck.git,CLAUDE.md.tmp.91203.1e0aff7b40a3,created,success,auto-push: CLAUDE.md [2026-07-28 10:09:54] --END--
2026-07-28 10:09:57,GitHub-AutoPush-Analytics,https://github.com/deka1105/GitHub-AutoPush-Analytics.git,push_log.csv,modified,success,auto-push: push_log.csv [2026-07-28 10:09:54] --END--
2026-07-28 10:09:59,GitHub-AutoPush-Analytics,https://github.com/deka1105/GitHub-AutoPush-Analytics.git,push_log.csv,modified,success,auto-push: push_log.csv [2026-07-28 10:09:57] --END--
2026-07-28 10:10:52,streamPhoneDeck,https://github.com/deka1105/streamPhoneDeck.git,eslint.config.mjs.tmp.91203.c9990bbf7498,created,error,"git add failed: fatal: Unable to create '/Users/shubhamarundekatey/ClaudeCode/day27/streamPhoneDeck/.git/index.lock': File exists.\n\nAnother git process seems to be running in this repository, or the lock file may be stale --END--"
2026-07-28 10:10:56,streamPhoneDeck,https://github.com/deka1105/streamPhoneDeck.git,eslint.config.mjs.tmp.91203.c9990bbf7498,created,success,auto-push: eslint.config.mjs [2026-07-28 10:10:53] --END--
2026-07-28 10:10:57,GitHub-AutoPush-Analytics,https://github.com/deka1105/GitHub-AutoPush-Analytics.git,push_log.csv,modified,success,auto-push: push_log.csv [2026-07-28 10:10:53] --END--
2026-07-28 10:10:58,GitHub-AutoPush-Analytics,https://github.com/deka1105/GitHub-AutoPush-Analytics.git,push_log.csv,modified,error,"git add failed: fatal: Unable to create '/Users/shubhamarundekatey/ClaudeCode/day10/GitHub-AutoPush-Analytics/.git/index.lock': File exists.\n\nAnother git process seems to be running in this repository, or the lock file may be stale --END--"
2026-07-28 10:11:01,GitHub-AutoPush-Analytics,https://github.com/deka1105/GitHub-AutoPush-Analytics.git,push_log.csv,modified,success,auto-push: push_log.csv [2026-07-28 10:10:56] --END--
2026-07-28 10:11:03,streamPhoneDeck,https://github.com/deka1105/streamPhoneDeck.git,package.json.tmp.91203.6aaeb6ab72d4,created,success,auto-push: package.json [2026-07-28 10:11:01] --END--
2026-07-28 10:11:04,GitHub-AutoPush-Analytics,https://github.com/deka1105/GitHub-AutoPush-Analytics.git,push_log.csv,modified,error,"git add failed: fatal: Unable to create '/Users/shubhamarundekatey/ClaudeCode/day10/GitHub-AutoPush-Analytics/.git/index.lock': File exists.\n\nAnother git process seems to be running in this repository, or the lock file may be stale --END--"
2026-07-28 10:11:07,GitHub-AutoPush-Analytics,https://github.com/deka1105/GitHub-AutoPush-Analytics.git,push_log.csv,modified,success,auto-push: push_log.csv [2026-07-28 10:11:04] --END--
2026-07-28 10:11:37,streamPhoneDeck,https://github.com/deka1105/streamPhoneDeck.git,.next/lock,created,error,"git add failed: fatal: Unable to create '/Users/shubhamarundekatey/ClaudeCode/day27/streamPhoneDeck/.git/index.lock': File exists.\n\nAnother git process seems to be running in this repository, or the lock file may be stale --END--"
2026-07-28 10:11:37,GitHub-AutoPush-Analytics,https://github.com/deka1105/GitHub-AutoPush-Analytics.git,watcher.log,modified,error,"git add failed: fatal: Unable to create '/Users/shubhamarundekatey/ClaudeCode/day10/GitHub-AutoPush-Analytics/.git/index.lock': File exists.\n\nAnother git process seems to be running in this repository, or the lock file may be stale --END--"
2026-07-28 10:11:41,GitHub-AutoPush-Analytics,https://github.com/deka1105/GitHub-AutoPush-Analytics.git,watcher.log,modified,success,"auto-push: push_log.csv, watcher.log, watcher.log.1, watcher.log.2, watcher.log.3 [2026-07-28 10:11:37] --END--"
2026-07-28 10:11:42,streamPhoneDeck,https://github.com/deka1105/streamPhoneDeck.git,.next/server/chunks/ssr/[root-of-the-server]__1jhukz4._.js.map,created,error,"git add failed: fatal: Unable to create '/Users/shubhamarundekatey/ClaudeCode/day27/streamPhoneDeck/.git/index.lock': File exists.\n\nAnother git process seems to be running in this repository, or the lock file may be stale --END--"
2026-07-28 10:11:46,GitHub-AutoPush-Analytics,https://github.com/deka1105/GitHub-AutoPush-Analytics.git,push_log.csv,modified,success,"auto-push: push_log.csv, watcher.log [2026-07-28 10:11:42] --END--"
2026-07-28 10:11:48,streamPhoneDeck,https://github.com/deka1105/streamPhoneDeck.git,.next/server/functions-config-manifest.json,created,error,"git add failed: fatal: Unable to create '/Users/shubhamarundekatey/ClaudeCode/day27/streamPhoneDeck/.git/index.lock': File exists.\n\nAnother git process seems to be running in this repository, or the lock file may be stale --END--"
2026-07-28 10:11:50,GitHub-AutoPush-Analytics,https://github.com/deka1105/GitHub-AutoPush-Analytics.git,push_log.csv,modified,success,"auto-push: push_log.csv, watcher.log, watcher.log.1, watcher.log.2, watcher.log.3 [2026-07-28 10:11:48] --END--"
2026-07-28 10:11:53,GitHub-AutoPush-Analytics,https://github.com/deka1105/GitHub-AutoPush-Analytics.git,push_log.csv,modified,success,auto-push: push_log.csv [2026-07-28 10:11:51] --END--
2026-07-28 10:11:55,GitHub-AutoPush-Analytics,https://github.com/deka1105/GitHub-AutoPush-Analytics.git,push_log.csv,modified,success,auto-push: push_log.csv [2026-07-28 10:11:53] --END--
2026-07-28 10:22:51,streamPhoneDeck,https://github.com/deka1105/streamPhoneDeck.git,.next/dev/lock,created,error,"git add failed: fatal: Unable to create '/Users/shubhamarundekatey/ClaudeCode/day27/streamPhoneDeck/.git/index.lock': File exists.\n\nAnother git process seems to be running in this repository, or the lock file may be stale --END--"
2026-07-28 10:22:51,GitHub-AutoPush-Analytics,https://github.com/deka1105/GitHub-AutoPush-Analytics.git,push_log.csv,modified,error,"git add failed: fatal: Unable to create '/Users/shubhamarundekatey/ClaudeCode/day10/GitHub-AutoPush-Analytics/.git/index.lock': File exists.\n\nAnother git process seems to be running in this repository, or the lock file may be stale --END--"
2026-07-28 10:22:54,GitHub-AutoPush-Analytics,https://github.com/deka1105/GitHub-AutoPush-Analytics.git,push_log.csv,modified,success,auto-push: push_log.csv [2026-07-28 10:22:51] --END--
2026-07-28 10:23:02,streamPhoneDeck,https://github.com/deka1105/streamPhoneDeck.git,.next/dev/server/server-reference-manifest.json.tmp.dl0zdo7wjap,created,error,"git add failed: fatal: Unable to create '/Users/shubhamarundekatey/ClaudeCode/day27/streamPhoneDeck/.git/index.lock': File exists.\n\nAnother git process seems to be running in this repository, or the lock file may be stale --END--"
2026-07-28 10:23:02,GitHub-AutoPush-Analytics,https://github.com/deka1105/GitHub-AutoPush-Analytics.git,push_log.csv,modified,error,"git commit failed: On branch main\nYour branch is ahead of 'origin/main' by 1 commit.\n  (use ""git push"" to publish your local commits)\n\nnothing to commit, working tree clean --END--"
2026-07-28 10:23:09,GitHub-AutoPush-Analytics,https://github.com/deka1105/GitHub-AutoPush-Analytics.git,push_log.csv,modified,success,auto-push: push_log.csv [2026-07-28 10:23:02] --END--
2026-07-28 10:23:13,GitHub-AutoPush-Analytics,https://github.com/deka1105/GitHub-AutoPush-Analytics.git,push_log.csv,modified,success,auto-push: push_log.csv [2026-07-28 10:23:10] --END--
2026-07-28 10:24:07,streamPhoneDeck,https://github.com/deka1105/streamPhoneDeck.git,.next/dev/cache/turbopack/v16.2.12/00000076.sst,created,error,"git add failed: fatal: Unable to create '/Users/shubhamarundekatey/ClaudeCode/day27/streamPhoneDeck/.git/index.lock': File exists.\n\nAnother git process seems to be running in this repository, or the lock file may be stale --END--"
2026-07-28 10:24:08,GitHub-AutoPush-Analytics,https://github.com/deka1105/GitHub-AutoPush-Analytics.git,push_log.csv,modified,error,"git commit failed: On branch main\nYour branch is ahead of 'origin/main' by 1 commit.\n  (use ""git push"" to publish your local commits)\n\nnothing to commit, working tree clean --END--"
2026-07-28 10:24:11,GitHub-AutoPush-Analytics,https://github.com/deka1105/GitHub-AutoPush-Analytics.git,push_log.csv,modified,success,auto-push: push_log.csv [2026-07-28 10:24:08] --END--
2026-07-28 10:24:50,streamPhoneDeck,https://github.com/deka1105/streamPhoneDeck.git,.next/dev/server/chunks/ClaudeCode_day27_streamPhoneDeck_src_app_api_action_route_ts_0q975ne._.js.map,created,error,"git add failed: fatal: Unable to create '/Users/shubhamarundekatey/ClaudeCode/day27/streamPhoneDeck/.git/index.lock': File exists.\n\nAnother git process seems to be running in this repository, or the lock file may be stale --END--"
2026-07-28 10:24:50,GitHub-AutoPush-Analytics,https://github.com/deka1105/GitHub-AutoPush-Analytics.git,push_log.csv,modified,error,"git commit failed: fatal: Unable to create '/Users/shubhamarundekatey/ClaudeCode/day10/GitHub-AutoPush-Analytics/.git/index.lock': File exists.\n\nAnother git process seems to be running in this repository, or the lock file may be stale --END--"
2026-07-28 10:24:55,GitHub-AutoPush-Analytics,https://github.com/deka1105/GitHub-AutoPush-Analytics.git,push_log.csv,modified,success,auto-push: push_log.csv [2026-07-28 10:24:50] --END--
2026-07-28 10:26:21,streamPhoneDeck,https://github.com/deka1105/streamPhoneDeck.git,.next/dev/server/server-reference-manifest.json.tmp.09xmpw7n4zdi,created,error,"git add failed: fatal: Unable to create '/Users/shubhamarundekatey/ClaudeCode/day27/streamPhoneDeck/.git/index.lock': File exists.\n\nAnother git process seems to be running in this repository, or the lock file may be stale --END--"
2026-07-28 10:26:22,GitHub-AutoPush-Analytics,https://github.com/deka1105/GitHub-AutoPush-Analytics.git,push_log.csv,modified,error,"git commit failed: On branch main\nYour branch is ahead of 'origin/main' by 1 commit.\n  (use ""git push"" to publish your local commits)\n\nnothing to commit, working tree clean --END--"
2026-07-28 10:26:26,GitHub-AutoPush-Analytics,https://github.com/deka1105/GitHub-AutoPush-Analytics.git,push_log.csv,modified,success,auto-push: push_log.csv [2026-07-28 10:26:21] --END--
2026-07-28 10:26:30,GitHub-AutoPush-Analytics,https://github.com/deka1105/GitHub-AutoPush-Analytics.git,push_log.csv,modified,success,auto-push: push_log.csv [2026-07-28 10:26:27] --END--
2026-07-28 10:26:34,GitHub-AutoPush-Analytics,https://github.com/deka1105/GitHub-AutoPush-Analytics.git,push_log.csv,modified,success,auto-push: push_log.csv [2026-07-28 10:26:30] --END--
2026-07-28 10:26:37,GitHub-AutoPush-Analytics,https://github.com/deka1105/GitHub-AutoPush-Analytics.git,push_log.csv,modified,success,auto-push: push_log.csv [2026-07-28 10:26:34] --END--
2026-07-28 10:26:42,GitHub-AutoPush-Analytics,https://github.com/deka1105/GitHub-AutoPush-Analytics.git,push_log.csv,modified,success,auto-push: push_log.csv [2026-07-28 10:26:38] --END--
2026-07-28 10:26:43,GitHub-AutoPush-Analytics,https://github.com/deka1105/GitHub-AutoPush-Analytics.git,push_log.csv,modified,error,"git commit failed: On branch main\nYour branch is ahead of 'origin/main' by 1 commit.\n  (use ""git push"" to publish your local commits)\n\nnothing to commit, working tree clean --END--"
2026-07-28 10:26:48,GitHub-AutoPush-Analytics,https://github.com/deka1105/GitHub-AutoPush-Analytics.git,push_log.csv,modified,success,auto-push: push_log.csv [2026-07-28 10:26:43] --END--
2026-07-28 10:26:52,GitHub-AutoPush-Analytics,https://github.com/deka1105/GitHub-AutoPush-Analytics.git,push_log.csv,modified,success,auto-push: push_log.csv [2026-07-28 10:26:48] --END--
2026-07-28 10:26:55,GitHub-AutoPush-Analytics,https://github.com/deka1105/GitHub-AutoPush-Analytics.git,push_log.csv,modified,success,auto-push: push_log.csv [2026-07-28 10:26:52] --END--
2026-07-28 10:27:00,GitHub-AutoPush-Analytics,https://github.com/deka1105/GitHub-AutoPush-Analytics.git,push_log.csv,modified,success,auto-push: push_log.csv [2026-07-28 10:26:56] --END--
2026-07-28 10:27:04,GitHub-AutoPush-Analytics,https://github.com/deka1105/GitHub-AutoPush-Analytics.git,push_log.csv,modified,success,auto-push: push_log.csv [2026-07-28 10:27:00] --END--
2026-07-28 10:27:09,GitHub-AutoPush-Analytics,https://github.com/deka1105/GitHub-AutoPush-Analytics.git,push_log.csv,modified,success,auto-push: push_log.csv [2026-07-28 10:27:05] --END--
2026-07-28 10:27:13,GitHub-AutoPush-Analytics,https://github.com/deka1105/GitHub-AutoPush-Analytics.git,push_log.csv,modified,success,auto-push: push_log.csv [2026-07-28 10:27:09] --END--
2026-07-28 10:59:52,streamPhoneDeck,https://github.com/deka1105/streamPhoneDeck.git,.next/dev/lock,modified,error,"git add failed: fatal: Unable to create '/Users/shubhamarundekatey/ClaudeCode/day27/streamPhoneDeck/.git/index.lock': File exists.\n\nAnother git process seems to be running in this repository, or the lock file may be stale --END--"
2026-07-28 10:59:52,GitHub-AutoPush-Analytics,https://github.com/deka1105/GitHub-AutoPush-Analytics.git,push_log.csv,modified,error,"git add failed: fatal: Unable to create '/Users/shubhamarundekatey/ClaudeCode/day10/GitHub-AutoPush-Analytics/.git/index.lock': File exists.\n\nAnother git process seems to be running in this repository, or the lock file may be stale --END--"
2026-07-28 10:59:56,GitHub-AutoPush-Analytics,https://github.com/deka1105/GitHub-AutoPush-Analytics.git,push_log.csv,modified,success,auto-push: push_log.csv [2026-07-28 10:59:52] --END--
2026-07-28 11:00:00,GitHub-AutoPush-Analytics,https://github.com/deka1105/GitHub-AutoPush-Analytics.git,push_log.csv,modified,success,auto-push: push_log.csv [2026-07-28 10:59:57] --END--
2026-07-28 11:00:05,GitHub-AutoPush-Analytics,https://github.com/deka1105/GitHub-AutoPush-Analytics.git,push_log.csv,modified,success,auto-push: push_log.csv [2026-07-28 11:00:01] --END--
2026-07-28 11:00:09,GitHub-AutoPush-Analytics,https://github.com/deka1105/GitHub-AutoPush-Analytics.git,push_log.csv,modified,success,auto-push: push_log.csv [2026-07-28 11:00:05] --END--
2026-07-28 11:00:14,GitHub-AutoPush-Analytics,https://github.com/deka1105/GitHub-AutoPush-Analytics.git,push_log.csv,modified,success,auto-push: push_log.csv [2026-07-28 11:00:10] --END--
2026-07-28 11:00:17,GitHub-AutoPush-Analytics,https://github.com/deka1105/GitHub-AutoPush-Analytics.git,push_log.csv,modified,success,auto-push: push_log.csv [2026-07-28 11:00:14] --END--
2026-07-28 11:00:21,GitHub-AutoPush-Analytics,https://github.com/deka1105/GitHub-AutoPush-Analytics.git,push_log.csv,modified,success,auto-push: push_log.csv [2026-07-28 11:00:17] --END--
2026-07-28 11:00:25,GitHub-AutoPush-Analytics,https://github.com/deka1105/GitHub-AutoPush-Analytics.git,push_log.csv,modified,success,auto-push: push_log.csv [2026-07-28 11:00:21] --END--
2026-07-28 11:00:29,GitHub-AutoPush-Analytics,https://github.com/deka1105/GitHub-AutoPush-Analytics.git,watcher.log,modified,success,"auto-push: push_log.csv, watcher.log, watcher.log.1, watcher.log.2, watcher.log.3 [2026-07-28 11:00:26] --END--"
2026-07-28 11:00:32,GitHub-AutoPush-Analytics,https://github.com/deka1105/GitHub-AutoPush-Analytics.git,push_log.csv,modified,success,auto-push: push_log.csv [2026-07-28 11:00:29] --END--
2026-07-28 11:00:34,GitHub-AutoPush-Analytics,https://github.com/deka1105/GitHub-AutoPush-Analytics.git,push_log.csv,modified,success,auto-push: push_log.csv [2026-07-28 11:00:32] --END--
2026-07-28 11:00:37,GitHub-AutoPush-Analytics,https://github.com/deka1105/GitHub-AutoPush-Analytics.git,push_log.csv,modified,success,auto-push: push_log.csv [2026-07-28 11:00:35] --END--
2026-07-28 11:00:42,GitHub-AutoPush-Analytics,https://github.com/deka1105/GitHub-AutoPush-Analytics.git,push_log.csv,modified,success,auto-push: push_log.csv [2026-07-28 11:00:38] --END--
2026-07-28 11:00:44,GitHub-AutoPush-Analytics,https://github.com/deka1105/GitHub-AutoPush-Analytics.git,push_log.csv,modified,success,"auto-push: push_log.csv, watcher.log, watcher.log.1, watcher.log.2, watcher.log.3 [2026-07-28 11:00:42] --END--"
2026-07-28 11:00:47,GitHub-AutoPush-Analytics,https://github.com/deka1105/GitHub-AutoPush-Analytics.git,push_log.csv,modified,success,auto-push: push_log.csv [2026-07-28 11:00:44] --END--
2026-07-28 11:00:49,GitHub-AutoPush-Analytics,https://github.com/deka1105/GitHub-AutoPush-Analytics.git,push_log.csv,modified,success,auto-push: push_log.csv [2026-07-28 11:00:47] --END--
2026-07-28 11:00:53,GitHub-AutoPush-Analytics,https://github.com/deka1105/GitHub-AutoPush-Analytics.git,push_log.csv,modified,success,auto-push: push_log.csv [2026-07-28 11:00:50] --END--
2026-07-28 11:00:55,GitHub-AutoPush-Analytics,https://github.com/deka1105/GitHub-AutoPush-Analytics.git,push_log.csv,modified,success,auto-push: push_log.csv [2026-07-28 11:00:53] --END--
2026-07-28 11:00:58,GitHub-AutoPush-Analytics,https://github.com/deka1105/GitHub-AutoPush-Analytics.git,push_log.csv,modified,success,auto-push: push_log.csv [2026-07-28 11:00:56] --END--
2026-07-28 11:01:00,GitHub-AutoPush-Analytics,https://github.com/deka1105/GitHub-AutoPush-Analytics.git,push_log.csv,modified,success,auto-push: push_log.csv [2026-07-28 11:00:58] --END--
2026-07-28 11:01:03,GitHub-AutoPush-Analytics,https://github.com/deka1105/GitHub-AutoPush-Analytics.git,push_log.csv,modified,success,auto-push: push_log.csv [2026-07-28 11:01:01] --END--
2026-07-28 11:01:06,GitHub-AutoPush-Analytics,https://github.com/deka1105/GitHub-AutoPush-Analytics.git,push_log.csv,modified,success,auto-push: push_log.csv [2026-07-28 11:01:03] --END--
2026-07-28 11:01:08,GitHub-AutoPush-Analytics,https://github.com/deka1105/GitHub-AutoPush-Analytics.git,push_log.csv,modified,success,auto-push: push_log.csv [2026-07-28 11:01:06] --END--
2026-07-28 11:01:11,GitHub-AutoPush-Analytics,https://github.com/deka1105/GitHub-AutoPush-Analytics.git,push_log.csv,modified,success,auto-push: push_log.csv [2026-07-28 11:01:08] --END--
2026-07-28 11:03:56,streamPhoneDeck,https://github.com/deka1105/streamPhoneDeck.git,src/lib/keys.ts.tmp.91203.3726e51476a9,created,error,"git add failed: fatal: Unable to create '/Users/shubhamarundekatey/ClaudeCode/day27/streamPhoneDeck/.git/index.lock': File exists.\n\nAnother git process seems to be running in this repository, or the lock file may be stale --END--"
2026-07-28 11:03:58,GitHub-AutoPush-Analytics,https://github.com/deka1105/GitHub-AutoPush-Analytics.git,push_log.csv,modified,success,auto-push: push_log.csv [2026-07-28 11:03:56] --END--
2026-07-28 11:03:58,streamPhoneDeck,https://github.com/deka1105/streamPhoneDeck.git,src/lib/keys.ts.tmp.91203.3726e51476a9,created,success,auto-push: keys.ts [2026-07-28 11:03:56] --END--
2026-07-28 11:04:01,GitHub-AutoPush-Analytics,https://github.com/deka1105/GitHub-AutoPush-Analytics.git,push_log.csv,modified,success,auto-push: push_log.csv [2026-07-28 11:03:58] --END--
2026-07-28 11:04:30,streamPhoneDeck,https://github.com/deka1105/streamPhoneDeck.git,src/lib/buttons.ts.tmp.91203.88fc6655fc25,created,error,"git add failed: fatal: Unable to create '/Users/shubhamarundekatey/ClaudeCode/day27/streamPhoneDeck/.git/index.lock': File exists.\n\nAnother git process seems to be running in this repository, or the lock file may be stale --END--"
2026-07-28 11:04:33,GitHub-AutoPush-Analytics,https://github.com/deka1105/GitHub-AutoPush-Analytics.git,push_log.csv,modified,success,auto-push: push_log.csv [2026-07-28 11:04:30] --END--
2026-07-28 11:04:35,streamPhoneDeck,https://github.com/deka1105/streamPhoneDeck.git,src/lib/buttons.ts.tmp.91203.88fc6655fc25,created,success,auto-push: buttons.ts [2026-07-28 11:04:30] --END--
2026-07-28 11:04:37,GitHub-AutoPush-Analytics,https://github.com/deka1105/GitHub-AutoPush-Analytics.git,push_log.csv,modified,success,auto-push: push_log.csv [2026-07-28 11:04:35] --END--
2026-07-28 11:04:39,GitHub-AutoPush-Analytics,https://github.com/deka1105/GitHub-AutoPush-Analytics.git,push_log.csv,modified,success,auto-push: push_log.csv [2026-07-28 11:04:37] --END--
2026-07-28 11:04:45,streamPhoneDeck,https://github.com/deka1105/streamPhoneDeck.git,src/lib/storage.ts.tmp.91203.c4996f2f4916,created,error,"git add failed: fatal: Unable to create '/Users/shubhamarundekatey/ClaudeCode/day27/streamPhoneDeck/.git/index.lock': File exists.\n\nAnother git process seems to be running in this repository, or the lock file may be stale --END--"
2026-07-28 11:04:47,streamPhoneDeck,https://github.com/deka1105/streamPhoneDeck.git,src/lib/storage.ts.tmp.91203.c4996f2f4916,created,success,auto-push: storage.ts [2026-07-28 11:04:45] --END--
2026-07-28 11:04:47,GitHub-AutoPush-Analytics,https://github.com/deka1105/GitHub-AutoPush-Analytics.git,push_log.csv,modified,success,auto-push: push_log.csv [2026-07-28 11:04:45] --END--
2026-07-28 11:04:50,GitHub-AutoPush-Analytics,https://github.com/deka1105/GitHub-AutoPush-Analytics.git,push_log.csv,modified,success,auto-push: push_log.csv [2026-07-28 11:04:47] --END--
2026-07-28 11:04:54,streamPhoneDeck,https://github.com/deka1105/streamPhoneDeck.git,src/app/api/action/route.ts.tmp.91203.1ba2f815628a,created,error,"git add failed: fatal: Unable to create '/Users/shubhamarundekatey/ClaudeCode/day27/streamPhoneDeck/.git/index.lock': File exists.\n\nAnother git process seems to be running in this repository, or the lock file may be stale --END--"
2026-07-28 11:04:55,streamPhoneDeck,https://github.com/deka1105/streamPhoneDeck.git,src/app/api/action/route.ts.tmp.91203.1ba2f815628a,created,success,auto-push: route.ts [2026-07-28 11:04:54] --END--
2026-07-28 11:04:56,GitHub-AutoPush-Analytics,https://github.com/deka1105/GitHub-AutoPush-Analytics.git,push_log.csv,modified,success,auto-push: push_log.csv [2026-07-28 11:04:54] --END--
2026-07-28 11:04:58,GitHub-AutoPush-Analytics,https://github.com/deka1105/GitHub-AutoPush-Analytics.git,push_log.csv,modified,success,auto-push: push_log.csv [2026-07-28 11:04:56] --END--
2026-07-28 11:05:00,streamPhoneDeck,https://github.com/deka1105/streamPhoneDeck.git,src/lib/bus.ts.tmp.91203.9392935a43ec,created,error,"git add failed: fatal: Unable to create '/Users/shubhamarundekatey/ClaudeCode/day27/streamPhoneDeck/.git/index.lock': File exists.\n\nAnother git process seems to be running in this repository, or the lock file may be stale --END--"
2026-07-28 11:05:03,GitHub-AutoPush-Analytics,https://github.com/deka1105/GitHub-AutoPush-Analytics.git,push_log.csv,modified,success,auto-push: push_log.csv [2026-07-28 11:05:00] --END--
2026-07-28 11:05:03,streamPhoneDeck,https://github.com/deka1105/streamPhoneDeck.git,src/lib/bus.ts.tmp.91203.9392935a43ec,created,success,auto-push: bus.ts [2026-07-28 11:05:00] --END--
2026-07-28 11:05:06,GitHub-AutoPush-Analytics,https://github.com/deka1105/GitHub-AutoPush-Analytics.git,push_log.csv,modified,success,auto-push: push_log.csv [2026-07-28 11:05:03] --END--
2026-07-28 11:05:08,GitHub-AutoPush-Analytics,https://github.com/deka1105/GitHub-AutoPush-Analytics.git,push_log.csv,modified,success,auto-push: push_log.csv [2026-07-28 11:05:06] --END--
2026-07-28 11:06:15,streamPhoneDeck,https://github.com/deka1105/streamPhoneDeck.git,src/components/TileEditor.tsx.tmp.91203.a6b9fe8fb3be,created,error,"git add failed: fatal: Unable to create '/Users/shubhamarundekatey/ClaudeCode/day27/streamPhoneDeck/.git/index.lock': File exists.\n\nAnother git process seems to be running in this repository, or the lock file may be stale --END--"
2026-07-28 11:06:17,streamPhoneDeck,https://github.com/deka1105/streamPhoneDeck.git,src/components/TileEditor.tsx.tmp.91203.a6b9fe8fb3be,created,success,auto-push: TileEditor.tsx [2026-07-28 11:06:15] --END--
2026-07-28 11:06:18,GitHub-AutoPush-Analytics,https://github.com/deka1105/GitHub-AutoPush-Analytics.git,push_log.csv,modified,success,auto-push: push_log.csv [2026-07-28 11:06:15] --END--
2026-07-28 11:06:19,GitHub-AutoPush-Analytics,https://github.com/deka1105/GitHub-AutoPush-Analytics.git,push_log.csv,modified,success,auto-push: push_log.csv [2026-07-28 11:06:18] --END--
2026-07-28 11:06:28,streamPhoneDeck,https://github.com/deka1105/streamPhoneDeck.git,src/components/DeckButton.tsx.tmp.91203.7a3a4fa13368,created,error,"git add failed: fatal: Unable to create '/Users/shubhamarundekatey/ClaudeCode/day27/streamPhoneDeck/.git/index.lock': File exists.\n\nAnother git process seems to be running in this repository, or the lock file may be stale --END--"
2026-07-28 11:06:30,streamPhoneDeck,https://github.com/deka1105/streamPhoneDeck.git,src/components/DeckButton.tsx.tmp.91203.7a3a4fa13368,created,success,auto-push: DeckButton.tsx [2026-07-28 11:06:28] --END--
2026-07-28 11:06:30,GitHub-AutoPush-Analytics,https://github.com/deka1105/GitHub-AutoPush-Analytics.git,push_log.csv,modified,success,auto-push: push_log.csv [2026-07-28 11:06:28] --END--
2026-07-28 11:06:32,GitHub-AutoPush-Analytics,https://github.com/deka1105/GitHub-AutoPush-Analytics.git,push_log.csv,modified,success,auto-push: push_log.csv [2026-07-28 11:06:30] --END--
2026-07-28 11:06:48,streamPhoneDeck,https://github.com/deka1105/streamPhoneDeck.git,src/components/Deck.tsx.tmp.91203.d84ee8571cb2,created,error,"git add failed: fatal: Unable to create '/Users/shubhamarundekatey/ClaudeCode/day27/streamPhoneDeck/.git/index.lock': File exists.\n\nAnother git process seems to be running in this repository, or the lock file may be stale --END--"
2026-07-28 11:06:50,GitHub-AutoPush-Analytics,https://github.com/deka1105/GitHub-AutoPush-Analytics.git,push_log.csv,modified,success,auto-push: push_log.csv [2026-07-28 11:06:48] --END--
2026-07-28 11:06:50,streamPhoneDeck,https://github.com/deka1105/streamPhoneDeck.git,src/components/Deck.tsx.tmp.91203.d84ee8571cb2,created,success,auto-push: Deck.tsx [2026-07-28 11:06:48] --END--
2026-07-28 11:06:52,GitHub-AutoPush-Analytics,https://github.com/deka1105/GitHub-AutoPush-Analytics.git,push_log.csv,modified,success,auto-push: push_log.csv [2026-07-28 11:06:50] --END--
2026-07-28 11:06:55,streamPhoneDeck,https://github.com/deka1105/streamPhoneDeck.git,src/components/Deck.tsx.tmp.91203.7052046555d8,created,error,"git add failed: fatal: Unable to create '/Users/shubhamarundekatey/ClaudeCode/day27/streamPhoneDeck/.git/index.lock': File exists.\n\nAnother git process seems to be running in this repository, or the lock file may be stale --END--"
2026-07-28 11:06:57,GitHub-AutoPush-Analytics,https://github.com/deka1105/GitHub-AutoPush-Analytics.git,push_log.csv,modified,success,auto-push: push_log.csv [2026-07-28 11:06:56] --END--
2026-07-28 11:06:59,streamPhoneDeck,https://github.com/deka1105/streamPhoneDeck.git,src/components/Deck.tsx.tmp.91203.7052046555d8,created,success,auto-push: Deck.tsx [2026-07-28 11:06:55] --END--
2026-07-28 11:07:01,GitHub-AutoPush-Analytics,https://github.com/deka1105/GitHub-AutoPush-Analytics.git,push_log.csv,modified,success,auto-push: push_log.csv [2026-07-28 11:06:59] --END--
2026-07-28 11:07:03,GitHub-AutoPush-Analytics,https://github.com/deka1105/GitHub-AutoPush-Analytics.git,push_log.csv,modified,success,"auto-push: push_log.csv, watcher.log, watcher.log.1, watcher.log.2, watcher.log.3 [2026-07-28 11:07:01] --END--"
2026-07-28 11:07:08,streamPhoneDeck,https://github.com/deka1105/streamPhoneDeck.git,.next/lock,created,error,"git add failed: fatal: Unable to create '/Users/shubhamarundekatey/ClaudeCode/day27/streamPhoneDeck/.git/index.lock': File exists.\n\nAnother git process seems to be running in this repository, or the lock file may be stale --END--"
2026-07-28 11:07:08,GitHub-AutoPush-Analytics,https://github.com/deka1105/GitHub-AutoPush-Analytics.git,push_log.csv,modified,error,"git commit failed: On branch main\nYour branch is ahead of 'origin/main' by 1 commit.\n  (use ""git push"" to publish your local commits)\n\nnothing to commit, working tree clean --END--"
2026-07-28 11:07:10,GitHub-AutoPush-Analytics,https://github.com/deka1105/GitHub-AutoPush-Analytics.git,push_log.csv,modified,success,auto-push: push_log.csv [2026-07-28 11:07:08] --END--
2026-07-28 11:07:13,streamPhoneDeck,https://github.com/deka1105/streamPhoneDeck.git,.next/required-server-files.json,created,error,"git add failed: fatal: Unable to create '/Users/shubhamarundekatey/ClaudeCode/day27/streamPhoneDeck/.git/index.lock': File exists.\n\nAnother git process seems to be running in this repository, or the lock file may be stale --END--"
2026-07-28 11:07:13,GitHub-AutoPush-Analytics,https://github.com/deka1105/GitHub-AutoPush-Analytics.git,push_log.csv,modified,error,"git commit failed: On branch main\nYour branch is ahead of 'origin/main' by 1 commit.\n  (use ""git push"" to publish your local commits)\n\nChanges not staged for commit:\n  (use ""git add <file>..."" to update what will be committed)\n  (use ""git restore <file>..."" to discard changes in working directory)\n	modified:   watcher.log\n\nno changes added to commit (use ""git add"" and/or ""git commit -a"") --END--"
2026-07-28 11:07:15,GitHub-AutoPush-Analytics,https://github.com/deka1105/GitHub-AutoPush-Analytics.git,push_log.csv,modified,success,"auto-push: push_log.csv, watcher.log, watcher.log.1, watcher.log.2, watcher.log.3 [2026-07-28 11:07:13] --END--"
2026-07-28 11:07:42,streamPhoneDeck,https://github.com/deka1105/streamPhoneDeck.git,src/components/Deck.tsx.tmp.91203.9b4375b6f885,created,error,"git add failed: fatal: Unable to create '/Users/shubhamarundekatey/ClaudeCode/day27/streamPhoneDeck/.git/index.lock': File exists.\n\nAnother git process seems to be running in this repository, or the lock file may be stale --END--"
2026-07-28 11:07:44,streamPhoneDeck,https://github.com/deka1105/streamPhoneDeck.git,src/components/Deck.tsx.tmp.91203.9b4375b6f885,created,success,auto-push: Deck.tsx [2026-07-28 11:07:42] --END--
2026-07-28 11:07:45,GitHub-AutoPush-Analytics,https://github.com/deka1105/GitHub-AutoPush-Analytics.git,push_log.csv,modified,success,"auto-push: push_log.csv, watcher.log [2026-07-28 11:07:42] --END--"
2026-07-28 11:07:46,GitHub-AutoPush-Analytics,https://github.com/deka1105/GitHub-AutoPush-Analytics.git,push_log.csv,modified,failed,To https://github.com/deka1105/GitHub-AutoPush-Analytics.git\n ! [remote rejected] HEAD -> main (cannot lock ref 'refs/heads/main': is at 97bddc8f018ddb120cfa22f7eb8c87a7321ab71d but expected 0a178ac0c8a15a19c9fa6c74061f6ef130fc26d0)\nerror: failed to push some refs to 'https://github.com/deka1105/GitHub-AutoPush-Analytics.git' --END--
2026-07-28 11:08:21,streamPhoneDeck,https://github.com/deka1105/streamPhoneDeck.git,.next/dev/lock,created,error,"git add failed: fatal: Unable to create '/Users/shubhamarundekatey/ClaudeCode/day27/streamPhoneDeck/.git/index.lock': File exists.\n\nAnother git process seems to be running in this repository, or the lock file may be stale --END--"
2026-07-28 11:08:21,GitHub-AutoPush-Analytics,https://github.com/deka1105/GitHub-AutoPush-Analytics.git,push_log.csv,modified,error,"git commit failed: On branch main\nYour branch is ahead of 'origin/main' by 2 commits.\n  (use ""git push"" to publish your local commits)\n\nnothing to commit, working tree clean --END--"
2026-07-28 11:08:23,GitHub-AutoPush-Analytics,https://github.com/deka1105/GitHub-AutoPush-Analytics.git,push_log.csv,modified,success,auto-push: push_log.csv [2026-07-28 11:08:21] --END--
2026-07-28 11:08:42,streamPhoneDeck,https://github.com/deka1105/streamPhoneDeck.git,.next/dev/server/server-reference-manifest.json.tmp.7lb9spz3dox,created,error,"git add failed: fatal: Unable to create '/Users/shubhamarundekatey/ClaudeCode/day27/streamPhoneDeck/.git/index.lock': File exists.\n\nAnother git process seems to be running in this repository, or the lock file may be stale --END--"
2026-07-28 11:08:42,GitHub-AutoPush-Analytics,https://github.com/deka1105/GitHub-AutoPush-Analytics.git,push_log.csv,modified,error,"git commit failed: On branch main\nYour branch is ahead of 'origin/main' by 1 commit.\n  (use ""git push"" to publish your local commits)\n\nnothing to commit, working tree clean --END--"
2026-07-28 11:08:46,GitHub-AutoPush-Analytics,https://github.com/deka1105/GitHub-AutoPush-Analytics.git,push_log.csv,modified,success,auto-push: push_log.csv [2026-07-28 11:08:42] --END--
2026-07-28 11:09:34,streamPhoneDeck,https://github.com/deka1105/streamPhoneDeck.git,.next/dev/cache/turbopack/v16.2.12/00000125.sst,created,error,"git add failed: fatal: Unable to create '/Users/shubhamarundekatey/ClaudeCode/day27/streamPhoneDeck/.git/index.lock': File exists.\n\nAnother git process seems to be running in this repository, or the lock file may be stale --END--"
2026-07-28 11:09:34,GitHub-AutoPush-Analytics,https://github.com/deka1105/GitHub-AutoPush-Analytics.git,push_log.csv,modified,error,"git commit failed: On branch main\nYour branch is ahead of 'origin/main' by 1 commit.\n  (use ""git push"" to publish your local commits)\n\nnothing to commit, working tree clean --END--"
2026-07-28 11:09:39,GitHub-AutoPush-Analytics,https://github.com/deka1105/GitHub-AutoPush-Analytics.git,push_log.csv,modified,success,auto-push: push_log.csv [2026-07-28 11:09:34] --END--
2026-07-28 11:11:47,streamPhoneDeck,https://github.com/deka1105/streamPhoneDeck.git,.next/dev/server/app-paths-manifest.json.tmp.m7fz6gnpfg,created,error,"git add failed: fatal: Unable to create '/Users/shubhamarundekatey/ClaudeCode/day27/streamPhoneDeck/.git/index.lock': File exists.\n\nAnother git process seems to be running in this repository, or the lock file may be stale --END--"
2026-07-28 11:11:47,GitHub-AutoPush-Analytics,https://github.com/deka1105/GitHub-AutoPush-Analytics.git,push_log.csv,modified,error,"git add failed: fatal: Unable to create '/Users/shubhamarundekatey/ClaudeCode/day10/GitHub-AutoPush-Analytics/.git/index.lock': File exists.\n\nAnother git process seems to be running in this repository, or the lock file may be stale --END--"
2026-07-28 11:11:55,GitHub-AutoPush-Analytics,https://github.com/deka1105/GitHub-AutoPush-Analytics.git,push_log.csv,modified,success,auto-push: push_log.csv [2026-07-28 11:11:48] --END--
2026-07-28 11:12:00,GitHub-AutoPush-Analytics,https://github.com/deka1105/GitHub-AutoPush-Analytics.git,push_log.csv,modified,success,auto-push: push_log.csv [2026-07-28 11:11:56] --END--
2026-07-28 11:12:04,GitHub-AutoPush-Analytics,https://github.com/deka1105/GitHub-AutoPush-Analytics.git,push_log.csv,modified,success,auto-push: push_log.csv [2026-07-28 11:12:01] --END--
2026-07-28 11:12:09,GitHub-AutoPush-Analytics,https://github.com/deka1105/GitHub-AutoPush-Analytics.git,push_log.csv,modified,success,auto-push: push_log.csv [2026-07-28 11:12:05] --END--
2026-07-28 11:12:13,GitHub-AutoPush-Analytics,https://github.com/deka1105/GitHub-AutoPush-Analytics.git,push_log.csv,modified,success,auto-push: push_log.csv [2026-07-28 11:12:09] --END--
2026-07-28 11:12:18,GitHub-AutoPush-Analytics,https://github.com/deka1105/GitHub-AutoPush-Analytics.git,push_log.csv,modified,success,auto-push: push_log.csv [2026-07-28 11:12:14] --END--
2026-07-28 11:12:21,GitHub-AutoPush-Analytics,https://github.com/deka1105/GitHub-AutoPush-Analytics.git,push_log.csv,modified,success,auto-push: push_log.csv [2026-07-28 11:12:18] --END--
2026-07-28 11:12:25,GitHub-AutoPush-Analytics,https://github.com/deka1105/GitHub-AutoPush-Analytics.git,push_log.csv,modified,success,auto-push: push_log.csv [2026-07-28 11:12:21] --END--
2026-07-28 11:12:29,GitHub-AutoPush-Analytics,https://github.com/deka1105/GitHub-AutoPush-Analytics.git,push_log.csv,modified,success,auto-push: push_log.csv [2026-07-28 11:12:25] --END--
2026-07-28 11:12:33,GitHub-AutoPush-Analytics,https://github.com/deka1105/GitHub-AutoPush-Analytics.git,push_log.csv,modified,success,auto-push: push_log.csv [2026-07-28 11:12:29] --END--
2026-07-28 11:12:36,GitHub-AutoPush-Analytics,https://github.com/deka1105/GitHub-AutoPush-Analytics.git,push_log.csv,modified,success,auto-push: push_log.csv [2026-07-28 11:12:33] --END--
2026-07-28 11:12:41,GitHub-AutoPush-Analytics,https://github.com/deka1105/GitHub-AutoPush-Analytics.git,push_log.csv,modified,success,auto-push: push_log.csv [2026-07-28 11:12:37] --END--
2026-07-28 11:12:44,GitHub-AutoPush-Analytics,https://github.com/deka1105/GitHub-AutoPush-Analytics.git,push_log.csv,modified,success,auto-push: push_log.csv [2026-07-28 11:12:41] --END--
2026-07-28 11:12:47,GitHub-AutoPush-Analytics,https://github.com/deka1105/GitHub-AutoPush-Analytics.git,push_log.csv,modified,success,auto-push: push_log.csv [2026-07-28 11:12:44] --END--
2026-07-28 11:12:52,GitHub-AutoPush-Analytics,https://github.com/deka1105/GitHub-AutoPush-Analytics.git,push_log.csv,modified,success,auto-push: push_log.csv [2026-07-28 11:12:48] --END--
2026-07-28 11:12:56,GitHub-AutoPush-Analytics,https://github.com/deka1105/GitHub-AutoPush-Analytics.git,push_log.csv,modified,success,auto-push: push_log.csv [2026-07-28 11:12:52] --END--
2026-07-28 11:12:59,GitHub-AutoPush-Analytics,https://github.com/deka1105/GitHub-AutoPush-Analytics.git,push_log.csv,modified,success,auto-push: push_log.csv [2026-07-28 11:12:56] --END--
2026-07-28 11:13:03,GitHub-AutoPush-Analytics,https://github.com/deka1105/GitHub-AutoPush-Analytics.git,push_log.csv,modified,success,auto-push: push_log.csv [2026-07-28 11:13:00] --END--
2026-07-28 11:13:07,GitHub-AutoPush-Analytics,https://github.com/deka1105/GitHub-AutoPush-Analytics.git,push_log.csv,modified,success,auto-push: push_log.csv [2026-07-28 11:13:04] --END--
2026-07-28 11:13:11,GitHub-AutoPush-Analytics,https://github.com/deka1105/GitHub-AutoPush-Analytics.git,push_log.csv,modified,success,auto-push: push_log.csv [2026-07-28 11:13:08] --END--
2026-07-28 11:13:15,GitHub-AutoPush-Analytics,https://github.com/deka1105/GitHub-AutoPush-Analytics.git,push_log.csv,modified,success,auto-push: push_log.csv [2026-07-28 11:13:12] --END--
2026-07-28 11:13:20,GitHub-AutoPush-Analytics,https://github.com/deka1105/GitHub-AutoPush-Analytics.git,push_log.csv,modified,success,auto-push: push_log.csv [2026-07-28 11:13:16] --END--
2026-07-28 11:13:21,streamPhoneDeck,https://github.com/deka1105/streamPhoneDeck.git,README.md.tmp.91203.c4d6fe124d65,created,success,auto-push: README.md [2026-07-28 11:13:16] --END--
2026-07-28 11:13:25,GitHub-AutoPush-Analytics,https://github.com/deka1105/GitHub-AutoPush-Analytics.git,push_log.csv,modified,success,auto-push: push_log.csv [2026-07-28 11:13:21] --END--
2026-07-28 11:13:31,streamPhoneDeck,https://github.com/deka1105/streamPhoneDeck.git,README.md.tmp.91203.5d7a063217ad,created,success,auto-push: README.md [2026-07-28 11:13:27] --END--
2026-07-28 11:13:34,GitHub-AutoPush-Analytics,https://github.com/deka1105/GitHub-AutoPush-Analytics.git,push_log.csv,modified,success,auto-push: push_log.csv [2026-07-28 11:13:31] --END--
2026-07-28 11:13:47,streamPhoneDeck,https://github.com/deka1105/streamPhoneDeck.git,README.md.tmp.91203.5ad1ac67a884,created,error,"git add failed: fatal: Unable to create '/Users/shubhamarundekatey/ClaudeCode/day27/streamPhoneDeck/.git/index.lock': File exists.\n\nAnother git process seems to be running in this repository, or the lock file may be stale --END--"
2026-07-28 11:13:51,GitHub-AutoPush-Analytics,https://github.com/deka1105/GitHub-AutoPush-Analytics.git,push_log.csv,modified,success,auto-push: push_log.csv [2026-07-28 11:13:47] --END--
2026-07-28 11:13:52,streamPhoneDeck,https://github.com/deka1105/streamPhoneDeck.git,README.md.tmp.91203.5ad1ac67a884,created,success,auto-push: README.md [2026-07-28 11:13:47] --END--
2026-07-28 11:13:56,GitHub-AutoPush-Analytics,https://github.com/deka1105/GitHub-AutoPush-Analytics.git,push_log.csv,modified,success,auto-push: push_log.csv [2026-07-28 11:13:52] --END--
2026-07-28 11:14:00,GitHub-AutoPush-Analytics,https://github.com/deka1105/GitHub-AutoPush-Analytics.git,push_log.csv,modified,success,auto-push: push_log.csv [2026-07-28 11:13:56] --END--
2026-07-28 11:14:06,GitHub-AutoPush-Analytics,https://github.com/deka1105/GitHub-AutoPush-Analytics.git,watcher.log,modified,success,"auto-push: push_log.csv, watcher.log, watcher.log.1, watcher.log.2, watcher.log.3 [2026-07-28 11:14:01] --END--"
2026-07-28 11:14:10,GitHub-AutoPush-Analytics,https://github.com/deka1105/GitHub-AutoPush-Analytics.git,watcher.log.3,deleted,success,"auto-push: push_log.csv, watcher.log [2026-07-28 11:14:06] --END--"
2026-07-28 11:14:13,GitHub-AutoPush-Analytics,https://github.com/deka1105/GitHub-AutoPush-Analytics.git,push_log.csv,modified,success,auto-push: push_log.csv [2026-07-28 11:14:10] --END--
2026-07-28 11:14:17,GitHub-AutoPush-Analytics,https://github.com/deka1105/GitHub-AutoPush-Analytics.git,push_log.csv,modified,success,auto-push: push_log.csv [2026-07-28 11:14:14] --END--
2026-07-28 11:14:20,GitHub-AutoPush-Analytics,https://github.com/deka1105/GitHub-AutoPush-Analytics.git,push_log.csv,modified,success,auto-push: push_log.csv [2026-07-28 11:14:17] --END--
2026-07-28 11:14:21,streamPhoneDeck,https://github.com/deka1105/streamPhoneDeck.git,CLAUDE.md.tmp.91203.a5a703482876,created,success,auto-push: CLAUDE.md [2026-07-28 11:14:17] --END--
2026-07-28 11:14:25,GitHub-AutoPush-Analytics,https://github.com/deka1105/GitHub-AutoPush-Analytics.git,push_log.csv,modified,success,auto-push: push_log.csv [2026-07-28 11:14:21] --END--
2026-07-28 11:14:29,GitHub-AutoPush-Analytics,https://github.com/deka1105/GitHub-AutoPush-Analytics.git,push_log.csv,modified,success,auto-push: push_log.csv [2026-07-28 11:14:26] --END--
2026-07-28 11:14:32,GitHub-AutoPush-Analytics,https://github.com/deka1105/GitHub-AutoPush-Analytics.git,push_log.csv,modified,success,auto-push: push_log.csv [2026-07-28 11:14:29] --END--
2026-07-28 11:14:35,GitHub-AutoPush-Analytics,https://github.com/deka1105/GitHub-AutoPush-Analytics.git,push_log.csv,modified,success,auto-push: push_log.csv [2026-07-28 11:14:32] --END--
2026-07-28 11:14:37,streamPhoneDeck,https://github.com/deka1105/streamPhoneDeck.git,CLAUDE.md.tmp.91203.883c6986be12,created,success,auto-push: CLAUDE.md [2026-07-28 11:14:33] --END--
2026-07-28 11:14:41,GitHub-AutoPush-Analytics,https://github.com/deka1105/GitHub-AutoPush-Analytics.git,push_log.csv,modified,success,auto-push: push_log.csv [2026-07-28 11:14:37] --END--
2026-07-28 11:14:44,GitHub-AutoPush-Analytics,https://github.com/deka1105/GitHub-AutoPush-Analytics.git,push_log.csv,modified,success,auto-push: push_log.csv [2026-07-28 11:14:41] --END--
2026-07-28 11:14:47,GitHub-AutoPush-Analytics,https://github.com/deka1105/GitHub-AutoPush-Analytics.git,push_log.csv,modified,success,auto-push: push_log.csv [2026-07-28 11:14:44] --END--
2026-07-28 11:14:51,GitHub-AutoPush-Analytics,https://github.com/deka1105/GitHub-AutoPush-Analytics.git,push_log.csv,modified,success,auto-push: push_log.csv [2026-07-28 11:14:48] --END--
2026-07-28 11:14:54,GitHub-AutoPush-Analytics,https://github.com/deka1105/GitHub-AutoPush-Analytics.git,push_log.csv,modified,success,auto-push: push_log.csv [2026-07-28 11:14:51] --END--
2026-07-28 11:14:58,GitHub-AutoPush-Analytics,https://github.com/deka1105/GitHub-AutoPush-Analytics.git,push_log.csv,modified,success,auto-push: push_log.csv [2026-07-28 11:14:54] --END--
2026-07-28 11:15:02,GitHub-AutoPush-Analytics,https://github.com/deka1105/GitHub-AutoPush-Analytics.git,push_log.csv,modified,success,auto-push: push_log.csv [2026-07-28 11:14:58] --END--
2026-07-28 11:15:05,GitHub-AutoPush-Analytics,https://github.com/deka1105/GitHub-AutoPush-Analytics.git,push_log.csv,modified,success,auto-push: push_log.csv [2026-07-28 11:15:02] --END--
2026-07-28 11:15:09,GitHub-AutoPush-Analytics,https://github.com/deka1105/GitHub-AutoPush-Analytics.git,push_log.csv,modified,success,auto-push: push_log.csv [2026-07-28 11:15:06] --END--
2026-07-28 11:15:12,GitHub-AutoPush-Analytics,https://github.com/deka1105/GitHub-AutoPush-Analytics.git,push_log.csv,modified,success,auto-push: push_log.csv [2026-07-28 11:15:09] --END--
2026-07-28 11:15:15,GitHub-AutoPush-Analytics,https://github.com/deka1105/GitHub-AutoPush-Analytics.git,push_log.csv,modified,success,auto-push: push_log.csv [2026-07-28 11:15:12] --END--
2026-07-28 11:15:19,GitHub-AutoPush-Analytics,https://github.com/deka1105/GitHub-AutoPush-Analytics.git,push_log.csv,modified,success,auto-push: push_log.csv [2026-07-28 11:15:15] --END--
2026-07-28 11:15:23,GitHub-AutoPush-Analytics,https://github.com/deka1105/GitHub-AutoPush-Analytics.git,push_log.csv,modified,success,auto-push: push_log.csv [2026-07-28 11:15:19] --END--
2026-07-28 11:15:27,GitHub-AutoPush-Analytics,https://github.com/deka1105/GitHub-AutoPush-Analytics.git,push_log.csv,modified,success,auto-push: push_log.csv [2026-07-28 11:15:23] --END--
2026-07-28 11:15:30,GitHub-AutoPush-Analytics,https://github.com/deka1105/GitHub-AutoPush-Analytics.git,push_log.csv,modified,success,auto-push: push_log.csv [2026-07-28 11:15:27] --END--
2026-07-28 11:15:35,GitHub-AutoPush-Analytics,https://github.com/deka1105/GitHub-AutoPush-Analytics.git,push_log.csv,modified,success,auto-push: push_log.csv [2026-07-28 11:15:31] --END--
2026-07-28 11:15:40,GitHub-AutoPush-Analytics,https://github.com/deka1105/GitHub-AutoPush-Analytics.git,push_log.csv,modified,success,auto-push: push_log.csv [2026-07-28 11:15:35] --END--
2026-07-28 11:20:10,streamPhoneDeck,https://github.com/deka1105/streamPhoneDeck.git,HANDOFF.md.tmp.91203.9e1d27204216,created,error,"git add failed: fatal: Unable to create '/Users/shubhamarundekatey/ClaudeCode/day27/streamPhoneDeck/.git/index.lock': File exists.\n\nAnother git process seems to be running in this repository, or the lock file may be stale --END--"
2026-07-28 11:20:12,streamPhoneDeck,https://github.com/deka1105/streamPhoneDeck.git,HANDOFF.md.tmp.91203.9e1d27204216,created,success,auto-push: HANDOFF.md [2026-07-28 11:20:10] --END--
2026-07-28 11:20:12,GitHub-AutoPush-Analytics,https://github.com/deka1105/GitHub-AutoPush-Analytics.git,push_log.csv,modified,success,auto-push: push_log.csv [2026-07-28 11:20:10] --END--
2026-07-28 11:20:14,GitHub-AutoPush-Analytics,https://github.com/deka1105/GitHub-AutoPush-Analytics.git,push_log.csv,modified,success,auto-push: push_log.csv [2026-07-28 11:20:12] --END--
2026-07-28 11:22:12,streamPhoneDeck,https://github.com/deka1105/streamPhoneDeck.git,site/index.html.tmp.91203.f7db5cca0bcd,created,error,"git add failed: fatal: Unable to create '/Users/shubhamarundekatey/ClaudeCode/day27/streamPhoneDeck/.git/index.lock': File exists.\n\nAnother git process seems to be running in this repository, or the lock file may be stale --END--"
2026-07-28 11:22:15,streamPhoneDeck,https://github.com/deka1105/streamPhoneDeck.git,site/index.html.tmp.91203.f7db5cca0bcd,created,success,auto-push: index.html [2026-07-28 11:22:12] --END--
2026-07-28 11:22:15,GitHub-AutoPush-Analytics,https://github.com/deka1105/GitHub-AutoPush-Analytics.git,push_log.csv,modified,success,auto-push: push_log.csv [2026-07-28 11:22:12] --END--
2026-07-28 11:22:17,GitHub-AutoPush-Analytics,https://github.com/deka1105/GitHub-AutoPush-Analytics.git,push_log.csv,modified,success,auto-push: push_log.csv [2026-07-28 11:22:15] --END--
2026-07-28 11:27:08,streamPhoneDeck,https://github.com/deka1105/streamPhoneDeck.git,HANDOFF.md.tmp.91203.c8470fe24288,created,error,"git add failed: fatal: Unable to create '/Users/shubhamarundekatey/ClaudeCode/day27/streamPhoneDeck/.git/index.lock': File exists.\n\nAnother git process seems to be running in this repository, or the lock file may be stale --END--"
2026-07-28 11:27:13,streamPhoneDeck,https://github.com/deka1105/streamPhoneDeck.git,HANDOFF.md.tmp.91203.c8470fe24288,created,success,auto-push: HANDOFF.md [2026-07-28 11:27:08] --END--
2026-07-28 11:27:14,GitHub-AutoPush-Analytics,https://github.com/deka1105/GitHub-AutoPush-Analytics.git,push_log.csv,modified,success,"auto-push: push_log.csv, watcher.log, watcher.log.1, watcher.log.2, watcher.log.3 [2026-07-28 11:27:09] --END--"
2026-07-28 11:27:18,GitHub-AutoPush-Analytics,https://github.com/deka1105/GitHub-AutoPush-Analytics.git,watcher.log,modified,success,auto-push: push_log.csv [2026-07-28 11:27:14] --END--
2026-07-28 11:27:18,GitHub-AutoPush-Analytics,https://github.com/deka1105/GitHub-AutoPush-Analytics.git,push_log.csv,modified,failed,To https://github.com/deka1105/GitHub-AutoPush-Analytics.git\n ! [remote rejected] HEAD -> main (cannot lock ref 'refs/heads/main': is at 0c8278773dba13031e6077d5d2ef6547ac45f044 but expected 3bdf211bef27f602fce05ec52914db0bb78756f8)\nerror: failed to push some refs to 'https://github.com/deka1105/GitHub-AutoPush-Analytics.git' --END--
2026-07-28 11:27:24,GitHub-AutoPush-Analytics,https://github.com/deka1105/GitHub-AutoPush-Analytics.git,push_log.csv,modified,success,"auto-push: push_log.csv, watcher.log [2026-07-28 11:27:19] --END--"
2026-07-28 11:27:24,GitHub-AutoPush-Analytics,https://github.com/deka1105/GitHub-AutoPush-Analytics.git,push_log.csv,modified,error,"git add failed: fatal: Unable to create '/Users/shubhamarundekatey/ClaudeCode/day10/GitHub-AutoPush-Analytics/.git/index.lock': File exists.\n\nAnother git process seems to be running in this repository, or the lock file may be stale --END--"
2026-07-28 11:27:27,GitHub-AutoPush-Analytics,https://github.com/deka1105/GitHub-AutoPush-Analytics.git,push_log.csv,modified,success,auto-push: push_log.csv [2026-07-28 11:27:24] --END--
2026-07-28 11:29:06,streamPhoneDeck,https://github.com/deka1105/streamPhoneDeck.git,site/index.html,modified,error,"git add failed: fatal: Unable to create '/Users/shubhamarundekatey/ClaudeCode/day27/streamPhoneDeck/.git/index.lock': File exists.\n\nAnother git process seems to be running in this repository, or the lock file may be stale --END--"
2026-07-28 11:29:06,GitHub-AutoPush-Analytics,https://github.com/deka1105/GitHub-AutoPush-Analytics.git,push_log.csv,modified,error,"git add failed: fatal: Unable to create '/Users/shubhamarundekatey/ClaudeCode/day10/GitHub-AutoPush-Analytics/.git/index.lock': File exists.\n\nAnother git process seems to be running in this repository, or the lock file may be stale --END--"
2026-07-28 11:29:09,GitHub-AutoPush-Analytics,https://github.com/deka1105/GitHub-AutoPush-Analytics.git,push_log.csv,modified,success,auto-push: push_log.csv [2026-07-28 11:29:06] --END--
2026-07-28 11:32:53,streamPhoneDeck,https://github.com/deka1105/streamPhoneDeck.git,site/index.html.tmp.91203.d32f89d57895,created,error,"git add failed: fatal: Unable to create '/Users/shubhamarundekatey/ClaudeCode/day27/streamPhoneDeck/.git/index.lock': File exists.\n\nAnother git process seems to be running in this repository, or the lock file may be stale --END--"
2026-07-28 11:32:56,GitHub-AutoPush-Analytics,https://github.com/deka1105/GitHub-AutoPush-Analytics.git,push_log.csv,modified,success,auto-push: push_log.csv [2026-07-28 11:32:53] --END--
2026-07-28 11:32:56,streamPhoneDeck,https://github.com/deka1105/streamPhoneDeck.git,site/index.html.tmp.91203.d32f89d57895,created,success,auto-push: index.html [2026-07-28 11:32:53] --END--
2026-07-28 11:32:58,GitHub-AutoPush-Analytics,https://github.com/deka1105/GitHub-AutoPush-Analytics.git,push_log.csv,modified,success,auto-push: push_log.csv [2026-07-28 11:32:56] --END--
2026-07-28 11:41:23,streamPhoneDeck,https://github.com/deka1105/streamPhoneDeck.git,src/lib/auth.ts.tmp.91203.768d9e2e119b,created,error,"git add failed: fatal: Unable to create '/Users/shubhamarundekatey/ClaudeCode/day27/streamPhoneDeck/.git/index.lock': File exists.\n\nAnother git process seems to be running in this repository, or the lock file may be stale --END--"
2026-07-28 11:41:26,GitHub-AutoPush-Analytics,https://github.com/deka1105/GitHub-AutoPush-Analytics.git,push_log.csv,modified,success,auto-push: push_log.csv [2026-07-28 11:41:24] --END--
2026-07-28 11:41:26,streamPhoneDeck,https://github.com/deka1105/streamPhoneDeck.git,src/lib/auth.ts.tmp.91203.768d9e2e119b,created,success,auto-push: auth.ts [2026-07-28 11:41:23] --END--
2026-07-28 11:41:28,GitHub-AutoPush-Analytics,https://github.com/deka1105/GitHub-AutoPush-Analytics.git,push_log.csv,modified,success,auto-push: push_log.csv [2026-07-28 11:41:26] --END--
2026-07-28 11:41:38,streamPhoneDeck,https://github.com/deka1105/streamPhoneDeck.git,src/app/api/action/route.ts.tmp.91203.4a9ff348c55d,created,error,"git add failed: fatal: Unable to create '/Users/shubhamarundekatey/ClaudeCode/day27/streamPhoneDeck/.git/index.lock': File exists.\n\nAnother git process seems to be running in this repository, or the lock file may be stale --END--"
2026-07-28 11:41:40,streamPhoneDeck,https://github.com/deka1105/streamPhoneDeck.git,src/app/api/action/route.ts.tmp.91203.4a9ff348c55d,created,success,"auto-push: route.ts, route.ts [2026-07-28 11:41:38] --END--"
2026-07-28 11:41:40,GitHub-AutoPush-Analytics,https://github.com/deka1105/GitHub-AutoPush-Analytics.git,push_log.csv,modified,success,auto-push: push_log.csv [2026-07-28 11:41:38] --END--
2026-07-28 11:41:42,GitHub-AutoPush-Analytics,https://github.com/deka1105/GitHub-AutoPush-Analytics.git,push_log.csv,modified,success,auto-push: push_log.csv [2026-07-28 11:41:40] --END--
2026-07-28 11:41:47,streamPhoneDeck,https://github.com/deka1105/streamPhoneDeck.git,src/lib/storage.ts.tmp.91203.028489c42958,created,error,"git add failed: fatal: Unable to create '/Users/shubhamarundekatey/ClaudeCode/day27/streamPhoneDeck/.git/index.lock': File exists.\n\nAnother git process seems to be running in this repository, or the lock file may be stale --END--"
2026-07-28 11:41:49,streamPhoneDeck,https://github.com/deka1105/streamPhoneDeck.git,src/lib/storage.ts.tmp.91203.028489c42958,created,success,auto-push: storage.ts [2026-07-28 11:41:47] --END--
2026-07-28 11:41:49,GitHub-AutoPush-Analytics,https://github.com/deka1105/GitHub-AutoPush-Analytics.git,push_log.csv,modified,success,auto-push: push_log.csv [2026-07-28 11:41:47] --END--
2026-07-28 11:41:51,GitHub-AutoPush-Analytics,https://github.com/deka1105/GitHub-AutoPush-Analytics.git,push_log.csv,modified,success,auto-push: push_log.csv [2026-07-28 11:41:49] --END--
2026-07-28 11:42:16,streamPhoneDeck,https://github.com/deka1105/streamPhoneDeck.git,src/components/Deck.tsx.tmp.91203.e7ab6fc5c177,created,error,"git add failed: fatal: Unable to create '/Users/shubhamarundekatey/ClaudeCode/day27/streamPhoneDeck/.git/index.lock': File exists.\n\nAnother git process seems to be running in this repository, or the lock file may be stale --END--"
2026-07-28 11:42:18,streamPhoneDeck,https://github.com/deka1105/streamPhoneDeck.git,src/components/Deck.tsx.tmp.91203.e7ab6fc5c177,created,success,auto-push: Deck.tsx [2026-07-28 11:42:16] --END--
2026-07-28 11:42:19,GitHub-AutoPush-Analytics,https://github.com/deka1105/GitHub-AutoPush-Analytics.git,push_log.csv,modified,success,auto-push: push_log.csv [2026-07-28 11:42:16] --END--
2026-07-28 11:42:21,GitHub-AutoPush-Analytics,https://github.com/deka1105/GitHub-AutoPush-Analytics.git,push_log.csv,modified,success,auto-push: push_log.csv [2026-07-28 11:42:18] --END--
2026-07-28 11:42:26,streamPhoneDeck,https://github.com/deka1105/streamPhoneDeck.git,src/components/Deck.tsx.tmp.91203.0c6ce47cdc9f,created,error,"git add failed: fatal: Unable to create '/Users/shubhamarundekatey/ClaudeCode/day27/streamPhoneDeck/.git/index.lock': File exists.\n\nAnother git process seems to be running in this repository, or the lock file may be stale --END--"
2026-07-28 11:42:28,streamPhoneDeck,https://github.com/deka1105/streamPhoneDeck.git,src/components/Deck.tsx.tmp.91203.0c6ce47cdc9f,created,success,auto-push: Deck.tsx [2026-07-28 11:42:26] --END--
2026-07-28 11:42:29,GitHub-AutoPush-Analytics,https://github.com/deka1105/GitHub-AutoPush-Analytics.git,push_log.csv,modified,success,auto-push: push_log.csv [2026-07-28 11:42:26] --END--
2026-07-28 11:42:30,GitHub-AutoPush-Analytics,https://github.com/deka1105/GitHub-AutoPush-Analytics.git,push_log.csv,modified,success,auto-push: push_log.csv [2026-07-28 11:42:28] --END--
2026-07-28 11:42:43,streamPhoneDeck,https://github.com/deka1105/streamPhoneDeck.git,.next/lock,created,error,"git add failed: fatal: Unable to create '/Users/shubhamarundekatey/ClaudeCode/day27/streamPhoneDeck/.git/index.lock': File exists.\n\nAnother git process seems to be running in this repository, or the lock file may be stale --END--"
2026-07-28 11:42:43,GitHub-AutoPush-Analytics,https://github.com/deka1105/GitHub-AutoPush-Analytics.git,push_log.csv,modified,error,"git add failed: fatal: Unable to create '/Users/shubhamarundekatey/ClaudeCode/day10/GitHub-AutoPush-Analytics/.git/index.lock': File exists.\n\nAnother git process seems to be running in this repository, or the lock file may be stale --END--"
2026-07-28 11:42:46,GitHub-AutoPush-Analytics,https://github.com/deka1105/GitHub-AutoPush-Analytics.git,push_log.csv,modified,success,auto-push: push_log.csv [2026-07-28 11:42:43] --END--
2026-07-28 11:42:48,streamPhoneDeck,https://github.com/deka1105/streamPhoneDeck.git,.next/required-server-files.json,created,error,"git add failed: fatal: Unable to create '/Users/shubhamarundekatey/ClaudeCode/day27/streamPhoneDeck/.git/index.lock': File exists.\n\nAnother git process seems to be running in this repository, or the lock file may be stale --END--"
2026-07-28 11:42:48,GitHub-AutoPush-Analytics,https://github.com/deka1105/GitHub-AutoPush-Analytics.git,push_log.csv,modified,error,"git add failed: fatal: Unable to create '/Users/shubhamarundekatey/ClaudeCode/day10/GitHub-AutoPush-Analytics/.git/index.lock': File exists.\n\nAnother git process seems to be running in this repository, or the lock file may be stale --END--"
2026-07-28 11:42:51,GitHub-AutoPush-Analytics,https://github.com/deka1105/GitHub-AutoPush-Analytics.git,push_log.csv,modified,success,"auto-push: push_log.csv, watcher.log, watcher.log.1, watcher.log.2, watcher.log.3 [2026-07-28 11:42:49] --END--"
2026-07-28 11:43:38,streamPhoneDeck,https://github.com/deka1105/streamPhoneDeck.git,README.md.tmp.91203.52ce8d65504e,created,error,"git add failed: fatal: Unable to create '/Users/shubhamarundekatey/ClaudeCode/day27/streamPhoneDeck/.git/index.lock': File exists.\n\nAnother git process seems to be running in this repository, or the lock file may be stale --END--"
2026-07-28 11:43:40,GitHub-AutoPush-Analytics,https://github.com/deka1105/GitHub-AutoPush-Analytics.git,push_log.csv,modified,success,"auto-push: push_log.csv, watcher.log [2026-07-28 11:43:38] --END--"
2026-07-28 11:43:41,streamPhoneDeck,https://github.com/deka1105/streamPhoneDeck.git,README.md.tmp.91203.52ce8d65504e,created,success,auto-push: README.md [2026-07-28 11:43:38] --END--
2026-07-28 11:43:43,GitHub-AutoPush-Analytics,https://github.com/deka1105/GitHub-AutoPush-Analytics.git,push_log.csv,modified,success,auto-push: push_log.csv [2026-07-28 11:43:41] --END--
2026-07-28 11:43:45,GitHub-AutoPush-Analytics,https://github.com/deka1105/GitHub-AutoPush-Analytics.git,push_log.csv,modified,success,auto-push: push_log.csv [2026-07-28 11:43:43] --END--
2026-07-28 11:43:47,streamPhoneDeck,https://github.com/deka1105/streamPhoneDeck.git,HANDOFF.md.tmp.91203.97e230fdd57c,created,error,"git add failed: fatal: Unable to create '/Users/shubhamarundekatey/ClaudeCode/day27/streamPhoneDeck/.git/index.lock': File exists.\n\nAnother git process seems to be running in this repository, or the lock file may be stale --END--"
2026-07-28 11:43:50,streamPhoneDeck,https://github.com/deka1105/streamPhoneDeck.git,HANDOFF.md.tmp.91203.97e230fdd57c,created,success,auto-push: HANDOFF.md [2026-07-28 11:43:47] --END--
2026-07-28 11:43:50,GitHub-AutoPush-Analytics,https://github.com/deka1105/GitHub-AutoPush-Analytics.git,push_log.csv,modified,error,"git add failed: fatal: Unable to create '/Users/shubhamarundekatey/ClaudeCode/day10/GitHub-AutoPush-Analytics/.git/index.lock': File exists.\n\nAnother git process seems to be running in this repository, or the lock file may be stale --END--"
2026-07-28 11:43:53,GitHub-AutoPush-Analytics,https://github.com/deka1105/GitHub-AutoPush-Analytics.git,push_log.csv,modified,success,"auto-push: push_log.csv, watcher.log, watcher.log.1, watcher.log.2, watcher.log.3 [2026-07-28 11:43:50] --END--"
2026-07-28 11:43:58,streamPhoneDeck,https://github.com/deka1105/streamPhoneDeck.git,HANDOFF.md.tmp.91203.39372c023406,created,error,"git add failed: fatal: Unable to create '/Users/shubhamarundekatey/ClaudeCode/day27/streamPhoneDeck/.git/index.lock': File exists.\n\nAnother git process seems to be running in this repository, or the lock file may be stale --END--"
2026-07-28 11:44:00,streamPhoneDeck,https://github.com/deka1105/streamPhoneDeck.git,HANDOFF.md.tmp.91203.39372c023406,created,success,auto-push: HANDOFF.md [2026-07-28 11:43:58] --END--
2026-07-28 11:44:01,GitHub-AutoPush-Analytics,https://github.com/deka1105/GitHub-AutoPush-Analytics.git,push_log.csv,modified,success,"auto-push: push_log.csv, watcher.log [2026-07-28 11:43:58] --END--"
2026-07-28 11:44:02,GitHub-AutoPush-Analytics,https://github.com/deka1105/GitHub-AutoPush-Analytics.git,push_log.csv,modified,failed,To https://github.com/deka1105/GitHub-AutoPush-Analytics.git\n ! [remote rejected] HEAD -> main (cannot lock ref 'refs/heads/main': is at 9d3be86c10d8700396e3e55d65a8aded51a8e9ea but expected 198d007e16b64437eaf9c9053785986abcc11753)\nerror: failed to push some refs to 'https://github.com/deka1105/GitHub-AutoPush-Analytics.git' --END--
2026-07-28 11:44:05,streamPhoneDeck,https://github.com/deka1105/streamPhoneDeck.git,HANDOFF.md.tmp.91203.3ac881671e01,created,error,"git commit failed: On branch main\nYour branch is ahead of 'origin/main' by 1 commit.\n  (use ""git push"" to publish your local commits)\n\nnothing to commit, working tree clean --END--"
2026-07-28 11:44:07,streamPhoneDeck,https://github.com/deka1105/streamPhoneDeck.git,HANDOFF.md.tmp.91203.3ac881671e01,created,success,auto-push: HANDOFF.md [2026-07-28 11:44:05] --END--
2026-07-28 11:44:07,GitHub-AutoPush-Analytics,https://github.com/deka1105/GitHub-AutoPush-Analytics.git,push_log.csv,modified,error,"git commit failed: On branch main\nYour branch is ahead of 'origin/main' by 2 commits.\n  (use ""git push"" to publish your local commits)\n\nnothing to commit, working tree clean --END--"
2026-07-28 11:44:09,GitHub-AutoPush-Analytics,https://github.com/deka1105/GitHub-AutoPush-Analytics.git,push_log.csv,modified,success,auto-push: push_log.csv [2026-07-28 11:44:07] --END--
2026-07-28 11:44:17,streamPhoneDeck,https://github.com/deka1105/streamPhoneDeck.git,CLAUDE.md.tmp.91203.c92146c9005f,created,error,"git add failed: fatal: Unable to create '/Users/shubhamarundekatey/ClaudeCode/day27/streamPhoneDeck/.git/index.lock': File exists.\n\nAnother git process seems to be running in this repository, or the lock file may be stale --END--"
2026-07-28 11:44:18,streamPhoneDeck,https://github.com/deka1105/streamPhoneDeck.git,CLAUDE.md.tmp.91203.c92146c9005f,created,success,auto-push: CLAUDE.md [2026-07-28 11:44:17] --END--
2026-07-28 11:44:19,GitHub-AutoPush-Analytics,https://github.com/deka1105/GitHub-AutoPush-Analytics.git,push_log.csv,modified,success,auto-push: push_log.csv [2026-07-28 11:44:17] --END--
2026-07-28 11:44:21,GitHub-AutoPush-Analytics,https://github.com/deka1105/GitHub-AutoPush-Analytics.git,push_log.csv,modified,success,auto-push: push_log.csv [2026-07-28 11:44:19] --END--
2026-07-28 11:44:23,streamPhoneDeck,https://github.com/deka1105/streamPhoneDeck.git,CLAUDE.md.tmp.91203.c4e48b76e183,created,error,"git add failed: fatal: Unable to create '/Users/shubhamarundekatey/ClaudeCode/day27/streamPhoneDeck/.git/index.lock': File exists.\n\nAnother git process seems to be running in this repository, or the lock file may be stale --END--"
2026-07-28 11:44:25,streamPhoneDeck,https://github.com/deka1105/streamPhoneDeck.git,CLAUDE.md.tmp.91203.c4e48b76e183,created,success,auto-push: CLAUDE.md [2026-07-28 11:44:23] --END--
2026-07-28 11:44:27,GitHub-AutoPush-Analytics,https://github.com/deka1105/GitHub-AutoPush-Analytics.git,push_log.csv,modified,success,auto-push: push_log.csv [2026-07-28 11:44:25] --END--
2026-07-28 12:09:43,streamPhoneDeck,https://github.com/deka1105/streamPhoneDeck.git,session-logs/session_2026-07-28_0937_76fcacc2.md,created,error,"git add failed: fatal: Unable to create '/Users/shubhamarundekatey/ClaudeCode/day27/streamPhoneDeck/.git/index.lock': File exists.\n\nAnother git process seems to be running in this repository, or the lock file may be stale --END--"
2026-07-28 12:09:44,GitHub-AutoPush-Analytics,https://github.com/deka1105/GitHub-AutoPush-Analytics.git,push_log.csv,modified,error,"git commit failed: On branch main\nYour branch is ahead of 'origin/main' by 1 commit.\n  (use ""git push"" to publish your local commits)\n\nnothing to commit, working tree clean --END--"
2026-07-28 12:09:46,GitHub-AutoPush-Analytics,https://github.com/deka1105/GitHub-AutoPush-Analytics.git,push_log.csv,modified,success,auto-push: push_log.csv [2026-07-28 12:09:44] --END--
2026-07-28 13:05:40,streamPhoneDeck,https://github.com/deka1105/streamPhoneDeck.git,SECURE-PAIRING-PLAN.md.tmp.31046.e306b819822d,created,error,"git add failed: fatal: Unable to create '/Users/shubhamarundekatey/ClaudeCode/day27/streamPhoneDeck/.git/index.lock': File exists.\n\nAnother git process seems to be running in this repository, or the lock file may be stale --END--"
2026-07-28 13:05:43,GitHub-AutoPush-Analytics,https://github.com/deka1105/GitHub-AutoPush-Analytics.git,push_log.csv,modified,success,auto-push: push_log.csv [2026-07-28 13:05:40] --END--
2026-07-28 13:05:43,streamPhoneDeck,https://github.com/deka1105/streamPhoneDeck.git,SECURE-PAIRING-PLAN.md.tmp.31046.e306b819822d,created,success,auto-push: SECURE-PAIRING-PLAN.md [2026-07-28 13:05:40] --END--
2026-07-28 13:05:46,GitHub-AutoPush-Analytics,https://github.com/deka1105/GitHub-AutoPush-Analytics.git,push_log.csv,modified,success,auto-push: push_log.csv [2026-07-28 13:05:43] --END--
2026-07-28 13:05:49,streamPhoneDeck,https://github.com/deka1105/streamPhoneDeck.git,desktop/package.json.tmp.31046.9a2ff9bd7a85,created,success,"auto-push: .gitignore, package.json [2026-07-28 13:05:46] --END--"
2026-07-28 13:05:49,GitHub-AutoPush-Analytics,https://github.com/deka1105/GitHub-AutoPush-Analytics.git,push_log.csv,modified,success,auto-push: push_log.csv [2026-07-28 13:05:46] --END--
2026-07-28 13:05:51,GitHub-AutoPush-Analytics,https://github.com/deka1105/GitHub-AutoPush-Analytics.git,push_log.csv,modified,success,auto-push: push_log.csv [2026-07-28 13:05:49] --END--
2026-07-28 13:05:54,GitHub-AutoPush-Analytics,https://github.com/deka1105/GitHub-AutoPush-Analytics.git,push_log.csv,modified,success,auto-push: push_log.csv [2026-07-28 13:05:51] --END--
2026-07-28 13:05:55,streamPhoneDeck,https://github.com/deka1105/streamPhoneDeck.git,desktop/src/cert.mjs.tmp.31046.d2a57ca4ae0e,created,success,auto-push: cert.mjs.tmp.31046.d2a57ca4ae0e [2026-07-28 13:05:53] --END--
2026-07-28 13:05:58,GitHub-AutoPush-Analytics,https://github.com/deka1105/GitHub-AutoPush-Analytics.git,push_log.csv,modified,success,auto-push: push_log.csv [2026-07-28 13:05:56] --END--
2026-07-28 13:06:00,GitHub-AutoPush-Analytics,https://github.com/deka1105/GitHub-AutoPush-Analytics.git,push_log.csv,modified,success,auto-push: push_log.csv [2026-07-28 13:05:58] --END--
2026-07-28 13:06:08,streamPhoneDeck,https://github.com/deka1105/streamPhoneDeck.git,desktop/src/executor.mjs.tmp.31046.f8bf119e2015,created,error,"git add failed: fatal: Unable to create '/Users/shubhamarundekatey/ClaudeCode/day27/streamPhoneDeck/.git/index.lock': File exists.\n\nAnother git process seems to be running in this repository, or the lock file may be stale --END--"
2026-07-28 13:06:10,streamPhoneDeck,https://github.com/deka1105/streamPhoneDeck.git,desktop/src/executor.mjs.tmp.31046.f8bf119e2015,created,success,"auto-push: cert.mjs, executor.mjs [2026-07-28 13:06:08] --END--"
2026-07-28 13:06:11,GitHub-AutoPush-Analytics,https://github.com/deka1105/GitHub-AutoPush-Analytics.git,push_log.csv,modified,success,auto-push: push_log.csv [2026-07-28 13:06:09] --END--
2026-07-28 13:06:12,GitHub-AutoPush-Analytics,https://github.com/deka1105/GitHub-AutoPush-Analytics.git,push_log.csv,modified,success,auto-push: push_log.csv [2026-07-28 13:06:11] --END--
2026-07-28 13:06:36,streamPhoneDeck,https://github.com/deka1105/streamPhoneDeck.git,desktop/src/host.mjs.tmp.31046.858b5e6317da,created,error,"git add failed: fatal: Unable to create '/Users/shubhamarundekatey/ClaudeCode/day27/streamPhoneDeck/.git/index.lock': File exists.\n\nAnother git process seems to be running in this repository, or the lock file may be stale --END--"
2026-07-28 13:06:38,streamPhoneDeck,https://github.com/deka1105/streamPhoneDeck.git,desktop/src/host.mjs.tmp.31046.858b5e6317da,created,success,auto-push: host.mjs [2026-07-28 13:06:36] --END--
2026-07-28 13:06:39,GitHub-AutoPush-Analytics,https://github.com/deka1105/GitHub-AutoPush-Analytics.git,push_log.csv,modified,success,auto-push: push_log.csv [2026-07-28 13:06:36] --END--
2026-07-28 13:06:40,GitHub-AutoPush-Analytics,https://github.com/deka1105/GitHub-AutoPush-Analytics.git,push_log.csv,modified,success,auto-push: push_log.csv [2026-07-28 13:06:38] --END--
2026-07-28 13:06:53,streamPhoneDeck,https://github.com/deka1105/streamPhoneDeck.git,desktop/src/test-client.mjs.tmp.31046.585ea1f87836,created,error,"git add failed: fatal: Unable to create '/Users/shubhamarundekatey/ClaudeCode/day27/streamPhoneDeck/.git/index.lock': File exists.\n\nAnother git process seems to be running in this repository, or the lock file may be stale --END--"
2026-07-28 13:06:55,streamPhoneDeck,https://github.com/deka1105/streamPhoneDeck.git,desktop/src/test-client.mjs.tmp.31046.585ea1f87836,created,success,auto-push: test-client.mjs [2026-07-28 13:06:53] --END--
2026-07-28 13:06:55,GitHub-AutoPush-Analytics,https://github.com/deka1105/GitHub-AutoPush-Analytics.git,push_log.csv,modified,success,auto-push: push_log.csv [2026-07-28 13:06:53] --END--
2026-07-28 13:06:57,GitHub-AutoPush-Analytics,https://github.com/deka1105/GitHub-AutoPush-Analytics.git,push_log.csv,modified,success,auto-push: push_log.csv [2026-07-28 13:06:55] --END--
2026-07-28 13:07:00,streamPhoneDeck,https://github.com/deka1105/streamPhoneDeck.git,desktop/node_modules/camelcase/package.json,created,error,"git add failed: fatal: Unable to create '/Users/shubhamarundekatey/ClaudeCode/day27/streamPhoneDeck/.git/index.lock': File exists.\n\nAnother git process seems to be running in this repository, or the lock file may be stale --END--"
2026-07-28 13:07:01,GitHub-AutoPush-Analytics,https://github.com/deka1105/GitHub-AutoPush-Analytics.git,push_log.csv,modified,error,"git commit failed: On branch main\nYour branch is ahead of 'origin/main' by 1 commit.\n  (use ""git push"" to publish your local commits)\n\nnothing to commit, working tree clean --END--"
2026-07-28 13:07:03,GitHub-AutoPush-Analytics,https://github.com/deka1105/GitHub-AutoPush-Analytics.git,push_log.csv,modified,success,auto-push: push_log.csv [2026-07-28 13:07:00] --END--
2026-07-28 13:07:07,streamPhoneDeck,https://github.com/deka1105/streamPhoneDeck.git,desktop/.data/cert.pem,created,error,"git add failed: fatal: Unable to create '/Users/shubhamarundekatey/ClaudeCode/day27/streamPhoneDeck/.git/index.lock': File exists.\n\nAnother git process seems to be running in this repository, or the lock file may be stale --END--"
2026-07-28 13:07:10,streamPhoneDeck,https://github.com/deka1105/streamPhoneDeck.git,desktop/.data/cert.pem,created,success,auto-push: package-lock.json [2026-07-28 13:07:07] --END--
2026-07-28 13:07:10,GitHub-AutoPush-Analytics,https://github.com/deka1105/GitHub-AutoPush-Analytics.git,push_log.csv,modified,success,"auto-push: push_log.csv, watcher.log, watcher.log.1, watcher.log.2, watcher.log.3 [2026-07-28 13:07:07] --END--"
2026-07-28 13:07:12,GitHub-AutoPush-Analytics,https://github.com/deka1105/GitHub-AutoPush-Analytics.git,push_log.csv,modified,success,auto-push: push_log.csv [2026-07-28 13:07:10] --END--
2026-07-28 13:07:52,streamPhoneDeck,https://github.com/deka1105/streamPhoneDeck.git,desktop/src/test-client.mjs.tmp.31046.d56e5ebeaf29,created,error,"git add failed: fatal: Unable to create '/Users/shubhamarundekatey/ClaudeCode/day27/streamPhoneDeck/.git/index.lock': File exists.\n\nAnother git process seems to be running in this repository, or the lock file may be stale --END--"
2026-07-28 13:07:53,streamPhoneDeck,https://github.com/deka1105/streamPhoneDeck.git,desktop/src/test-client.mjs.tmp.31046.d56e5ebeaf29,created,success,auto-push: test-client.mjs [2026-07-28 13:07:52] --END--
2026-07-28 13:07:54,GitHub-AutoPush-Analytics,https://github.com/deka1105/GitHub-AutoPush-Analytics.git,push_log.csv,modified,success,"auto-push: push_log.csv, watcher.log, watcher.log.1, watcher.log.2, watcher.log.3 [2026-07-28 13:07:52] --END--"
2026-07-28 13:07:56,GitHub-AutoPush-Analytics,https://github.com/deka1105/GitHub-AutoPush-Analytics.git,push_log.csv,modified,success,"auto-push: push_log.csv, watcher.log [2026-07-28 13:07:53] --END--"
2026-07-28 13:08:04,streamPhoneDeck,https://github.com/deka1105/streamPhoneDeck.git,desktop/.data/pairing.json,deleted,error,"git add failed: fatal: Unable to create '/Users/shubhamarundekatey/ClaudeCode/day27/streamPhoneDeck/.git/index.lock': File exists.\n\nAnother git process seems to be running in this repository, or the lock file may be stale --END--"
2026-07-28 13:08:04,GitHub-AutoPush-Analytics,https://github.com/deka1105/GitHub-AutoPush-Analytics.git,push_log.csv,modified,error,"git commit failed: On branch main\nYour branch is ahead of 'origin/main' by 1 commit.\n  (use ""git push"" to publish your local commits)\n\nnothing to commit, working tree clean --END--"
2026-07-28 13:08:07,GitHub-AutoPush-Analytics,https://github.com/deka1105/GitHub-AutoPush-Analytics.git,push_log.csv,modified,success,auto-push: push_log.csv [2026-07-28 13:08:04] --END--
2026-07-28 13:08:12,streamPhoneDeck,https://github.com/deka1105/streamPhoneDeck.git,desktop/.data/pairing.json,created,error,"git add failed: fatal: Unable to create '/Users/shubhamarundekatey/ClaudeCode/day27/streamPhoneDeck/.git/index.lock': File exists.\n\nAnother git process seems to be running in this repository, or the lock file may be stale --END--"
2026-07-28 13:08:12,GitHub-AutoPush-Analytics,https://github.com/deka1105/GitHub-AutoPush-Analytics.git,push_log.csv,modified,error,"git commit failed: On branch main\nYour branch is ahead of 'origin/main' by 1 commit.\n  (use ""git push"" to publish your local commits)\n\nnothing to commit, working tree clean --END--"
2026-07-28 13:08:14,GitHub-AutoPush-Analytics,https://github.com/deka1105/GitHub-AutoPush-Analytics.git,push_log.csv,modified,success,auto-push: push_log.csv [2026-07-28 13:08:12] --END--
2026-07-28 13:14:21,streamPhoneDeck,https://github.com/deka1105/streamPhoneDeck.git,desktop/src/host.mjs.tmp.31046.9ca6ce53e0a1,created,error,"git add failed: fatal: Unable to create '/Users/shubhamarundekatey/ClaudeCode/day27/streamPhoneDeck/.git/index.lock': File exists.\n\nAnother git process seems to be running in this repository, or the lock file may be stale --END--"
2026-07-28 13:14:23,GitHub-AutoPush-Analytics,https://github.com/deka1105/GitHub-AutoPush-Analytics.git,push_log.csv,modified,success,auto-push: push_log.csv [2026-07-28 13:14:21] --END--
2026-07-28 13:14:23,streamPhoneDeck,https://github.com/deka1105/streamPhoneDeck.git,desktop/src/host.mjs.tmp.31046.9ca6ce53e0a1,created,success,auto-push: host.mjs [2026-07-28 13:14:21] --END--
2026-07-28 13:14:25,GitHub-AutoPush-Analytics,https://github.com/deka1105/GitHub-AutoPush-Analytics.git,push_log.csv,modified,success,auto-push: push_log.csv [2026-07-28 13:14:23] --END--
2026-07-28 13:14:28,streamPhoneDeck,https://github.com/deka1105/streamPhoneDeck.git,desktop/src/host.mjs.tmp.31046.8940a8828ce4,created,error,"git add failed: fatal: Unable to create '/Users/shubhamarundekatey/ClaudeCode/day27/streamPhoneDeck/.git/index.lock': File exists.\n\nAnother git process seems to be running in this repository, or the lock file may be stale --END--"
2026-07-28 13:14:30,streamPhoneDeck,https://github.com/deka1105/streamPhoneDeck.git,desktop/src/host.mjs.tmp.31046.8940a8828ce4,created,success,auto-push: host.mjs [2026-07-28 13:14:28] --END--
2026-07-28 13:14:30,GitHub-AutoPush-Analytics,https://github.com/deka1105/GitHub-AutoPush-Analytics.git,push_log.csv,modified,error,"git add failed: fatal: Unable to create '/Users/shubhamarundekatey/ClaudeCode/day10/GitHub-AutoPush-Analytics/.git/index.lock': File exists.\n\nAnother git process seems to be running in this repository, or the lock file may be stale --END--"
2026-07-28 13:14:32,GitHub-AutoPush-Analytics,https://github.com/deka1105/GitHub-AutoPush-Analytics.git,push_log.csv,modified,success,auto-push: push_log.csv [2026-07-28 13:14:30] --END--
2026-07-28 13:14:48,streamPhoneDeck,https://github.com/deka1105/streamPhoneDeck.git,desktop/main.mjs.tmp.31046.ef3aaab40a93,created,error,"git add failed: fatal: Unable to create '/Users/shubhamarundekatey/ClaudeCode/day27/streamPhoneDeck/.git/index.lock': File exists.\n\nAnother git process seems to be running in this repository, or the lock file may be stale --END--"
2026-07-28 13:14:50,streamPhoneDeck,https://github.com/deka1105/streamPhoneDeck.git,desktop/main.mjs.tmp.31046.ef3aaab40a93,created,success,auto-push: main.mjs [2026-07-28 13:14:48] --END--
2026-07-28 13:14:51,GitHub-AutoPush-Analytics,https://github.com/deka1105/GitHub-AutoPush-Analytics.git,push_log.csv,modified,success,auto-push: push_log.csv [2026-07-28 13:14:49] --END--
2026-07-28 13:14:53,GitHub-AutoPush-Analytics,https://github.com/deka1105/GitHub-AutoPush-Analytics.git,push_log.csv,modified,success,auto-push: push_log.csv [2026-07-28 13:14:50] --END--
2026-07-28 13:14:54,streamPhoneDeck,https://github.com/deka1105/streamPhoneDeck.git,desktop/preload.cjs.tmp.31046.9b7c79a2f8ec,created,error,"git add failed: fatal: Unable to create '/Users/shubhamarundekatey/ClaudeCode/day27/streamPhoneDeck/.git/index.lock': File exists.\n\nAnother git process seems to be running in this repository, or the lock file may be stale --END--"
2026-07-28 13:14:56,streamPhoneDeck,https://github.com/deka1105/streamPhoneDeck.git,desktop/preload.cjs.tmp.31046.9b7c79a2f8ec,created,success,auto-push: preload.cjs [2026-07-28 13:14:54] --END--
2026-07-28 13:14:57,GitHub-AutoPush-Analytics,https://github.com/deka1105/GitHub-AutoPush-Analytics.git,push_log.csv,modified,success,auto-push: push_log.csv [2026-07-28 13:14:54] --END--
2026-07-28 13:14:59,GitHub-AutoPush-Analytics,https://github.com/deka1105/GitHub-AutoPush-Analytics.git,push_log.csv,modified,failed,To https://github.com/deka1105/GitHub-AutoPush-Analytics.git\n ! [remote rejected] HEAD -> main (cannot lock ref 'refs/heads/main': is at 533efc1fdc03f6b801185acf2ad2c0e05ae9af0c but expected c7152006797313f92dd42f2191dd0ea91208693f)\nerror: failed to push some refs to 'https://github.com/deka1105/GitHub-AutoPush-Analytics.git' --END--
2026-07-28 13:15:24,streamPhoneDeck,https://github.com/deka1105/streamPhoneDeck.git,desktop/pair.html.tmp.31046.98eba125fb24,created,error,"git add failed: fatal: Unable to create '/Users/shubhamarundekatey/ClaudeCode/day27/streamPhoneDeck/.git/index.lock': File exists.\n\nAnother git process seems to be running in this repository, or the lock file may be stale --END--"
2026-07-28 13:15:26,GitHub-AutoPush-Analytics,https://github.com/deka1105/GitHub-AutoPush-Analytics.git,push_log.csv,modified,success,auto-push: push_log.csv [2026-07-28 13:15:24] --END--
2026-07-28 13:15:26,streamPhoneDeck,https://github.com/deka1105/streamPhoneDeck.git,desktop/pair.html.tmp.31046.98eba125fb24,created,success,auto-push: pair.html [2026-07-28 13:15:24] --END--
2026-07-28 13:15:28,GitHub-AutoPush-Analytics,https://github.com/deka1105/GitHub-AutoPush-Analytics.git,push_log.csv,modified,success,auto-push: push_log.csv [2026-07-28 13:15:26] --END--
2026-07-28 13:15:43,streamPhoneDeck,https://github.com/deka1105/streamPhoneDeck.git,desktop/scripts/gen-icon.mjs.tmp.31046.1d844fb8fc2b,created,error,"git add failed: fatal: Unable to create '/Users/shubhamarundekatey/ClaudeCode/day27/streamPhoneDeck/.git/index.lock': File exists.\n\nAnother git process seems to be running in this repository, or the lock file may be stale --END--"
2026-07-28 13:15:45,streamPhoneDeck,https://github.com/deka1105/streamPhoneDeck.git,desktop/scripts/gen-icon.mjs.tmp.31046.1d844fb8fc2b,created,success,auto-push: gen-icon.mjs [2026-07-28 13:15:43] --END--
2026-07-28 13:15:45,GitHub-AutoPush-Analytics,https://github.com/deka1105/GitHub-AutoPush-Analytics.git,push_log.csv,modified,success,auto-push: push_log.csv [2026-07-28 13:15:43] --END--
2026-07-28 13:15:47,GitHub-AutoPush-Analytics,https://github.com/deka1105/GitHub-AutoPush-Analytics.git,push_log.csv,modified,success,auto-push: push_log.csv [2026-07-28 13:15:45] --END--
2026-07-28 13:15:50,streamPhoneDeck,https://github.com/deka1105/streamPhoneDeck.git,desktop/package.json.tmp.31046.821d77758765,created,error,"git add failed: fatal: Unable to create '/Users/shubhamarundekatey/ClaudeCode/day27/streamPhoneDeck/.git/index.lock': File exists.\n\nAnother git process seems to be running in this repository, or the lock file may be stale --END--"
2026-07-28 13:15:51,streamPhoneDeck,https://github.com/deka1105/streamPhoneDeck.git,desktop/package.json.tmp.31046.821d77758765,created,success,auto-push: package.json [2026-07-28 13:15:50] --END--
2026-07-28 13:15:52,GitHub-AutoPush-Analytics,https://github.com/deka1105/GitHub-AutoPush-Analytics.git,push_log.csv,modified,success,auto-push: push_log.csv [2026-07-28 13:15:50] --END--
2026-07-28 13:15:54,GitHub-AutoPush-Analytics,https://github.com/deka1105/GitHub-AutoPush-Analytics.git,push_log.csv,modified,success,auto-push: push_log.csv [2026-07-28 13:15:52] --END--
2026-07-28 13:15:55,streamPhoneDeck,https://github.com/deka1105/streamPhoneDeck.git,desktop/assets/trayTemplate.png,created,error,"git add failed: fatal: Unable to create '/Users/shubhamarundekatey/ClaudeCode/day27/streamPhoneDeck/.git/index.lock': File exists.\n\nAnother git process seems to be running in this repository, or the lock file may be stale --END--"
2026-07-28 13:15:58,streamPhoneDeck,https://github.com/deka1105/streamPhoneDeck.git,desktop/assets/trayTemplate.png,created,success,"auto-push: trayTemplate.png, trayTemplate@2x.png [2026-07-28 13:15:55] --END--"
2026-07-28 13:15:59,GitHub-AutoPush-Analytics,https://github.com/deka1105/GitHub-AutoPush-Analytics.git,push_log.csv,modified,success,auto-push: push_log.csv [2026-07-28 13:15:56] --END--
2026-07-28 13:16:00,GitHub-AutoPush-Analytics,https://github.com/deka1105/GitHub-AutoPush-Analytics.git,push_log.csv,modified,success,auto-push: push_log.csv [2026-07-28 13:15:58] --END--
2026-07-28 13:16:15,streamPhoneDeck,https://github.com/deka1105/streamPhoneDeck.git,desktop/node_modules/gopd/.eslintrc,created,error,"git add failed: fatal: Unable to create '/Users/shubhamarundekatey/ClaudeCode/day27/streamPhoneDeck/.git/index.lock': File exists.\n\nAnother git process seems to be running in this repository, or the lock file may be stale --END--"
2026-07-28 13:16:15,GitHub-AutoPush-Analytics,https://github.com/deka1105/GitHub-AutoPush-Analytics.git,push_log.csv,modified,error,"git add failed: fatal: Unable to create '/Users/shubhamarundekatey/ClaudeCode/day10/GitHub-AutoPush-Analytics/.git/index.lock': File exists.\n\nAnother git process seems to be running in this repository, or the lock file may be stale --END--"
2026-07-28 13:16:18,GitHub-AutoPush-Analytics,https://github.com/deka1105/GitHub-AutoPush-Analytics.git,push_log.csv,modified,success,"auto-push: push_log.csv, watcher.log, watcher.log.1, watcher.log.2, watcher.log.3 [2026-07-28 13:16:15] --END--"
2026-07-28 13:16:21,streamPhoneDeck,https://github.com/deka1105/streamPhoneDeck.git,desktop/node_modules/electron/dist/Electron.app/Contents/Frameworks/Electron Framework.framework/Versions/A/Electron Framework,modified,error,"git add failed: fatal: Unable to create '/Users/shubhamarundekatey/ClaudeCode/day27/streamPhoneDeck/.git/index.lock': File exists.\n\nAnother git process seems to be running in this repository, or the lock file may be stale --END--"
2026-07-28 13:16:21,GitHub-AutoPush-Analytics,https://github.com/deka1105/GitHub-AutoPush-Analytics.git,push_log.csv,modified,error,"git add failed: fatal: Unable to create '/Users/shubhamarundekatey/ClaudeCode/day10/GitHub-AutoPush-Analytics/.git/index.lock': File exists.\n\nAnother git process seems to be running in this repository, or the lock file may be stale --END--"
2026-07-28 13:16:23,GitHub-AutoPush-Analytics,https://github.com/deka1105/GitHub-AutoPush-Analytics.git,push_log.csv,modified,success,"auto-push: push_log.csv, watcher.log, watcher.log.1, watcher.log.2, watcher.log.3 [2026-07-28 13:16:21] --END--"
2026-07-28 13:27:48,streamPhoneDeck,https://github.com/deka1105/streamPhoneDeck.git,desktop/src/host.mjs.tmp.31046.f90dbb64a25c,created,error,"git add failed: fatal: Unable to create '/Users/shubhamarundekatey/ClaudeCode/day27/streamPhoneDeck/.git/index.lock': File exists.\n\nAnother git process seems to be running in this repository, or the lock file may be stale --END--"
2026-07-28 13:27:50,GitHub-AutoPush-Analytics,https://github.com/deka1105/GitHub-AutoPush-Analytics.git,push_log.csv,modified,success,auto-push: push_log.csv [2026-07-28 13:27:48] --END--
2026-07-28 13:27:51,streamPhoneDeck,https://github.com/deka1105/streamPhoneDeck.git,desktop/src/host.mjs.tmp.31046.f90dbb64a25c,created,success,"auto-push: package-lock.json, host.mjs [2026-07-28 13:27:48] --END--"
2026-07-28 13:27:54,GitHub-AutoPush-Analytics,https://github.com/deka1105/GitHub-AutoPush-Analytics.git,push_log.csv,modified,success,auto-push: push_log.csv [2026-07-28 13:27:51] --END--
2026-07-28 13:27:56,GitHub-AutoPush-Analytics,https://github.com/deka1105/GitHub-AutoPush-Analytics.git,push_log.csv,modified,success,auto-push: push_log.csv [2026-07-28 13:27:54] --END--
2026-07-28 13:27:58,GitHub-AutoPush-Analytics,https://github.com/deka1105/GitHub-AutoPush-Analytics.git,push_log.csv,modified,success,auto-push: push_log.csv [2026-07-28 13:27:56] --END--
2026-07-28 13:27:58,streamPhoneDeck,https://github.com/deka1105/streamPhoneDeck.git,desktop/src/host.mjs.tmp.31046.6ee5cb44565a,created,success,auto-push: host.mjs [2026-07-28 13:27:57] --END--
2026-07-28 13:28:18,streamPhoneDeck,https://github.com/deka1105/streamPhoneDeck.git,desktop/src/test-client.mjs.tmp.31046.adcd531f1e12,created,error,"git add failed: fatal: Unable to create '/Users/shubhamarundekatey/ClaudeCode/day27/streamPhoneDeck/.git/index.lock': File exists.\n\nAnother git process seems to be running in this repository, or the lock file may be stale --END--"
2026-07-28 13:28:20,GitHub-AutoPush-Analytics,https://github.com/deka1105/GitHub-AutoPush-Analytics.git,push_log.csv,modified,success,auto-push: push_log.csv [2026-07-28 13:28:18] --END--
2026-07-28 13:28:20,streamPhoneDeck,https://github.com/deka1105/streamPhoneDeck.git,desktop/src/test-client.mjs.tmp.31046.adcd531f1e12,created,success,auto-push: test-client.mjs [2026-07-28 13:28:18] --END--
2026-07-28 13:28:23,GitHub-AutoPush-Analytics,https://github.com/deka1105/GitHub-AutoPush-Analytics.git,push_log.csv,modified,success,auto-push: push_log.csv [2026-07-28 13:28:20] --END--
2026-07-28 13:28:27,GitHub-AutoPush-Analytics,https://github.com/deka1105/GitHub-AutoPush-Analytics.git,push_log.csv,modified,success,auto-push: push_log.csv [2026-07-28 13:28:24] --END--
2026-07-28 13:28:29,GitHub-AutoPush-Analytics,https://github.com/deka1105/GitHub-AutoPush-Analytics.git,push_log.csv,modified,success,auto-push: push_log.csv [2026-07-28 13:28:27] --END--
2026-07-28 13:28:31,GitHub-AutoPush-Analytics,https://github.com/deka1105/GitHub-AutoPush-Analytics.git,push_log.csv,modified,success,auto-push: push_log.csv [2026-07-28 13:28:29] --END--
2026-07-28 13:28:49,streamPhoneDeck,https://github.com/deka1105/streamPhoneDeck.git,desktop/pair.html.tmp.31046.1ee53aab2d84,created,error,"git add failed: fatal: Unable to create '/Users/shubhamarundekatey/ClaudeCode/day27/streamPhoneDeck/.git/index.lock': File exists.\n\nAnother git process seems to be running in this repository, or the lock file may be stale --END--"
2026-07-28 13:28:51,GitHub-AutoPush-Analytics,https://github.com/deka1105/GitHub-AutoPush-Analytics.git,push_log.csv,modified,success,auto-push: push_log.csv [2026-07-28 13:28:50] --END--
2026-07-28 13:28:52,streamPhoneDeck,https://github.com/deka1105/streamPhoneDeck.git,desktop/pair.html.tmp.31046.1ee53aab2d84,created,success,auto-push: pair.html [2026-07-28 13:28:49] --END--
2026-07-28 13:28:54,GitHub-AutoPush-Analytics,https://github.com/deka1105/GitHub-AutoPush-Analytics.git,push_log.csv,modified,success,auto-push: push_log.csv [2026-07-28 13:28:52] --END--
2026-07-28 13:28:55,streamPhoneDeck,https://github.com/deka1105/streamPhoneDeck.git,desktop/package.json.tmp.31046.76a049c2b660,created,error,"git add failed: fatal: Unable to create '/Users/shubhamarundekatey/ClaudeCode/day27/streamPhoneDeck/.git/index.lock': File exists.\n\nAnother git process seems to be running in this repository, or the lock file may be stale --END--"
2026-07-28 13:28:57,streamPhoneDeck,https://github.com/deka1105/streamPhoneDeck.git,desktop/package.json.tmp.31046.76a049c2b660,created,success,"auto-push: package.json, cert.mjs [2026-07-28 13:28:55] --END--"
2026-07-28 13:28:57,GitHub-AutoPush-Analytics,https://github.com/deka1105/GitHub-AutoPush-Analytics.git,push_log.csv,modified,success,auto-push: push_log.csv [2026-07-28 13:28:55] --END--
2026-07-28 13:28:59,GitHub-AutoPush-Analytics,https://github.com/deka1105/GitHub-AutoPush-Analytics.git,push_log.csv,modified,success,auto-push: push_log.csv [2026-07-28 13:28:57] --END--
2026-07-28 13:29:01,streamPhoneDeck,https://github.com/deka1105/streamPhoneDeck.git,desktop/.data/devices.json,created,error,"git add failed: fatal: Unable to create '/Users/shubhamarundekatey/ClaudeCode/day27/streamPhoneDeck/.git/index.lock': File exists.\n\nAnother git process seems to be running in this repository, or the lock file may be stale --END--"
2026-07-28 13:29:04,GitHub-AutoPush-Analytics,https://github.com/deka1105/GitHub-AutoPush-Analytics.git,push_log.csv,modified,success,auto-push: push_log.csv [2026-07-28 13:29:01] --END--
2026-07-28 13:29:06,GitHub-AutoPush-Analytics,https://github.com/deka1105/GitHub-AutoPush-Analytics.git,push_log.csv,modified,success,auto-push: push_log.csv [2026-07-28 13:29:04] --END--
2026-07-28 13:29:25,streamPhoneDeck,https://github.com/deka1105/streamPhoneDeck.git,desktop/main.mjs.tmp.31046.e89f96ee183f,created,error,"git add failed: fatal: Unable to create '/Users/shubhamarundekatey/ClaudeCode/day27/streamPhoneDeck/.git/index.lock': File exists.\n\nAnother git process seems to be running in this repository, or the lock file may be stale --END--"
2026-07-28 13:29:27,streamPhoneDeck,https://github.com/deka1105/streamPhoneDeck.git,desktop/main.mjs.tmp.31046.e89f96ee183f,created,success,auto-push: main.mjs [2026-07-28 13:29:25] --END--
2026-07-28 13:29:27,GitHub-AutoPush-Analytics,https://github.com/deka1105/GitHub-AutoPush-Analytics.git,push_log.csv,modified,success,auto-push: push_log.csv [2026-07-28 13:29:25] --END--
2026-07-28 13:29:30,GitHub-AutoPush-Analytics,https://github.com/deka1105/GitHub-AutoPush-Analytics.git,push_log.csv,modified,success,auto-push: push_log.csv [2026-07-28 13:29:27] --END--
2026-07-28 13:29:40,streamPhoneDeck,https://github.com/deka1105/streamPhoneDeck.git,SECURE-PAIRING-PLAN.md.tmp.31046.a4eb23e89501,created,error,"git add failed: fatal: Unable to create '/Users/shubhamarundekatey/ClaudeCode/day27/streamPhoneDeck/.git/index.lock': File exists.\n\nAnother git process seems to be running in this repository, or the lock file may be stale --END--"
2026-07-28 13:29:42,streamPhoneDeck,https://github.com/deka1105/streamPhoneDeck.git,SECURE-PAIRING-PLAN.md.tmp.31046.a4eb23e89501,created,success,auto-push: SECURE-PAIRING-PLAN.md [2026-07-28 13:29:40] --END--
2026-07-28 13:29:42,GitHub-AutoPush-Analytics,https://github.com/deka1105/GitHub-AutoPush-Analytics.git,push_log.csv,modified,success,"auto-push: push_log.csv, watcher.log, watcher.log.1, watcher.log.2, watcher.log.3 [2026-07-28 13:29:40] --END--"
2026-07-28 13:29:44,GitHub-AutoPush-Analytics,https://github.com/deka1105/GitHub-AutoPush-Analytics.git,push_log.csv,modified,success,auto-push: push_log.csv [2026-07-28 13:29:42] --END--
2026-07-28 13:30:08,streamPhoneDeck,https://github.com/deka1105/streamPhoneDeck.git,SECURE-PAIRING-PLAN.md.tmp.31046.3d91229df6e8,created,error,"git add failed: fatal: Unable to create '/Users/shubhamarundekatey/ClaudeCode/day27/streamPhoneDeck/.git/index.lock': File exists.\n\nAnother git process seems to be running in this repository, or the lock file may be stale --END--"
2026-07-28 13:30:10,GitHub-AutoPush-Analytics,https://github.com/deka1105/GitHub-AutoPush-Analytics.git,push_log.csv,modified,success,auto-push: push_log.csv [2026-07-28 13:30:08] --END--
2026-07-28 13:30:11,streamPhoneDeck,https://github.com/deka1105/streamPhoneDeck.git,SECURE-PAIRING-PLAN.md.tmp.31046.3d91229df6e8,created,success,auto-push: SECURE-PAIRING-PLAN.md [2026-07-28 13:30:08] --END--
2026-07-28 13:30:13,GitHub-AutoPush-Analytics,https://github.com/deka1105/GitHub-AutoPush-Analytics.git,push_log.csv,modified,success,auto-push: push_log.csv [2026-07-28 13:30:11] --END--
2026-07-28 13:30:18,streamPhoneDeck,https://github.com/deka1105/streamPhoneDeck.git,SECURE-PAIRING-PLAN.md.tmp.31046.7a5449f67703,created,error,"git add failed: fatal: Unable to create '/Users/shubhamarundekatey/ClaudeCode/day27/streamPhoneDeck/.git/index.lock': File exists.\n\nAnother git process seems to be running in this repository, or the lock file may be stale --END--"
2026-07-28 13:30:20,streamPhoneDeck,https://github.com/deka1105/streamPhoneDeck.git,SECURE-PAIRING-PLAN.md.tmp.31046.7a5449f67703,created,success,auto-push: SECURE-PAIRING-PLAN.md [2026-07-28 13:30:18] --END--
2026-07-28 13:30:21,GitHub-AutoPush-Analytics,https://github.com/deka1105/GitHub-AutoPush-Analytics.git,push_log.csv,modified,success,auto-push: push_log.csv [2026-07-28 13:30:18] --END--
2026-07-28 13:30:22,GitHub-AutoPush-Analytics,https://github.com/deka1105/GitHub-AutoPush-Analytics.git,push_log.csv,modified,failed,To https://github.com/deka1105/GitHub-AutoPush-Analytics.git\n ! [remote rejected] HEAD -> main (cannot lock ref 'refs/heads/main': is at fb9778813990e2e2cd05d2d8ce6fb9e131c1c8f2 but expected 8e15c0410b8e35671b1386701b8af4bdd9e6412f)\nerror: failed to push some refs to 'https://github.com/deka1105/GitHub-AutoPush-Analytics.git' --END--
2026-07-28 13:30:24,streamPhoneDeck,https://github.com/deka1105/streamPhoneDeck.git,SECURE-PAIRING-PLAN.md.tmp.31046.633e2300db6e,created,error,"git add failed: fatal: Unable to create '/Users/shubhamarundekatey/ClaudeCode/day27/streamPhoneDeck/.git/index.lock': File exists.\n\nAnother git process seems to be running in this repository, or the lock file may be stale --END--"
2026-07-28 13:30:26,streamPhoneDeck,https://github.com/deka1105/streamPhoneDeck.git,SECURE-PAIRING-PLAN.md.tmp.31046.633e2300db6e,created,success,auto-push: SECURE-PAIRING-PLAN.md [2026-07-28 13:30:24] --END--
2026-07-28 13:30:27,GitHub-AutoPush-Analytics,https://github.com/deka1105/GitHub-AutoPush-Analytics.git,push_log.csv,modified,success,auto-push: push_log.csv [2026-07-28 13:30:24] --END--
2026-07-28 13:30:29,GitHub-AutoPush-Analytics,https://github.com/deka1105/GitHub-AutoPush-Analytics.git,push_log.csv,modified,success,auto-push: push_log.csv [2026-07-28 13:30:26] --END--
2026-07-28 14:47:23,streamPhoneDeck,https://github.com/deka1105/streamPhoneDeck.git,mobile/.gitignore,created,error,"git add failed: fatal: Unable to create '/Users/shubhamarundekatey/ClaudeCode/day27/streamPhoneDeck/.git/index.lock': File exists.\n\nAnother git process seems to be running in this repository, or the lock file may be stale --END--"
2026-07-28 14:47:26,GitHub-AutoPush-Analytics,https://github.com/deka1105/GitHub-AutoPush-Analytics.git,push_log.csv,modified,success,"auto-push: push_log.csv, watcher.log, watcher.log.1, watcher.log.2, watcher.log.3 [2026-07-28 14:47:24] --END--"
2026-07-28 14:47:26,streamPhoneDeck,https://github.com/deka1105/streamPhoneDeck.git,mobile/.gitignore,created,success,auto-push: 13 files changed [2026-07-28 14:47:23] --END--
2026-07-28 14:47:29,GitHub-AutoPush-Analytics,https://github.com/deka1105/GitHub-AutoPush-Analytics.git,push_log.csv,modified,success,auto-push: push_log.csv [2026-07-28 14:47:26] --END--
2026-07-28 14:47:31,GitHub-AutoPush-Analytics,https://github.com/deka1105/GitHub-AutoPush-Analytics.git,push_log.csv,modified,success,auto-push: push_log.csv [2026-07-28 14:47:29] --END--
2026-07-28 14:47:34,GitHub-AutoPush-Analytics,https://github.com/deka1105/GitHub-AutoPush-Analytics.git,push_log.csv,modified,success,auto-push: push_log.csv [2026-07-28 14:47:32] --END--
2026-07-28 14:47:37,GitHub-AutoPush-Analytics,https://github.com/deka1105/GitHub-AutoPush-Analytics.git,push_log.csv,modified,success,auto-push: push_log.csv [2026-07-28 14:47:34] --END--
2026-07-28 14:47:39,GitHub-AutoPush-Analytics,https://github.com/deka1105/GitHub-AutoPush-Analytics.git,push_log.csv,modified,success,auto-push: push_log.csv [2026-07-28 14:47:37] --END--
2026-07-28 14:47:41,streamPhoneDeck,https://github.com/deka1105/streamPhoneDeck.git,mobile/node_modules/es-errors/.eslintrc,created,error,"git add failed: fatal: Unable to create '/Users/shubhamarundekatey/ClaudeCode/day27/streamPhoneDeck/.git/index.lock': File exists.\n\nAnother git process seems to be running in this repository, or the lock file may be stale --END--"
2026-07-28 14:47:43,GitHub-AutoPush-Analytics,https://github.com/deka1105/GitHub-AutoPush-Analytics.git,push_log.csv,modified,success,auto-push: push_log.csv [2026-07-28 14:47:41] --END--
2026-07-28 14:47:46,GitHub-AutoPush-Analytics,https://github.com/deka1105/GitHub-AutoPush-Analytics.git,watcher.log,modified,success,"auto-push: watcher.log, watcher.log.1, watcher.log.2, watcher.log.3 [2026-07-28 14:47:43] --END--"
2026-07-28 14:47:50,GitHub-AutoPush-Analytics,https://github.com/deka1105/GitHub-AutoPush-Analytics.git,push_log.csv,modified,success,"auto-push: push_log.csv, watcher.log, watcher.log.1, watcher.log.2, watcher.log.3 [2026-07-28 14:47:46] --END--"
2026-07-28 14:47:54,GitHub-AutoPush-Analytics,https://github.com/deka1105/GitHub-AutoPush-Analytics.git,watcher.log.1,modified,success,"auto-push: watcher.log, watcher.log.1, watcher.log.2, watcher.log.3 [2026-07-28 14:47:49] --END--"
2026-07-28 14:47:56,GitHub-AutoPush-Analytics,https://github.com/deka1105/GitHub-AutoPush-Analytics.git,watcher.log,deleted,failed,To https://github.com/deka1105/GitHub-AutoPush-Analytics.git\n ! [remote rejected] HEAD -> main (cannot lock ref 'refs/heads/main': is at 3b9bb7e760d314498a06786f8831612725ce1d6c but expected 448327e0ecf9265089fa50f68cd1378143f53388)\nerror: failed to push some refs to 'https://github.com/deka1105/GitHub-AutoPush-Analytics.git' --END--
2026-07-28 14:47:56,streamPhoneDeck,https://github.com/deka1105/streamPhoneDeck.git,mobile/node_modules/metro/src/integration_tests/basic_bundle/require-context/mode-lazy-once.js.flow,created,success,"auto-push: settings.json, AGENTS.md, CLAUDE.md, package-lock.json [2026-07-28 14:47:54] --END--"
2026-07-28 14:47:58,GitHub-AutoPush-Analytics,https://github.com/deka1105/GitHub-AutoPush-Analytics.git,watcher.log.3,deleted,success,"auto-push: push_log.csv, watcher.log [2026-07-28 14:47:56] --END--"
2026-07-28 14:48:46,streamPhoneDeck,https://github.com/deka1105/streamPhoneDeck.git,mobile/package.json.i5sS3n6nYJrUilYgGUuq2GguQVhU6Ig0YkixdCXL4AU,created,error,"git add failed: fatal: Unable to create '/Users/shubhamarundekatey/ClaudeCode/day27/streamPhoneDeck/.git/index.lock': File exists.\n\nAnother git process seems to be running in this repository, or the lock file may be stale --END--"
2026-07-28 14:48:48,streamPhoneDeck,https://github.com/deka1105/streamPhoneDeck.git,mobile/package.json.i5sS3n6nYJrUilYgGUuq2GguQVhU6Ig0YkixdCXL4AU,created,success,auto-push: package.json [2026-07-28 14:48:46] --END--
2026-07-28 14:48:50,GitHub-AutoPush-Analytics,https://github.com/deka1105/GitHub-AutoPush-Analytics.git,push_log.csv,modified,success,"auto-push: push_log.csv, watcher.log, watcher.log.1, watcher.log.2, watcher.log.3 [2026-07-28 14:48:46] --END--"
2026-07-28 14:48:53,streamPhoneDeck,https://github.com/deka1105/streamPhoneDeck.git,mobile/node_modules/expo-secure-store/ios/ExpoSecureStore.podspec,created,success,"auto-push: package-lock.json, package.json [2026-07-28 14:48:51] --END--"
2026-07-28 14:48:53,GitHub-AutoPush-Analytics,https://github.com/deka1105/GitHub-AutoPush-Analytics.git,push_log.csv,modified,failed,To https://github.com/deka1105/GitHub-AutoPush-Analytics.git\n ! [remote rejected] HEAD -> main (cannot lock ref 'refs/heads/main': is at 9b9b5f5735a599bd9243edd881e3407444f4db08 but expected a92aaf4d4af8e56255c444d5677c25111200181a)\nerror: failed to push some refs to 'https://github.com/deka1105/GitHub-AutoPush-Analytics.git' --END--
2026-07-28 14:48:57,GitHub-AutoPush-Analytics,https://github.com/deka1105/GitHub-AutoPush-Analytics.git,watcher.log,modified,success,"auto-push: push_log.csv, watcher.log, watcher.log.1, watcher.log.2, watcher.log.3 [2026-07-28 14:48:53] --END--"
2026-07-28 14:48:57,GitHub-AutoPush-Analytics,https://github.com/deka1105/GitHub-AutoPush-Analytics.git,watcher.log,deleted,failed,To https://github.com/deka1105/GitHub-AutoPush-Analytics.git\n ! [remote rejected] HEAD -> main (cannot lock ref 'refs/heads/main': is at 93746d5eec651f8546db904d13a27a6d5817c964 but expected 9b9b5f5735a599bd9243edd881e3407444f4db08)\nerror: failed to push some refs to 'https://github.com/deka1105/GitHub-AutoPush-Analytics.git' --END--
2026-07-28 14:48:59,streamPhoneDeck,https://github.com/deka1105/streamPhoneDeck.git,mobile/node_modules/expo-camera/prebuilds/spm-deps/ZXingObjC/debug/ZXingObjC.xcframework/ios-arm64/ZXingObjC.framework/Headers/ZXingObjC/ZXGeoResultParser.h,created,success,auto-push: app.json [2026-07-28 14:48:57] --END--
2026-07-28 14:49:02,GitHub-AutoPush-Analytics,https://github.com/deka1105/GitHub-AutoPush-Analytics.git,push_log.csv,modified,success,"auto-push: push_log.csv, watcher.log, watcher.log.1, watcher.log.2, watcher.log.3 [2026-07-28 14:48:59] --END--"
2026-07-28 14:49:58,streamPhoneDeck,https://github.com/deka1105/streamPhoneDeck.git,mobile/package.json.itbYOQkC9_uKFelGCvjGEdjM2ZeCVCx60yKctbsbZQ4,created,error,"git add failed: fatal: Unable to create '/Users/shubhamarundekatey/ClaudeCode/day27/streamPhoneDeck/.git/index.lock': File exists.\n\nAnother git process seems to be running in this repository, or the lock file may be stale --END--"
2026-07-28 14:50:01,streamPhoneDeck,https://github.com/deka1105/streamPhoneDeck.git,mobile/package.json.itbYOQkC9_uKFelGCvjGEdjM2ZeCVCx60yKctbsbZQ4,created,success,auto-push: package.json [2026-07-28 14:49:59] --END--
2026-07-28 14:50:01,GitHub-AutoPush-Analytics,https://github.com/deka1105/GitHub-AutoPush-Analytics.git,push_log.csv,modified,success,"auto-push: push_log.csv, watcher.log [2026-07-28 14:49:59] --END--"
2026-07-28 14:50:03,GitHub-AutoPush-Analytics,https://github.com/deka1105/GitHub-AutoPush-Analytics.git,push_log.csv,modified,success,auto-push: push_log.csv [2026-07-28 14:50:01] --END--
2026-07-28 14:52:00,streamPhoneDeck,https://github.com/deka1105/streamPhoneDeck.git,mobile/app.json.tmp.31046.437fee776d93,created,error,"git add failed: fatal: Unable to create '/Users/shubhamarundekatey/ClaudeCode/day27/streamPhoneDeck/.git/index.lock': File exists.\n\nAnother git process seems to be running in this repository, or the lock file may be stale --END--"
2026-07-28 14:52:02,GitHub-AutoPush-Analytics,https://github.com/deka1105/GitHub-AutoPush-Analytics.git,push_log.csv,modified,success,auto-push: push_log.csv [2026-07-28 14:52:00] --END--
2026-07-28 14:52:02,streamPhoneDeck,https://github.com/deka1105/streamPhoneDeck.git,mobile/app.json.tmp.31046.437fee776d93,created,success,"auto-push: app.json, package-lock.json [2026-07-28 14:52:00] --END--"
2026-07-28 14:52:04,GitHub-AutoPush-Analytics,https://github.com/deka1105/GitHub-AutoPush-Analytics.git,push_log.csv,modified,success,auto-push: push_log.csv [2026-07-28 14:52:02] --END--
2026-07-28 14:52:12,streamPhoneDeck,https://github.com/deka1105/streamPhoneDeck.git,mobile/src/crypto.ts.tmp.31046.6d5e0eb2bea7,created,error,"git add failed: fatal: Unable to create '/Users/shubhamarundekatey/ClaudeCode/day27/streamPhoneDeck/.git/index.lock': File exists.\n\nAnother git process seems to be running in this repository, or the lock file may be stale --END--"
2026-07-28 14:52:14,streamPhoneDeck,https://github.com/deka1105/streamPhoneDeck.git,mobile/src/crypto.ts.tmp.31046.6d5e0eb2bea7,created,success,auto-push: crypto.ts [2026-07-28 14:52:12] --END--
2026-07-28 14:52:14,GitHub-AutoPush-Analytics,https://github.com/deka1105/GitHub-AutoPush-Analytics.git,push_log.csv,modified,success,auto-push: push_log.csv [2026-07-28 14:52:12] --END--
2026-07-28 14:52:16,GitHub-AutoPush-Analytics,https://github.com/deka1105/GitHub-AutoPush-Analytics.git,push_log.csv,modified,success,auto-push: push_log.csv [2026-07-28 14:52:14] --END--
2026-07-28 14:52:20,streamPhoneDeck,https://github.com/deka1105/streamPhoneDeck.git,mobile/src/storage.ts.tmp.31046.4f3a272026ea,created,error,"git add failed: fatal: Unable to create '/Users/shubhamarundekatey/ClaudeCode/day27/streamPhoneDeck/.git/index.lock': File exists.\n\nAnother git process seems to be running in this repository, or the lock file may be stale --END--"
2026-07-28 14:52:22,streamPhoneDeck,https://github.com/deka1105/streamPhoneDeck.git,mobile/src/storage.ts.tmp.31046.4f3a272026ea,created,success,auto-push: storage.ts [2026-07-28 14:52:20] --END--
2026-07-28 14:52:22,GitHub-AutoPush-Analytics,https://github.com/deka1105/GitHub-AutoPush-Analytics.git,push_log.csv,modified,success,auto-push: push_log.csv [2026-07-28 14:52:20] --END--
2026-07-28 14:52:25,GitHub-AutoPush-Analytics,https://github.com/deka1105/GitHub-AutoPush-Analytics.git,push_log.csv,modified,success,auto-push: push_log.csv [2026-07-28 14:52:22] --END--
2026-07-28 14:52:28,streamPhoneDeck,https://github.com/deka1105/streamPhoneDeck.git,mobile/src/rpc.ts.tmp.31046.661ab8f4a1e0,created,error,"git add failed: fatal: Unable to create '/Users/shubhamarundekatey/ClaudeCode/day27/streamPhoneDeck/.git/index.lock': File exists.\n\nAnother git process seems to be running in this repository, or the lock file may be stale --END--"
2026-07-28 14:52:31,GitHub-AutoPush-Analytics,https://github.com/deka1105/GitHub-AutoPush-Analytics.git,push_log.csv,modified,success,auto-push: push_log.csv [2026-07-28 14:52:28] --END--
2026-07-28 14:52:32,streamPhoneDeck,https://github.com/deka1105/streamPhoneDeck.git,mobile/src/rpc.ts.tmp.31046.661ab8f4a1e0,created,success,auto-push: rpc.ts [2026-07-28 14:52:28] --END--
2026-07-28 14:52:34,GitHub-AutoPush-Analytics,https://github.com/deka1105/GitHub-AutoPush-Analytics.git,push_log.csv,modified,success,auto-push: push_log.csv [2026-07-28 14:52:32] --END--
2026-07-28 14:52:36,GitHub-AutoPush-Analytics,https://github.com/deka1105/GitHub-AutoPush-Analytics.git,push_log.csv,modified,success,auto-push: push_log.csv [2026-07-28 14:52:34] --END--
2026-07-28 14:52:49,streamPhoneDeck,https://github.com/deka1105/streamPhoneDeck.git,mobile/index.ts.tmp.31046.893550a9f63b,created,error,"git add failed: fatal: Unable to create '/Users/shubhamarundekatey/ClaudeCode/day27/streamPhoneDeck/.git/index.lock': File exists.\n\nAnother git process seems to be running in this repository, or the lock file may be stale --END--"
2026-07-28 14:52:52,GitHub-AutoPush-Analytics,https://github.com/deka1105/GitHub-AutoPush-Analytics.git,push_log.csv,modified,success,auto-push: push_log.csv [2026-07-28 14:52:49] --END--
2026-07-28 14:52:52,streamPhoneDeck,https://github.com/deka1105/streamPhoneDeck.git,mobile/index.ts.tmp.31046.893550a9f63b,created,success,auto-push: index.ts [2026-07-28 14:52:49] --END--
2026-07-28 14:52:55,GitHub-AutoPush-Analytics,https://github.com/deka1105/GitHub-AutoPush-Analytics.git,push_log.csv,modified,success,auto-push: push_log.csv [2026-07-28 14:52:52] --END--
2026-07-28 14:53:01,GitHub-AutoPush-Analytics,https://github.com/deka1105/GitHub-AutoPush-Analytics.git,push_log.csv,modified,success,auto-push: push_log.csv [2026-07-28 14:52:57] --END--
2026-07-28 14:53:01,GitHub-AutoPush-Analytics,https://github.com/deka1105/GitHub-AutoPush-Analytics.git,push_log.csv,modified,error,"git commit failed: fatal: Unable to create '/Users/shubhamarundekatey/ClaudeCode/day10/GitHub-AutoPush-Analytics/.git/index.lock': File exists.\n\nAnother git process seems to be running in this repository, or the lock file may be stale --END--"
2026-07-28 14:53:04,GitHub-AutoPush-Analytics,https://github.com/deka1105/GitHub-AutoPush-Analytics.git,push_log.csv,modified,success,auto-push: push_log.csv [2026-07-28 14:53:01] --END--
2026-07-28 14:53:22,streamPhoneDeck,https://github.com/deka1105/streamPhoneDeck.git,mobile/App.tsx.tmp.31046.92b095ae6f75,created,error,"git add failed: fatal: Unable to create '/Users/shubhamarundekatey/ClaudeCode/day27/streamPhoneDeck/.git/index.lock': File exists.\n\nAnother git process seems to be running in this repository, or the lock file may be stale --END--"
2026-07-28 14:53:26,streamPhoneDeck,https://github.com/deka1105/streamPhoneDeck.git,mobile/App.tsx.tmp.31046.92b095ae6f75,created,success,auto-push: App.tsx [2026-07-28 14:53:22] --END--
2026-07-28 14:53:26,GitHub-AutoPush-Analytics,https://github.com/deka1105/GitHub-AutoPush-Analytics.git,push_log.csv,modified,success,auto-push: push_log.csv [2026-07-28 14:53:22] --END--
2026-07-28 14:53:30,GitHub-AutoPush-Analytics,https://github.com/deka1105/GitHub-AutoPush-Analytics.git,push_log.csv,modified,success,"auto-push: push_log.csv, watcher.log, watcher.log.1, watcher.log.2, watcher.log.3 [2026-07-28 14:53:27] --END--"
2026-07-28 14:53:33,GitHub-AutoPush-Analytics,https://github.com/deka1105/GitHub-AutoPush-Analytics.git,push_log.csv,modified,success,auto-push: push_log.csv [2026-07-28 14:53:30] --END--
2026-07-28 14:53:37,GitHub-AutoPush-Analytics,https://github.com/deka1105/GitHub-AutoPush-Analytics.git,push_log.csv,modified,success,auto-push: push_log.csv [2026-07-28 14:53:33] --END--
2026-07-28 14:53:39,GitHub-AutoPush-Analytics,https://github.com/deka1105/GitHub-AutoPush-Analytics.git,push_log.csv,modified,success,auto-push: push_log.csv [2026-07-28 14:53:37] --END--
2026-07-28 14:53:42,GitHub-AutoPush-Analytics,https://github.com/deka1105/GitHub-AutoPush-Analytics.git,push_log.csv,modified,success,auto-push: push_log.csv [2026-07-28 14:53:40] --END--
2026-07-28 14:53:45,GitHub-AutoPush-Analytics,https://github.com/deka1105/GitHub-AutoPush-Analytics.git,push_log.csv,modified,success,auto-push: push_log.csv [2026-07-28 14:53:43] --END--
2026-07-28 14:53:48,GitHub-AutoPush-Analytics,https://github.com/deka1105/GitHub-AutoPush-Analytics.git,push_log.csv,modified,success,auto-push: push_log.csv [2026-07-28 14:53:45] --END--
2026-07-28 14:53:51,GitHub-AutoPush-Analytics,https://github.com/deka1105/GitHub-AutoPush-Analytics.git,push_log.csv,modified,success,auto-push: push_log.csv [2026-07-28 14:53:48] --END--
2026-07-28 14:53:54,GitHub-AutoPush-Analytics,https://github.com/deka1105/GitHub-AutoPush-Analytics.git,push_log.csv,modified,success,auto-push: push_log.csv [2026-07-28 14:53:51] --END--
2026-07-28 14:53:58,GitHub-AutoPush-Analytics,https://github.com/deka1105/GitHub-AutoPush-Analytics.git,push_log.csv,modified,success,auto-push: push_log.csv [2026-07-28 14:53:54] --END--
2026-07-28 14:54:01,GitHub-AutoPush-Analytics,https://github.com/deka1105/GitHub-AutoPush-Analytics.git,push_log.csv,modified,success,auto-push: push_log.csv [2026-07-28 14:53:58] --END--
2026-07-28 14:54:03,GitHub-AutoPush-Analytics,https://github.com/deka1105/GitHub-AutoPush-Analytics.git,push_log.csv,modified,success,auto-push: push_log.csv [2026-07-28 14:54:01] --END--
2026-07-28 14:54:06,GitHub-AutoPush-Analytics,https://github.com/deka1105/GitHub-AutoPush-Analytics.git,push_log.csv,modified,success,auto-push: push_log.csv [2026-07-28 14:54:03] --END--
2026-07-28 14:54:09,GitHub-AutoPush-Analytics,https://github.com/deka1105/GitHub-AutoPush-Analytics.git,push_log.csv,modified,success,auto-push: push_log.csv [2026-07-28 14:54:06] --END--
2026-07-28 14:54:12,GitHub-AutoPush-Analytics,https://github.com/deka1105/GitHub-AutoPush-Analytics.git,push_log.csv,modified,success,auto-push: push_log.csv [2026-07-28 14:54:09] --END--
2026-07-28 14:54:15,GitHub-AutoPush-Analytics,https://github.com/deka1105/GitHub-AutoPush-Analytics.git,push_log.csv,modified,success,"auto-push: push_log.csv, watcher.log, watcher.log.1, watcher.log.2, watcher.log.3 [2026-07-28 14:54:13] --END--"
2026-07-28 14:54:17,GitHub-AutoPush-Analytics,https://github.com/deka1105/GitHub-AutoPush-Analytics.git,push_log.csv,modified,success,auto-push: push_log.csv [2026-07-28 14:54:15] --END--
2026-07-28 14:54:20,GitHub-AutoPush-Analytics,https://github.com/deka1105/GitHub-AutoPush-Analytics.git,push_log.csv,modified,success,auto-push: push_log.csv [2026-07-28 14:54:18] --END--
2026-07-28 14:54:23,GitHub-AutoPush-Analytics,https://github.com/deka1105/GitHub-AutoPush-Analytics.git,push_log.csv,modified,success,auto-push: push_log.csv [2026-07-28 14:54:20] --END--
2026-07-28 14:54:25,GitHub-AutoPush-Analytics,https://github.com/deka1105/GitHub-AutoPush-Analytics.git,push_log.csv,modified,success,auto-push: push_log.csv [2026-07-28 14:54:23] --END--
2026-07-28 14:54:29,streamPhoneDeck,https://github.com/deka1105/streamPhoneDeck.git,mobile/scripts/interop-check.mjs.tmp.31046.898516e05bf9,created,error,"git add failed: fatal: Unable to create '/Users/shubhamarundekatey/ClaudeCode/day27/streamPhoneDeck/.git/index.lock': File exists.\n\nAnother git process seems to be running in this repository, or the lock file may be stale --END--"
2026-07-28 14:54:31,streamPhoneDeck,https://github.com/deka1105/streamPhoneDeck.git,mobile/scripts/interop-check.mjs.tmp.31046.898516e05bf9,created,success,auto-push: interop-check.mjs [2026-07-28 14:54:29] --END--
2026-07-28 14:54:31,GitHub-AutoPush-Analytics,https://github.com/deka1105/GitHub-AutoPush-Analytics.git,push_log.csv,modified,success,auto-push: push_log.csv [2026-07-28 14:54:29] --END--
2026-07-28 14:54:34,GitHub-AutoPush-Analytics,https://github.com/deka1105/GitHub-AutoPush-Analytics.git,push_log.csv,modified,success,auto-push: push_log.csv [2026-07-28 14:54:31] --END--
2026-07-28 14:55:23,streamPhoneDeck,https://github.com/deka1105/streamPhoneDeck.git,mobile/eas.json.tmp.31046.73e3a451997e,created,error,"git add failed: fatal: Unable to create '/Users/shubhamarundekatey/ClaudeCode/day27/streamPhoneDeck/.git/index.lock': File exists.\n\nAnother git process seems to be running in this repository, or the lock file may be stale --END--"
2026-07-28 14:55:26,streamPhoneDeck,https://github.com/deka1105/streamPhoneDeck.git,mobile/eas.json.tmp.31046.73e3a451997e,created,success,auto-push: eas.json [2026-07-28 14:55:24] --END--
2026-07-28 14:55:26,GitHub-AutoPush-Analytics,https://github.com/deka1105/GitHub-AutoPush-Analytics.git,push_log.csv,modified,success,auto-push: push_log.csv [2026-07-28 14:55:24] --END--
2026-07-28 14:55:28,GitHub-AutoPush-Analytics,https://github.com/deka1105/GitHub-AutoPush-Analytics.git,push_log.csv,modified,success,auto-push: push_log.csv [2026-07-28 14:55:26] --END--
2026-07-28 14:55:31,GitHub-AutoPush-Analytics,https://github.com/deka1105/GitHub-AutoPush-Analytics.git,push_log.csv,modified,success,auto-push: push_log.csv [2026-07-28 14:55:29] --END--
2026-07-28 14:55:34,streamPhoneDeck,https://github.com/deka1105/streamPhoneDeck.git,.github/workflows/mobile-android.yml.tmp.31046.c4d3cce5fc74,created,success,auto-push: mobile-android.yml [2026-07-28 14:55:32] --END--
2026-07-28 14:55:34,GitHub-AutoPush-Analytics,https://github.com/deka1105/GitHub-AutoPush-Analytics.git,push_log.csv,modified,success,auto-push: push_log.csv [2026-07-28 14:55:31] --END--
2026-07-28 14:55:37,GitHub-AutoPush-Analytics,https://github.com/deka1105/GitHub-AutoPush-Analytics.git,push_log.csv,modified,success,auto-push: push_log.csv [2026-07-28 14:55:34] --END--
2026-07-28 14:55:40,GitHub-AutoPush-Analytics,https://github.com/deka1105/GitHub-AutoPush-Analytics.git,push_log.csv,modified,success,auto-push: push_log.csv [2026-07-28 14:55:37] --END--
2026-07-28 14:55:42,streamPhoneDeck,https://github.com/deka1105/streamPhoneDeck.git,.github/workflows/mobile-ios-eas.yml.tmp.31046.7d3e789c9d35,created,success,auto-push: mobile-ios-eas.yml [2026-07-28 14:55:40] --END--
2026-07-28 14:55:42,GitHub-AutoPush-Analytics,https://github.com/deka1105/GitHub-AutoPush-Analytics.git,push_log.csv,modified,success,auto-push: push_log.csv [2026-07-28 14:55:40] --END--
2026-07-28 14:55:45,GitHub-AutoPush-Analytics,https://github.com/deka1105/GitHub-AutoPush-Analytics.git,push_log.csv,modified,success,auto-push: push_log.csv [2026-07-28 14:55:42] --END--
2026-07-28 14:55:57,streamPhoneDeck,https://github.com/deka1105/streamPhoneDeck.git,mobile/README.md.tmp.31046.3c9a1f923f63,created,error,"git add failed: fatal: Unable to create '/Users/shubhamarundekatey/ClaudeCode/day27/streamPhoneDeck/.git/index.lock': File exists.\n\nAnother git process seems to be running in this repository, or the lock file may be stale --END--"
2026-07-28 14:56:00,streamPhoneDeck,https://github.com/deka1105/streamPhoneDeck.git,mobile/README.md.tmp.31046.3c9a1f923f63,created,success,auto-push: README.md [2026-07-28 14:55:57] --END--
2026-07-28 14:56:00,GitHub-AutoPush-Analytics,https://github.com/deka1105/GitHub-AutoPush-Analytics.git,push_log.csv,modified,success,auto-push: push_log.csv [2026-07-28 14:55:58] --END--
2026-07-28 14:56:02,GitHub-AutoPush-Analytics,https://github.com/deka1105/GitHub-AutoPush-Analytics.git,push_log.csv,modified,success,auto-push: push_log.csv [2026-07-28 14:56:00] --END--
2026-07-28 14:56:10,streamPhoneDeck,https://github.com/deka1105/streamPhoneDeck.git,SECURE-PAIRING-PLAN.md.tmp.31046.6fb6238c203b,created,error,"git add failed: fatal: Unable to create '/Users/shubhamarundekatey/ClaudeCode/day27/streamPhoneDeck/.git/index.lock': File exists.\n\nAnother git process seems to be running in this repository, or the lock file may be stale --END--"
2026-07-28 14:56:12,streamPhoneDeck,https://github.com/deka1105/streamPhoneDeck.git,SECURE-PAIRING-PLAN.md.tmp.31046.6fb6238c203b,created,success,auto-push: SECURE-PAIRING-PLAN.md [2026-07-28 14:56:10] --END--
2026-07-28 14:56:12,GitHub-AutoPush-Analytics,https://github.com/deka1105/GitHub-AutoPush-Analytics.git,push_log.csv,modified,success,auto-push: push_log.csv [2026-07-28 14:56:10] --END--
2026-07-28 14:56:14,GitHub-AutoPush-Analytics,https://github.com/deka1105/GitHub-AutoPush-Analytics.git,push_log.csv,modified,success,auto-push: push_log.csv [2026-07-28 14:56:12] --END--
2026-07-28 15:16:34,streamPhoneDeck,https://github.com/deka1105/streamPhoneDeck.git,mobile/package.json.Q9YJfkhrSZPRO5JvkSaNC-DVV9JUlWU6vv86UHz51Ao,created,error,"git add failed: fatal: Unable to create '/Users/shubhamarundekatey/ClaudeCode/day27/streamPhoneDeck/.git/index.lock': File exists.\n\nAnother git process seems to be running in this repository, or the lock file may be stale --END--"
2026-07-28 15:16:37,streamPhoneDeck,https://github.com/deka1105/streamPhoneDeck.git,mobile/package.json.Q9YJfkhrSZPRO5JvkSaNC-DVV9JUlWU6vv86UHz51Ao,created,success,auto-push: package.json [2026-07-28 15:16:34] --END--
2026-07-28 15:16:37,GitHub-AutoPush-Analytics,https://github.com/deka1105/GitHub-AutoPush-Analytics.git,push_log.csv,modified,success,"auto-push: push_log.csv, watcher.log, watcher.log.1, watcher.log.2, watcher.log.3 [2026-07-28 15:16:35] --END--"
2026-07-28 15:16:41,GitHub-AutoPush-Analytics,https://github.com/deka1105/GitHub-AutoPush-Analytics.git,push_log.csv,modified,success,"auto-push: push_log.csv, watcher.log [2026-07-28 15:16:37] --END--"
2026-07-28 15:16:43,streamPhoneDeck,https://github.com/deka1105/streamPhoneDeck.git,mobile/node_modules/is-plain-obj/license,created,success,auto-push: package-lock.json [2026-07-28 15:16:41] --END--
2026-07-28 15:16:43,GitHub-AutoPush-Analytics,https://github.com/deka1105/GitHub-AutoPush-Analytics.git,push_log.csv,modified,success,auto-push: push_log.csv [2026-07-28 15:16:41] --END--
2026-07-28 15:16:45,GitHub-AutoPush-Analytics,https://github.com/deka1105/GitHub-AutoPush-Analytics.git,push_log.csv,modified,success,auto-push: push_log.csv [2026-07-28 15:16:43] --END--
2026-07-28 15:16:59,streamPhoneDeck,https://github.com/deka1105/streamPhoneDeck.git,mobile/src/buttons.ts.tmp.31046.4f28522bcf70,created,error,"git add failed: fatal: Unable to create '/Users/shubhamarundekatey/ClaudeCode/day27/streamPhoneDeck/.git/index.lock': File exists.\n\nAnother git process seems to be running in this repository, or the lock file may be stale --END--"
2026-07-28 15:17:01,streamPhoneDeck,https://github.com/deka1105/streamPhoneDeck.git,mobile/src/buttons.ts.tmp.31046.4f28522bcf70,created,success,auto-push: buttons.ts [2026-07-28 15:16:59] --END--
2026-07-28 15:17:01,GitHub-AutoPush-Analytics,https://github.com/deka1105/GitHub-AutoPush-Analytics.git,push_log.csv,modified,success,auto-push: push_log.csv [2026-07-28 15:16:59] --END--
2026-07-28 15:17:03,GitHub-AutoPush-Analytics,https://github.com/deka1105/GitHub-AutoPush-Analytics.git,push_log.csv,modified,success,"auto-push: push_log.csv, watcher.log, watcher.log.1, watcher.log.2, watcher.log.3 [2026-07-28 15:17:01] --END--"
2026-07-28 15:17:09,streamPhoneDeck,https://github.com/deka1105/streamPhoneDeck.git,mobile/src/keys.ts.tmp.31046.d4e738069b7e,created,error,"git add failed: fatal: Unable to create '/Users/shubhamarundekatey/ClaudeCode/day27/streamPhoneDeck/.git/index.lock': File exists.\n\nAnother git process seems to be running in this repository, or the lock file may be stale --END--"
2026-07-28 15:17:12,streamPhoneDeck,https://github.com/deka1105/streamPhoneDeck.git,mobile/src/keys.ts.tmp.31046.d4e738069b7e,created,success,auto-push: keys.ts [2026-07-28 15:17:09] --END--
2026-07-28 15:17:12,GitHub-AutoPush-Analytics,https://github.com/deka1105/GitHub-AutoPush-Analytics.git,push_log.csv,modified,success,auto-push: push_log.csv [2026-07-28 15:17:10] --END--
2026-07-28 15:17:14,GitHub-AutoPush-Analytics,https://github.com/deka1105/GitHub-AutoPush-Analytics.git,push_log.csv,modified,success,auto-push: push_log.csv [2026-07-28 15:17:12] --END--
2026-07-28 15:17:18,streamPhoneDeck,https://github.com/deka1105/streamPhoneDeck.git,mobile/src/deckStorage.ts.tmp.31046.59159dd43415,created,error,"git add failed: fatal: Unable to create '/Users/shubhamarundekatey/ClaudeCode/day27/streamPhoneDeck/.git/index.lock': File exists.\n\nAnother git process seems to be running in this repository, or the lock file may be stale --END--"
2026-07-28 15:17:21,streamPhoneDeck,https://github.com/deka1105/streamPhoneDeck.git,mobile/src/deckStorage.ts.tmp.31046.59159dd43415,created,success,auto-push: deckStorage.ts [2026-07-28 15:17:18] --END--
2026-07-28 15:17:21,GitHub-AutoPush-Analytics,https://github.com/deka1105/GitHub-AutoPush-Analytics.git,push_log.csv,modified,success,auto-push: push_log.csv [2026-07-28 15:17:18] --END--
2026-07-28 15:17:23,GitHub-AutoPush-Analytics,https://github.com/deka1105/GitHub-AutoPush-Analytics.git,push_log.csv,modified,success,auto-push: push_log.csv [2026-07-28 15:17:21] --END--
2026-07-28 15:17:28,streamPhoneDeck,https://github.com/deka1105/streamPhoneDeck.git,mobile/src/rpc.ts.tmp.31046.cf83d794242d,created,error,"git add failed: fatal: Unable to create '/Users/shubhamarundekatey/ClaudeCode/day27/streamPhoneDeck/.git/index.lock': File exists.\n\nAnother git process seems to be running in this repository, or the lock file may be stale --END--"
2026-07-28 15:17:30,streamPhoneDeck,https://github.com/deka1105/streamPhoneDeck.git,mobile/src/rpc.ts.tmp.31046.cf83d794242d,created,success,auto-push: rpc.ts [2026-07-28 15:17:28] --END--
2026-07-28 15:17:30,GitHub-AutoPush-Analytics,https://github.com/deka1105/GitHub-AutoPush-Analytics.git,push_log.csv,modified,success,auto-push: push_log.csv [2026-07-28 15:17:28] --END--
2026-07-28 15:17:32,GitHub-AutoPush-Analytics,https://github.com/deka1105/GitHub-AutoPush-Analytics.git,push_log.csv,modified,success,auto-push: push_log.csv [2026-07-28 15:17:30] --END--
2026-07-28 15:17:58,streamPhoneDeck,https://github.com/deka1105/streamPhoneDeck.git,mobile/src/TileEditor.tsx.tmp.31046.af5786196487,created,error,"git add failed: fatal: Unable to create '/Users/shubhamarundekatey/ClaudeCode/day27/streamPhoneDeck/.git/index.lock': File exists.\n\nAnother git process seems to be running in this repository, or the lock file may be stale --END--"
2026-07-28 15:18:00,GitHub-AutoPush-Analytics,https://github.com/deka1105/GitHub-AutoPush-Analytics.git,push_log.csv,modified,success,auto-push: push_log.csv [2026-07-28 15:17:58] --END--
2026-07-28 15:18:01,streamPhoneDeck,https://github.com/deka1105/streamPhoneDeck.git,mobile/src/TileEditor.tsx.tmp.31046.af5786196487,created,success,auto-push: TileEditor.tsx [2026-07-28 15:17:58] --END--
2026-07-28 15:18:03,GitHub-AutoPush-Analytics,https://github.com/deka1105/GitHub-AutoPush-Analytics.git,push_log.csv,modified,success,auto-push: push_log.csv [2026-07-28 15:18:01] --END--
2026-07-28 15:18:05,GitHub-AutoPush-Analytics,https://github.com/deka1105/GitHub-AutoPush-Analytics.git,push_log.csv,modified,success,auto-push: push_log.csv [2026-07-28 15:18:03] --END--
2026-07-28 15:19:00,streamPhoneDeck,https://github.com/deka1105/streamPhoneDeck.git,mobile/App.tsx.tmp.31046.6183e8c5530b,created,error,"git add failed: fatal: Unable to create '/Users/shubhamarundekatey/ClaudeCode/day27/streamPhoneDeck/.git/index.lock': File exists.\n\nAnother git process seems to be running in this repository, or the lock file may be stale --END--"
2026-07-28 15:19:02,streamPhoneDeck,https://github.com/deka1105/streamPhoneDeck.git,mobile/App.tsx.tmp.31046.6183e8c5530b,created,success,auto-push: App.tsx [2026-07-28 15:19:00] --END--
2026-07-28 15:19:03,GitHub-AutoPush-Analytics,https://github.com/deka1105/GitHub-AutoPush-Analytics.git,push_log.csv,modified,success,auto-push: push_log.csv [2026-07-28 15:19:01] --END--
2026-07-28 15:19:05,GitHub-AutoPush-Analytics,https://github.com/deka1105/GitHub-AutoPush-Analytics.git,push_log.csv,modified,success,auto-push: push_log.csv [2026-07-28 15:19:03] --END--
2026-07-28 15:19:26,streamPhoneDeck,https://github.com/deka1105/streamPhoneDeck.git,SECURE-PAIRING-PLAN.md.tmp.31046.922193b0a5c1,created,error,"git add failed: fatal: Unable to create '/Users/shubhamarundekatey/ClaudeCode/day27/streamPhoneDeck/.git/index.lock': File exists.\n\nAnother git process seems to be running in this repository, or the lock file may be stale --END--"
2026-07-28 15:19:28,streamPhoneDeck,https://github.com/deka1105/streamPhoneDeck.git,SECURE-PAIRING-PLAN.md.tmp.31046.922193b0a5c1,created,success,auto-push: SECURE-PAIRING-PLAN.md [2026-07-28 15:19:26] --END--
2026-07-28 15:19:29,GitHub-AutoPush-Analytics,https://github.com/deka1105/GitHub-AutoPush-Analytics.git,push_log.csv,modified,success,auto-push: push_log.csv [2026-07-28 15:19:26] --END--
2026-07-28 15:19:31,GitHub-AutoPush-Analytics,https://github.com/deka1105/GitHub-AutoPush-Analytics.git,push_log.csv,modified,success,auto-push: push_log.csv [2026-07-28 15:19:28] --END--
2026-07-28 15:19:34,streamPhoneDeck,https://github.com/deka1105/streamPhoneDeck.git,mobile/README.md.tmp.31046.0f957d015ecc,created,error,"git add failed: fatal: Unable to create '/Users/shubhamarundekatey/ClaudeCode/day27/streamPhoneDeck/.git/index.lock': File exists.\n\nAnother git process seems to be running in this repository, or the lock file may be stale --END--"
2026-07-28 15:19:36,streamPhoneDeck,https://github.com/deka1105/streamPhoneDeck.git,mobile/README.md.tmp.31046.0f957d015ecc,created,success,auto-push: README.md [2026-07-28 15:19:34] --END--
2026-07-28 15:19:37,GitHub-AutoPush-Analytics,https://github.com/deka1105/GitHub-AutoPush-Analytics.git,push_log.csv,modified,success,auto-push: push_log.csv [2026-07-28 15:19:34] --END--
2026-07-28 15:19:38,GitHub-AutoPush-Analytics,https://github.com/deka1105/GitHub-AutoPush-Analytics.git,push_log.csv,modified,success,auto-push: push_log.csv [2026-07-28 15:19:36] --END--
2026-07-29 11:33:35,streamPhoneDeck,https://github.com/deka1105/streamPhoneDeck.git,desktop/package.json.tmp.31046.ac8d7264a2a6,created,error,"git add failed: fatal: Unable to create '/Users/shubhamarundekatey/ClaudeCode/day27/streamPhoneDeck/.git/index.lock': File exists.\n\nAnother git process seems to be running in this repository, or the lock file may be stale --END--"
2026-07-29 11:33:37,GitHub-AutoPush-Analytics,https://github.com/deka1105/GitHub-AutoPush-Analytics.git,push_log.csv,modified,success,auto-push: push_log.csv [2026-07-29 11:33:35] --END--
2026-07-29 11:33:37,streamPhoneDeck,https://github.com/deka1105/streamPhoneDeck.git,desktop/package.json.tmp.31046.ac8d7264a2a6,created,success,auto-push: package.json [2026-07-29 11:33:35] --END--
2026-07-29 11:33:39,GitHub-AutoPush-Analytics,https://github.com/deka1105/GitHub-AutoPush-Analytics.git,push_log.csv,modified,success,auto-push: push_log.csv [2026-07-29 11:33:38] --END--
2026-07-29 11:34:18,streamPhoneDeck,https://github.com/deka1105/streamPhoneDeck.git,desktop/scripts/gen-icon.mjs.tmp.31046.c81665479883,created,error,"git add failed: fatal: Unable to create '/Users/shubhamarundekatey/ClaudeCode/day27/streamPhoneDeck/.git/index.lock': File exists.\n\nAnother git process seems to be running in this repository, or the lock file may be stale --END--"
2026-07-29 11:34:22,GitHub-AutoPush-Analytics,https://github.com/deka1105/GitHub-AutoPush-Analytics.git,push_log.csv,modified,success,auto-push: push_log.csv [2026-07-29 11:34:19] --END--
2026-07-29 11:34:22,streamPhoneDeck,https://github.com/deka1105/streamPhoneDeck.git,desktop/scripts/gen-icon.mjs.tmp.31046.c81665479883,created,success,auto-push: gen-icon.mjs [2026-07-29 11:34:18] --END--
2026-07-29 11:34:26,GitHub-AutoPush-Analytics,https://github.com/deka1105/GitHub-AutoPush-Analytics.git,push_log.csv,modified,success,auto-push: push_log.csv [2026-07-29 11:34:23] --END--
2026-07-29 11:34:29,GitHub-AutoPush-Analytics,https://github.com/deka1105/GitHub-AutoPush-Analytics.git,push_log.csv,modified,success,auto-push: push_log.csv [2026-07-29 11:34:26] --END--
2026-07-29 11:34:29,streamPhoneDeck,https://github.com/deka1105/streamPhoneDeck.git,desktop/main.mjs.tmp.31046.3a38d16c8e2f,created,success,auto-push: main.mjs [2026-07-29 11:34:27] --END--
2026-07-29 11:34:32,GitHub-AutoPush-Analytics,https://github.com/deka1105/GitHub-AutoPush-Analytics.git,watcher.log,modified,success,"auto-push: push_log.csv, watcher.log, watcher.log.1, watcher.log.2, watcher.log.3 [2026-07-29 11:34:29] --END--"
2026-07-29 11:34:35,streamPhoneDeck,https://github.com/deka1105/streamPhoneDeck.git,desktop/main.mjs.tmp.31046.ce1c46bdf012,created,success,auto-push: main.mjs [2026-07-29 11:34:33] --END--
2026-07-29 11:34:35,GitHub-AutoPush-Analytics,https://github.com/deka1105/GitHub-AutoPush-Analytics.git,push_log.csv,modified,success,"auto-push: push_log.csv, watcher.log [2026-07-29 11:34:33] --END--"
2026-07-29 11:34:38,GitHub-AutoPush-Analytics,https://github.com/deka1105/GitHub-AutoPush-Analytics.git,push_log.csv,modified,success,auto-push: push_log.csv [2026-07-29 11:34:35] --END--
2026-07-29 11:34:40,streamPhoneDeck,https://github.com/deka1105/streamPhoneDeck.git,desktop/main.mjs.tmp.31046.f461fa304552,created,success,auto-push: main.mjs [2026-07-29 11:34:37] --END--
2026-07-29 11:34:42,GitHub-AutoPush-Analytics,https://github.com/deka1105/GitHub-AutoPush-Analytics.git,push_log.csv,modified,success,auto-push: push_log.csv [2026-07-29 11:34:40] --END--
2026-07-29 11:34:45,GitHub-AutoPush-Analytics,https://github.com/deka1105/GitHub-AutoPush-Analytics.git,push_log.csv,modified,success,auto-push: push_log.csv [2026-07-29 11:34:42] --END--
2026-07-29 11:34:45,streamPhoneDeck,https://github.com/deka1105/streamPhoneDeck.git,desktop/main.mjs.tmp.31046.299c9feaf275,created,error,"git add failed: fatal: Unable to create '/Users/shubhamarundekatey/ClaudeCode/day27/streamPhoneDeck/.git/index.lock': File exists.\n\nAnother git process seems to be running in this repository, or the lock file may be stale --END--"
2026-07-29 11:34:47,streamPhoneDeck,https://github.com/deka1105/streamPhoneDeck.git,desktop/main.mjs.tmp.31046.299c9feaf275,created,success,auto-push: main.mjs [2026-07-29 11:34:45] --END--
2026-07-29 11:34:49,GitHub-AutoPush-Analytics,https://github.com/deka1105/GitHub-AutoPush-Analytics.git,push_log.csv,modified,success,auto-push: push_log.csv [2026-07-29 11:34:47] --END--
2026-07-29 11:34:52,GitHub-AutoPush-Analytics,https://github.com/deka1105/GitHub-AutoPush-Analytics.git,push_log.csv,modified,success,auto-push: push_log.csv [2026-07-29 11:34:50] --END--
2026-07-29 11:35:09,streamPhoneDeck,https://github.com/deka1105/streamPhoneDeck.git,desktop/node_modules/node-forge/LICENSE,moved,error,"git add failed: fatal: Unable to create '/Users/shubhamarundekatey/ClaudeCode/day27/streamPhoneDeck/.git/index.lock': File exists.\n\nAnother git process seems to be running in this repository, or the lock file may be stale --END--"
2026-07-29 11:35:10,GitHub-AutoPush-Analytics,https://github.com/deka1105/GitHub-AutoPush-Analytics.git,push_log.csv,modified,error,"git commit failed: On branch main\nYour branch is ahead of 'origin/main' by 1 commit.\n  (use ""git push"" to publish your local commits)\n\nnothing to commit, working tree clean --END--"
2026-07-29 11:35:14,GitHub-AutoPush-Analytics,https://github.com/deka1105/GitHub-AutoPush-Analytics.git,push_log.csv,modified,success,auto-push: push_log.csv [2026-07-29 11:35:10] --END--
2026-07-29 11:35:18,GitHub-AutoPush-Analytics,https://github.com/deka1105/GitHub-AutoPush-Analytics.git,push_log.csv,modified,success,"auto-push: push_log.csv, watcher.log, watcher.log.1, watcher.log.2, watcher.log.3 [2026-07-29 11:35:15] --END--"
2026-07-29 11:35:20,GitHub-AutoPush-Analytics,https://github.com/deka1105/GitHub-AutoPush-Analytics.git,watcher.log,modified,success,"auto-push: watcher.log, watcher.log.1, watcher.log.2, watcher.log.3 [2026-07-29 11:35:17] --END--"
2026-07-29 11:35:24,GitHub-AutoPush-Analytics,https://github.com/deka1105/GitHub-AutoPush-Analytics.git,push_log.csv,modified,success,"auto-push: push_log.csv, watcher.log, watcher.log.1, watcher.log.2, watcher.log.3 [2026-07-29 11:35:21] --END--"
2026-07-29 11:35:25,GitHub-AutoPush-Analytics,https://github.com/deka1105/GitHub-AutoPush-Analytics.git,watcher.log,modified,failed,To https://github.com/deka1105/GitHub-AutoPush-Analytics.git\n ! [remote rejected] HEAD -> main (cannot lock ref 'refs/heads/main': is at 4455d427a6f7d8a907202ba862a2a0217baf51d1 but expected ded84aab50b523f8965d3dc954bdf1812a62bfbb)\nerror: failed to push some refs to 'https://github.com/deka1105/GitHub-AutoPush-Analytics.git' --END--
2026-07-29 11:35:28,GitHub-AutoPush-Analytics,https://github.com/deka1105/GitHub-AutoPush-Analytics.git,watcher.log,modified,success,auto-push: push_log.csv [2026-07-29 11:35:26] --END--
2026-07-29 11:35:29,streamPhoneDeck,https://github.com/deka1105/streamPhoneDeck.git,desktop/node_modules/lodash/fp/next.js,modified,success,auto-push: package-lock.json [2026-07-29 11:35:26] --END--
2026-07-29 11:35:32,GitHub-AutoPush-Analytics,https://github.com/deka1105/GitHub-AutoPush-Analytics.git,watcher.log,deleted,success,auto-push: push_log.csv [2026-07-29 11:35:29] --END--
2026-07-29 11:35:35,GitHub-AutoPush-Analytics,https://github.com/deka1105/GitHub-AutoPush-Analytics.git,push_log.csv,modified,success,auto-push: push_log.csv [2026-07-29 11:35:32] --END--
2026-07-29 11:35:38,GitHub-AutoPush-Analytics,https://github.com/deka1105/GitHub-AutoPush-Analytics.git,push_log.csv,modified,success,auto-push: push_log.csv [2026-07-29 11:35:35] --END--
2026-07-29 11:35:41,GitHub-AutoPush-Analytics,https://github.com/deka1105/GitHub-AutoPush-Analytics.git,push_log.csv,modified,success,auto-push: push_log.csv [2026-07-29 11:35:38] --END--
2026-07-29 11:35:44,GitHub-AutoPush-Analytics,https://github.com/deka1105/GitHub-AutoPush-Analytics.git,push_log.csv,modified,success,auto-push: push_log.csv [2026-07-29 11:35:41] --END--
2026-07-29 11:35:47,GitHub-AutoPush-Analytics,https://github.com/deka1105/GitHub-AutoPush-Analytics.git,push_log.csv,modified,success,auto-push: push_log.csv [2026-07-29 11:35:44] --END--
2026-07-29 11:35:50,GitHub-AutoPush-Analytics,https://github.com/deka1105/GitHub-AutoPush-Analytics.git,push_log.csv,modified,success,auto-push: push_log.csv [2026-07-29 11:35:47] --END--
2026-07-29 11:35:54,GitHub-AutoPush-Analytics,https://github.com/deka1105/GitHub-AutoPush-Analytics.git,push_log.csv,modified,success,auto-push: push_log.csv [2026-07-29 11:35:50] --END--
2026-07-29 11:35:57,GitHub-AutoPush-Analytics,https://github.com/deka1105/GitHub-AutoPush-Analytics.git,push_log.csv,modified,success,auto-push: push_log.csv [2026-07-29 11:35:54] --END--
2026-07-29 11:36:00,GitHub-AutoPush-Analytics,https://github.com/deka1105/GitHub-AutoPush-Analytics.git,push_log.csv,modified,success,auto-push: push_log.csv [2026-07-29 11:35:57] --END--
2026-07-29 11:36:04,GitHub-AutoPush-Analytics,https://github.com/deka1105/GitHub-AutoPush-Analytics.git,push_log.csv,modified,success,auto-push: push_log.csv [2026-07-29 11:36:00] --END--
2026-07-29 11:36:07,GitHub-AutoPush-Analytics,https://github.com/deka1105/GitHub-AutoPush-Analytics.git,push_log.csv,modified,success,"auto-push: push_log.csv, watcher.log, watcher.log.1, watcher.log.2, watcher.log.3 [2026-07-29 11:36:04] --END--"
2026-07-29 11:36:11,GitHub-AutoPush-Analytics,https://github.com/deka1105/GitHub-AutoPush-Analytics.git,push_log.csv,modified,success,"auto-push: push_log.csv, watcher.log [2026-07-29 11:36:08] --END--"
2026-07-29 11:36:14,GitHub-AutoPush-Analytics,https://github.com/deka1105/GitHub-AutoPush-Analytics.git,push_log.csv,modified,success,auto-push: push_log.csv [2026-07-29 11:36:11] --END--
2026-07-29 11:36:17,GitHub-AutoPush-Analytics,https://github.com/deka1105/GitHub-AutoPush-Analytics.git,push_log.csv,modified,success,auto-push: push_log.csv [2026-07-29 11:36:14] --END--
2026-07-29 11:36:20,GitHub-AutoPush-Analytics,https://github.com/deka1105/GitHub-AutoPush-Analytics.git,push_log.csv,modified,success,auto-push: push_log.csv [2026-07-29 11:36:17] --END--
2026-07-29 11:36:22,GitHub-AutoPush-Analytics,https://github.com/deka1105/GitHub-AutoPush-Analytics.git,push_log.csv,modified,success,auto-push: push_log.csv [2026-07-29 11:36:20] --END--
2026-07-29 11:36:25,GitHub-AutoPush-Analytics,https://github.com/deka1105/GitHub-AutoPush-Analytics.git,push_log.csv,modified,success,auto-push: push_log.csv [2026-07-29 11:36:22] --END--
2026-07-29 11:36:28,GitHub-AutoPush-Analytics,https://github.com/deka1105/GitHub-AutoPush-Analytics.git,push_log.csv,modified,success,auto-push: push_log.csv [2026-07-29 11:36:25] --END--
2026-07-29 11:36:30,GitHub-AutoPush-Analytics,https://github.com/deka1105/GitHub-AutoPush-Analytics.git,push_log.csv,modified,success,auto-push: push_log.csv [2026-07-29 11:36:28] --END--
2026-07-29 11:36:32,GitHub-AutoPush-Analytics,https://github.com/deka1105/GitHub-AutoPush-Analytics.git,push_log.csv,modified,success,auto-push: push_log.csv [2026-07-29 11:36:30] --END--
2026-07-29 11:37:05,streamPhoneDeck,https://github.com/deka1105/streamPhoneDeck.git,SECURE-PAIRING-PLAN.md.tmp.31046.22f989ece3d2,created,error,"git add failed: fatal: Unable to create '/Users/shubhamarundekatey/ClaudeCode/day27/streamPhoneDeck/.git/index.lock': File exists.\n\nAnother git process seems to be running in this repository, or the lock file may be stale --END--"
2026-07-29 11:37:07,streamPhoneDeck,https://github.com/deka1105/streamPhoneDeck.git,SECURE-PAIRING-PLAN.md.tmp.31046.22f989ece3d2,created,success,auto-push: SECURE-PAIRING-PLAN.md [2026-07-29 11:37:05] --END--
2026-07-29 11:37:07,GitHub-AutoPush-Analytics,https://github.com/deka1105/GitHub-AutoPush-Analytics.git,push_log.csv,modified,success,auto-push: push_log.csv [2026-07-29 11:37:05] --END--
2026-07-29 11:37:10,GitHub-AutoPush-Analytics,https://github.com/deka1105/GitHub-AutoPush-Analytics.git,push_log.csv,modified,success,auto-push: push_log.csv [2026-07-29 11:37:07] --END--
2026-07-29 11:37:20,streamPhoneDeck,https://github.com/deka1105/streamPhoneDeck.git,desktop/README.md.tmp.31046.619b40c937b2,created,error,"git add failed: fatal: Unable to create '/Users/shubhamarundekatey/ClaudeCode/day27/streamPhoneDeck/.git/index.lock': File exists.\n\nAnother git process seems to be running in this repository, or the lock file may be stale --END--"
2026-07-29 11:37:22,streamPhoneDeck,https://github.com/deka1105/streamPhoneDeck.git,desktop/README.md.tmp.31046.619b40c937b2,created,success,auto-push: README.md [2026-07-29 11:37:20] --END--
2026-07-29 11:37:23,GitHub-AutoPush-Analytics,https://github.com/deka1105/GitHub-AutoPush-Analytics.git,push_log.csv,modified,success,auto-push: push_log.csv [2026-07-29 11:37:20] --END--
2026-07-29 11:37:25,GitHub-AutoPush-Analytics,https://github.com/deka1105/GitHub-AutoPush-Analytics.git,push_log.csv,modified,success,auto-push: push_log.csv [2026-07-29 11:37:22] --END--
2026-07-29 11:37:46,streamPhoneDeck,https://github.com/deka1105/streamPhoneDeck.git,desktop/dist/builder-debug.yml,deleted,error,"git add failed: fatal: Unable to create '/Users/shubhamarundekatey/ClaudeCode/day27/streamPhoneDeck/.git/index.lock': File exists.\n\nAnother git process seems to be running in this repository, or the lock file may be stale --END--"
2026-07-29 11:37:46,GitHub-AutoPush-Analytics,https://github.com/deka1105/GitHub-AutoPush-Analytics.git,push_log.csv,modified,error,"git commit failed: On branch main\nYour branch is ahead of 'origin/main' by 1 commit.\n  (use ""git push"" to publish your local commits)\n\nnothing to commit, working tree clean --END--"
2026-07-29 11:37:49,GitHub-AutoPush-Analytics,https://github.com/deka1105/GitHub-AutoPush-Analytics.git,push_log.csv,modified,success,auto-push: push_log.csv [2026-07-29 11:37:46] --END--
2026-07-29 11:50:42,streamPhoneDeck,https://github.com/deka1105/streamPhoneDeck.git,mobile/scripts/x25519-interop.mjs.tmp.31046.7936b9e2e777,created,error,"git add failed: fatal: Unable to create '/Users/shubhamarundekatey/ClaudeCode/day27/streamPhoneDeck/.git/index.lock': File exists.\n\nAnother git process seems to be running in this repository, or the lock file may be stale --END--"
2026-07-29 11:50:46,GitHub-AutoPush-Analytics,https://github.com/deka1105/GitHub-AutoPush-Analytics.git,push_log.csv,modified,success,auto-push: push_log.csv [2026-07-29 11:50:43] --END--
2026-07-29 11:50:47,streamPhoneDeck,https://github.com/deka1105/streamPhoneDeck.git,mobile/scripts/x25519-interop.mjs.tmp.31046.7936b9e2e777,created,success,"auto-push: package-lock.json, package.json, x25519-interop.mjs [2026-07-29 11:50:42] --END--"
2026-07-29 11:50:50,GitHub-AutoPush-Analytics,https://github.com/deka1105/GitHub-AutoPush-Analytics.git,push_log.csv,modified,success,auto-push: push_log.csv [2026-07-29 11:50:48] --END--
2026-07-29 11:50:54,GitHub-AutoPush-Analytics,https://github.com/deka1105/GitHub-AutoPush-Analytics.git,push_log.csv,modified,success,auto-push: push_log.csv [2026-07-29 11:50:51] --END--
2026-07-29 11:50:58,GitHub-AutoPush-Analytics,https://github.com/deka1105/GitHub-AutoPush-Analytics.git,push_log.csv,modified,success,auto-push: push_log.csv [2026-07-29 11:50:55] --END--
2026-07-29 11:51:02,GitHub-AutoPush-Analytics,https://github.com/deka1105/GitHub-AutoPush-Analytics.git,push_log.csv,modified,success,auto-push: push_log.csv [2026-07-29 11:50:58] --END--
2026-07-29 11:51:06,GitHub-AutoPush-Analytics,https://github.com/deka1105/GitHub-AutoPush-Analytics.git,push_log.csv,modified,success,auto-push: push_log.csv [2026-07-29 11:51:02] --END--
2026-07-29 11:51:09,GitHub-AutoPush-Analytics,https://github.com/deka1105/GitHub-AutoPush-Analytics.git,push_log.csv,modified,success,auto-push: push_log.csv [2026-07-29 11:51:06] --END--
2026-07-29 11:51:13,GitHub-AutoPush-Analytics,https://github.com/deka1105/GitHub-AutoPush-Analytics.git,push_log.csv,modified,success,auto-push: push_log.csv [2026-07-29 11:51:09] --END--
2026-07-29 11:51:17,GitHub-AutoPush-Analytics,https://github.com/deka1105/GitHub-AutoPush-Analytics.git,push_log.csv,modified,success,auto-push: push_log.csv [2026-07-29 11:51:13] --END--
2026-07-29 11:51:21,GitHub-AutoPush-Analytics,https://github.com/deka1105/GitHub-AutoPush-Analytics.git,push_log.csv,modified,success,auto-push: push_log.csv [2026-07-29 11:51:17] --END--
2026-07-29 11:51:25,GitHub-AutoPush-Analytics,https://github.com/deka1105/GitHub-AutoPush-Analytics.git,push_log.csv,modified,success,auto-push: push_log.csv [2026-07-29 11:51:21] --END--
2026-07-29 11:51:30,GitHub-AutoPush-Analytics,https://github.com/deka1105/GitHub-AutoPush-Analytics.git,push_log.csv,modified,success,auto-push: push_log.csv [2026-07-29 11:51:25] --END--
2026-07-29 11:51:31,GitHub-AutoPush-Analytics,https://github.com/deka1105/GitHub-AutoPush-Analytics.git,push_log.csv,modified,error,"git commit failed: On branch main\nYour branch is ahead of 'origin/main' by 1 commit.\n  (use ""git push"" to publish your local commits)\n\nnothing to commit, working tree clean --END--"
2026-07-29 11:51:35,GitHub-AutoPush-Analytics,https://github.com/deka1105/GitHub-AutoPush-Analytics.git,push_log.csv,modified,success,auto-push: push_log.csv [2026-07-29 11:51:30] --END--
2026-07-29 11:51:40,GitHub-AutoPush-Analytics,https://github.com/deka1105/GitHub-AutoPush-Analytics.git,push_log.csv,modified,success,auto-push: push_log.csv [2026-07-29 11:51:36] --END--
2026-07-29 11:51:44,GitHub-AutoPush-Analytics,https://github.com/deka1105/GitHub-AutoPush-Analytics.git,push_log.csv,modified,success,auto-push: push_log.csv [2026-07-29 11:51:40] --END--
2026-07-29 11:51:50,GitHub-AutoPush-Analytics,https://github.com/deka1105/GitHub-AutoPush-Analytics.git,push_log.csv,modified,success,auto-push: push_log.csv [2026-07-29 11:51:45] --END--
2026-07-29 11:51:56,GitHub-AutoPush-Analytics,https://github.com/deka1105/GitHub-AutoPush-Analytics.git,push_log.csv,modified,success,auto-push: push_log.csv [2026-07-29 11:51:51] --END--
2026-07-29 11:51:56,GitHub-AutoPush-Analytics,https://github.com/deka1105/GitHub-AutoPush-Analytics.git,push_log.csv,modified,error,"git add failed: fatal: Unable to create '/Users/shubhamarundekatey/ClaudeCode/day10/GitHub-AutoPush-Analytics/.git/index.lock': File exists.\n\nAnother git process seems to be running in this repository, or the lock file may be stale --END--"
2026-07-29 11:52:01,GitHub-AutoPush-Analytics,https://github.com/deka1105/GitHub-AutoPush-Analytics.git,push_log.csv,modified,success,auto-push: push_log.csv [2026-07-29 11:51:56] --END--
2026-07-29 11:52:02,GitHub-AutoPush-Analytics,https://github.com/deka1105/GitHub-AutoPush-Analytics.git,watcher.log,modified,error,"git add failed: fatal: Unable to create '/Users/shubhamarundekatey/ClaudeCode/day10/GitHub-AutoPush-Analytics/.git/index.lock': File exists.\n\nAnother git process seems to be running in this repository, or the lock file may be stale --END--"
2026-07-29 11:52:03,GitHub-AutoPush-Analytics,https://github.com/deka1105/GitHub-AutoPush-Analytics.git,push_log.csv,modified,failed,"rebase conflict unresolved: From https://github.com/deka1105/GitHub-AutoPush-Analytics\n * branch            HEAD       -> FETCH_HEAD\nwarning: in the working copy of 'push_log.csv', CRLF will be replaced by LF the next time Git touches it\nerror: cannot rebase: You have unstaged changes.\nerror: Please commit or stash them.\nApplying autostash resulted in conflicts.\nYour changes are safe in the stash.\nYou can run ""git stash pop"" or ""git stash drop"" at any time. --END--"
2026-07-29 11:52:03,streamPhoneDeck,https://github.com/deka1105/streamPhoneDeck.git,desktop/src/host.mjs.tmp.31046.9f3f70eaacad,created,error,"git add failed: fatal: Unable to create '/Users/shubhamarundekatey/ClaudeCode/day27/streamPhoneDeck/.git/index.lock': File exists.\n\nAnother git process seems to be running in this repository, or the lock file may be stale --END--"
2026-07-29 11:52:07,streamPhoneDeck,https://github.com/deka1105/streamPhoneDeck.git,desktop/src/host.mjs.tmp.31046.9f3f70eaacad,created,success,auto-push: host.mjs [2026-07-29 11:52:03] --END--
2026-07-29 11:52:11,GitHub-AutoPush-Analytics,https://github.com/deka1105/GitHub-AutoPush-Analytics.git,push_log.csv,modified,success,auto-push: push_log.csv [2026-07-29 11:52:07] --END--
2026-07-29 11:52:47,streamPhoneDeck,https://github.com/deka1105/streamPhoneDeck.git,desktop/src/test-client.mjs.tmp.31046.ab689ef36355,created,error,"git add failed: fatal: Unable to create '/Users/shubhamarundekatey/ClaudeCode/day27/streamPhoneDeck/.git/index.lock': File exists.\n\nAnother git process seems to be running in this repository, or the lock file may be stale --END--"
2026-07-29 11:52:51,streamPhoneDeck,https://github.com/deka1105/streamPhoneDeck.git,desktop/src/test-client.mjs.tmp.31046.ab689ef36355,created,success,auto-push: test-client.mjs [2026-07-29 11:52:47] --END--
2026-07-29 11:52:51,GitHub-AutoPush-Analytics,https://github.com/deka1105/GitHub-AutoPush-Analytics.git,push_log.csv,modified,success,auto-push: push_log.csv [2026-07-29 11:52:47] --END--
2026-07-29 11:52:54,GitHub-AutoPush-Analytics,https://github.com/deka1105/GitHub-AutoPush-Analytics.git,push_log.csv,modified,success,"auto-push: push_log.csv, watcher.log, watcher.log.1, watcher.log.2, watcher.log.3 [2026-07-29 11:52:51] --END--"
2026-07-29 11:52:57,GitHub-AutoPush-Analytics,https://github.com/deka1105/GitHub-AutoPush-Analytics.git,push_log.csv,modified,success,auto-push: push_log.csv [2026-07-29 11:52:54] --END--
2026-07-29 11:53:00,GitHub-AutoPush-Analytics,https://github.com/deka1105/GitHub-AutoPush-Analytics.git,push_log.csv,modified,success,auto-push: push_log.csv [2026-07-29 11:52:57] --END--
2026-07-29 11:53:03,GitHub-AutoPush-Analytics,https://github.com/deka1105/GitHub-AutoPush-Analytics.git,push_log.csv,modified,success,auto-push: push_log.csv [2026-07-29 11:53:01] --END--
2026-07-29 11:53:06,GitHub-AutoPush-Analytics,https://github.com/deka1105/GitHub-AutoPush-Analytics.git,push_log.csv,modified,success,auto-push: push_log.csv [2026-07-29 11:53:03] --END--
2026-07-29 11:53:09,GitHub-AutoPush-Analytics,https://github.com/deka1105/GitHub-AutoPush-Analytics.git,push_log.csv,modified,success,auto-push: push_log.csv [2026-07-29 11:53:07] --END--
2026-07-29 11:53:12,GitHub-AutoPush-Analytics,https://github.com/deka1105/GitHub-AutoPush-Analytics.git,push_log.csv,modified,success,auto-push: push_log.csv [2026-07-29 11:53:09] --END--
2026-07-29 11:53:15,GitHub-AutoPush-Analytics,https://github.com/deka1105/GitHub-AutoPush-Analytics.git,push_log.csv,modified,success,auto-push: push_log.csv [2026-07-29 11:53:12] --END--
2026-07-29 11:53:18,GitHub-AutoPush-Analytics,https://github.com/deka1105/GitHub-AutoPush-Analytics.git,push_log.csv,modified,success,auto-push: push_log.csv [2026-07-29 11:53:15] --END--
2026-07-29 11:53:22,GitHub-AutoPush-Analytics,https://github.com/deka1105/GitHub-AutoPush-Analytics.git,push_log.csv,modified,success,auto-push: push_log.csv [2026-07-29 11:53:19] --END--
2026-07-29 11:53:24,GitHub-AutoPush-Analytics,https://github.com/deka1105/GitHub-AutoPush-Analytics.git,push_log.csv,modified,success,auto-push: push_log.csv [2026-07-29 11:53:22] --END--
2026-07-29 11:53:27,GitHub-AutoPush-Analytics,https://github.com/deka1105/GitHub-AutoPush-Analytics.git,push_log.csv,modified,success,auto-push: push_log.csv [2026-07-29 11:53:24] --END--
2026-07-29 11:53:31,GitHub-AutoPush-Analytics,https://github.com/deka1105/GitHub-AutoPush-Analytics.git,push_log.csv,modified,success,auto-push: push_log.csv [2026-07-29 11:53:28] --END--
2026-07-29 11:53:35,GitHub-AutoPush-Analytics,https://github.com/deka1105/GitHub-AutoPush-Analytics.git,push_log.csv,modified,success,auto-push: push_log.csv [2026-07-29 11:53:31] --END--
2026-07-29 11:53:38,GitHub-AutoPush-Analytics,https://github.com/deka1105/GitHub-AutoPush-Analytics.git,push_log.csv,modified,success,auto-push: push_log.csv [2026-07-29 11:53:35] --END--
2026-07-29 11:53:42,GitHub-AutoPush-Analytics,https://github.com/deka1105/GitHub-AutoPush-Analytics.git,push_log.csv,modified,success,auto-push: push_log.csv [2026-07-29 11:53:38] --END--
2026-07-29 11:53:46,GitHub-AutoPush-Analytics,https://github.com/deka1105/GitHub-AutoPush-Analytics.git,push_log.csv,modified,success,auto-push: push_log.csv [2026-07-29 11:53:42] --END--
2026-07-29 11:53:49,GitHub-AutoPush-Analytics,https://github.com/deka1105/GitHub-AutoPush-Analytics.git,push_log.csv,modified,success,auto-push: push_log.csv [2026-07-29 11:53:46] --END--
2026-07-29 11:53:52,GitHub-AutoPush-Analytics,https://github.com/deka1105/GitHub-AutoPush-Analytics.git,push_log.csv,modified,success,auto-push: push_log.csv [2026-07-29 11:53:49] --END--
2026-07-29 11:53:54,GitHub-AutoPush-Analytics,https://github.com/deka1105/GitHub-AutoPush-Analytics.git,push_log.csv,modified,success,auto-push: push_log.csv [2026-07-29 11:53:52] --END--
2026-07-29 11:53:57,GitHub-AutoPush-Analytics,https://github.com/deka1105/GitHub-AutoPush-Analytics.git,push_log.csv,modified,success,auto-push: push_log.csv [2026-07-29 11:53:55] --END--
2026-07-29 11:54:00,GitHub-AutoPush-Analytics,https://github.com/deka1105/GitHub-AutoPush-Analytics.git,push_log.csv,modified,success,auto-push: push_log.csv [2026-07-29 11:53:57] --END--
2026-07-29 11:54:03,GitHub-AutoPush-Analytics,https://github.com/deka1105/GitHub-AutoPush-Analytics.git,push_log.csv,modified,success,auto-push: push_log.csv [2026-07-29 11:54:00] --END--
2026-07-29 11:54:04,streamPhoneDeck,https://github.com/deka1105/streamPhoneDeck.git,mobile/src/crypto.ts.tmp.31046.1c78e7bf2d2a,created,success,auto-push: crypto.ts [2026-07-29 11:54:01] --END--
2026-07-29 11:54:07,GitHub-AutoPush-Analytics,https://github.com/deka1105/GitHub-AutoPush-Analytics.git,push_log.csv,modified,success,auto-push: push_log.csv [2026-07-29 11:54:04] --END--
2026-07-29 11:54:09,GitHub-AutoPush-Analytics,https://github.com/deka1105/GitHub-AutoPush-Analytics.git,push_log.csv,modified,success,auto-push: push_log.csv [2026-07-29 11:54:07] --END--
2026-07-29 11:54:12,GitHub-AutoPush-Analytics,https://github.com/deka1105/GitHub-AutoPush-Analytics.git,push_log.csv,modified,success,auto-push: push_log.csv [2026-07-29 11:54:09] --END--
2026-07-29 11:54:13,streamPhoneDeck,https://github.com/deka1105/streamPhoneDeck.git,mobile/src/crypto.ts.tmp.31046.4d5a1cbd0176,created,success,auto-push: crypto.ts [2026-07-29 11:54:11] --END--
2026-07-29 11:54:15,GitHub-AutoPush-Analytics,https://github.com/deka1105/GitHub-AutoPush-Analytics.git,push_log.csv,modified,success,auto-push: push_log.csv [2026-07-29 11:54:13] --END--
2026-07-29 11:54:18,GitHub-AutoPush-Analytics,https://github.com/deka1105/GitHub-AutoPush-Analytics.git,push_log.csv,modified,success,auto-push: push_log.csv [2026-07-29 11:54:15] --END--
2026-07-29 11:54:21,GitHub-AutoPush-Analytics,https://github.com/deka1105/GitHub-AutoPush-Analytics.git,push_log.csv,modified,success,auto-push: push_log.csv [2026-07-29 11:54:18] --END--
2026-07-29 11:54:23,streamPhoneDeck,https://github.com/deka1105/streamPhoneDeck.git,mobile/src/rpc.ts.tmp.31046.2c8dd0e6d4f1,created,success,auto-push: rpc.ts [2026-07-29 11:54:20] --END--
2026-07-29 11:54:26,GitHub-AutoPush-Analytics,https://github.com/deka1105/GitHub-AutoPush-Analytics.git,push_log.csv,modified,success,auto-push: push_log.csv [2026-07-29 11:54:23] --END--
2026-07-29 11:54:27,streamPhoneDeck,https://github.com/deka1105/streamPhoneDeck.git,mobile/App.tsx.tmp.31046.47a3575d41e2,created,error,"git add failed: fatal: Unable to create '/Users/shubhamarundekatey/ClaudeCode/day27/streamPhoneDeck/.git/index.lock': File exists.\n\nAnother git process seems to be running in this repository, or the lock file may be stale --END--"
2026-07-29 11:54:30,streamPhoneDeck,https://github.com/deka1105/streamPhoneDeck.git,mobile/App.tsx.tmp.31046.47a3575d41e2,created,success,auto-push: App.tsx [2026-07-29 11:54:27] --END--
2026-07-29 11:54:30,GitHub-AutoPush-Analytics,https://github.com/deka1105/GitHub-AutoPush-Analytics.git,push_log.csv,modified,error,"git add failed: fatal: Unable to create '/Users/shubhamarundekatey/ClaudeCode/day10/GitHub-AutoPush-Analytics/.git/index.lock': File exists.\n\nAnother git process seems to be running in this repository, or the lock file may be stale --END--"
2026-07-29 11:54:32,GitHub-AutoPush-Analytics,https://github.com/deka1105/GitHub-AutoPush-Analytics.git,push_log.csv,modified,success,auto-push: push_log.csv [2026-07-29 11:54:30] --END--
2026-07-29 11:54:33,streamPhoneDeck,https://github.com/deka1105/streamPhoneDeck.git,mobile/App.tsx.tmp.31046.33472c8c231a,created,error,"git add failed: fatal: Unable to create '/Users/shubhamarundekatey/ClaudeCode/day27/streamPhoneDeck/.git/index.lock': File exists.\n\nAnother git process seems to be running in this repository, or the lock file may be stale --END--"
2026-07-29 11:54:36,streamPhoneDeck,https://github.com/deka1105/streamPhoneDeck.git,mobile/App.tsx.tmp.31046.33472c8c231a,created,success,auto-push: App.tsx [2026-07-29 11:54:33] --END--
2026-07-29 11:54:36,GitHub-AutoPush-Analytics,https://github.com/deka1105/GitHub-AutoPush-Analytics.git,push_log.csv,modified,error,"git commit failed: On branch main\nYour branch is ahead of 'origin/main' by 1 commit.\n  (use ""git push"" to publish your local commits)\n\nnothing to commit, working tree clean --END--"
2026-07-29 11:54:39,GitHub-AutoPush-Analytics,https://github.com/deka1105/GitHub-AutoPush-Analytics.git,push_log.csv,modified,success,auto-push: push_log.csv [2026-07-29 11:54:36] --END--
2026-07-29 11:55:12,streamPhoneDeck,https://github.com/deka1105/streamPhoneDeck.git,desktop/pair.html.tmp.31046.3e104db631d8,created,error,"git add failed: fatal: Unable to create '/Users/shubhamarundekatey/ClaudeCode/day27/streamPhoneDeck/.git/index.lock': File exists.\n\nAnother git process seems to be running in this repository, or the lock file may be stale --END--"
2026-07-29 11:55:14,streamPhoneDeck,https://github.com/deka1105/streamPhoneDeck.git,desktop/pair.html.tmp.31046.3e104db631d8,created,success,auto-push: pair.html [2026-07-29 11:55:12] --END--
2026-07-29 11:55:14,GitHub-AutoPush-Analytics,https://github.com/deka1105/GitHub-AutoPush-Analytics.git,push_log.csv,modified,success,auto-push: push_log.csv [2026-07-29 11:55:12] --END--
2026-07-29 11:55:17,GitHub-AutoPush-Analytics,https://github.com/deka1105/GitHub-AutoPush-Analytics.git,push_log.csv,modified,success,auto-push: push_log.csv [2026-07-29 11:55:14] --END--
2026-07-29 11:55:19,streamPhoneDeck,https://github.com/deka1105/streamPhoneDeck.git,desktop/pair.html.tmp.31046.e23946b3793e,created,success,auto-push: pair.html [2026-07-29 11:55:17] --END--
2026-07-29 11:55:21,GitHub-AutoPush-Analytics,https://github.com/deka1105/GitHub-AutoPush-Analytics.git,push_log.csv,modified,success,auto-push: push_log.csv [2026-07-29 11:55:19] --END--
2026-07-29 11:55:22,streamPhoneDeck,https://github.com/deka1105/streamPhoneDeck.git,desktop/pair.html.tmp.31046.9ae544c1b0d3,created,error,"git add failed: fatal: Unable to create '/Users/shubhamarundekatey/ClaudeCode/day27/streamPhoneDeck/.git/index.lock': File exists.\n\nAnother git process seems to be running in this repository, or the lock file may be stale --END--"
2026-07-29 11:55:24,streamPhoneDeck,https://github.com/deka1105/streamPhoneDeck.git,desktop/pair.html.tmp.31046.9ae544c1b0d3,created,success,auto-push: pair.html [2026-07-29 11:55:22] --END--
2026-07-29 11:55:26,GitHub-AutoPush-Analytics,https://github.com/deka1105/GitHub-AutoPush-Analytics.git,push_log.csv,modified,success,"auto-push: push_log.csv, watcher.log, watcher.log.1, watcher.log.2, watcher.log.3 [2026-07-29 11:55:24] --END--"
2026-07-29 11:55:28,GitHub-AutoPush-Analytics,https://github.com/deka1105/GitHub-AutoPush-Analytics.git,push_log.csv,modified,success,"auto-push: watcher.log, watcher.log.1, watcher.log.2, watcher.log.3 [2026-07-29 11:55:26] --END--"
2026-07-29 11:55:52,streamPhoneDeck,https://github.com/deka1105/streamPhoneDeck.git,SECURE-PAIRING-PLAN.md.tmp.31046.40bc3c2eacd9,created,error,"git add failed: fatal: Unable to create '/Users/shubhamarundekatey/ClaudeCode/day27/streamPhoneDeck/.git/index.lock': File exists.\n\nAnother git process seems to be running in this repository, or the lock file may be stale --END--"
2026-07-29 11:55:54,GitHub-AutoPush-Analytics,https://github.com/deka1105/GitHub-AutoPush-Analytics.git,push_log.csv,modified,success,"auto-push: push_log.csv, watcher.log [2026-07-29 11:55:52] --END--"
2026-07-29 11:55:55,streamPhoneDeck,https://github.com/deka1105/streamPhoneDeck.git,SECURE-PAIRING-PLAN.md.tmp.31046.40bc3c2eacd9,created,success,auto-push: SECURE-PAIRING-PLAN.md [2026-07-29 11:55:52] --END--
2026-07-29 11:55:57,GitHub-AutoPush-Analytics,https://github.com/deka1105/GitHub-AutoPush-Analytics.git,push_log.csv,modified,success,auto-push: push_log.csv [2026-07-29 11:55:55] --END--
2026-07-29 11:56:08,streamPhoneDeck,https://github.com/deka1105/streamPhoneDeck.git,SECURE-PAIRING-PLAN.md.tmp.31046.9c62865f54ce,created,error,"git add failed: fatal: Unable to create '/Users/shubhamarundekatey/ClaudeCode/day27/streamPhoneDeck/.git/index.lock': File exists.\n\nAnother git process seems to be running in this repository, or the lock file may be stale --END--"
2026-07-29 11:56:10,GitHub-AutoPush-Analytics,https://github.com/deka1105/GitHub-AutoPush-Analytics.git,push_log.csv,modified,success,auto-push: push_log.csv [2026-07-29 11:56:08] --END--
2026-07-29 11:56:10,streamPhoneDeck,https://github.com/deka1105/streamPhoneDeck.git,SECURE-PAIRING-PLAN.md.tmp.31046.9c62865f54ce,created,success,auto-push: SECURE-PAIRING-PLAN.md [2026-07-29 11:56:08] --END--
2026-07-29 11:56:12,GitHub-AutoPush-Analytics,https://github.com/deka1105/GitHub-AutoPush-Analytics.git,push_log.csv,modified,success,auto-push: push_log.csv [2026-07-29 11:56:10] --END--
2026-07-29 11:56:14,streamPhoneDeck,https://github.com/deka1105/streamPhoneDeck.git,SECURE-PAIRING-PLAN.md.tmp.31046.68babbd2b77d,created,error,"git add failed: fatal: Unable to create '/Users/shubhamarundekatey/ClaudeCode/day27/streamPhoneDeck/.git/index.lock': File exists.\n\nAnother git process seems to be running in this repository, or the lock file may be stale --END--"
2026-07-29 11:56:16,streamPhoneDeck,https://github.com/deka1105/streamPhoneDeck.git,SECURE-PAIRING-PLAN.md.tmp.31046.68babbd2b77d,created,success,auto-push: SECURE-PAIRING-PLAN.md [2026-07-29 11:56:14] --END--
2026-07-29 11:56:16,GitHub-AutoPush-Analytics,https://github.com/deka1105/GitHub-AutoPush-Analytics.git,push_log.csv,modified,error,"git commit failed: On branch main\nYour branch is ahead of 'origin/main' by 1 commit.\n  (use ""git push"" to publish your local commits)\n\nnothing to commit, working tree clean --END--"
2026-07-29 11:56:18,GitHub-AutoPush-Analytics,https://github.com/deka1105/GitHub-AutoPush-Analytics.git,push_log.csv,modified,success,auto-push: push_log.csv [2026-07-29 11:56:16] --END--
2026-07-29 11:56:28,streamPhoneDeck,https://github.com/deka1105/streamPhoneDeck.git,mobile/README.md.tmp.31046.4d37e3c81a42,created,error,"git add failed: fatal: Unable to create '/Users/shubhamarundekatey/ClaudeCode/day27/streamPhoneDeck/.git/index.lock': File exists.\n\nAnother git process seems to be running in this repository, or the lock file may be stale --END--"
2026-07-29 11:56:30,streamPhoneDeck,https://github.com/deka1105/streamPhoneDeck.git,mobile/README.md.tmp.31046.4d37e3c81a42,created,success,auto-push: README.md [2026-07-29 11:56:28] --END--
2026-07-29 11:56:30,GitHub-AutoPush-Analytics,https://github.com/deka1105/GitHub-AutoPush-Analytics.git,push_log.csv,modified,success,auto-push: push_log.csv [2026-07-29 11:56:28] --END--
2026-07-29 11:56:32,GitHub-AutoPush-Analytics,https://github.com/deka1105/GitHub-AutoPush-Analytics.git,push_log.csv,modified,success,auto-push: push_log.csv [2026-07-29 11:56:30] --END--
2026-07-29 12:17:26,streamPhoneDeck,https://github.com/deka1105/streamPhoneDeck.git,desktop/src/executor.mjs.tmp.31046.55a1483ae494,created,error,"git add failed: fatal: Unable to create '/Users/shubhamarundekatey/ClaudeCode/day27/streamPhoneDeck/.git/index.lock': File exists.\n\nAnother git process seems to be running in this repository, or the lock file may be stale --END--"
2026-07-29 12:17:30,streamPhoneDeck,https://github.com/deka1105/streamPhoneDeck.git,desktop/src/executor.mjs.tmp.31046.55a1483ae494,created,success,"auto-push: executor.mjs, README.md [2026-07-29 12:17:26] --END--"
2026-07-29 12:17:30,GitHub-AutoPush-Analytics,https://github.com/deka1105/GitHub-AutoPush-Analytics.git,push_log.csv,modified,success,auto-push: push_log.csv [2026-07-29 12:17:26] --END--
2026-07-29 12:17:32,GitHub-AutoPush-Analytics,https://github.com/deka1105/GitHub-AutoPush-Analytics.git,push_log.csv,modified,success,auto-push: push_log.csv [2026-07-29 12:17:30] --END--
2026-07-29 12:17:36,GitHub-AutoPush-Analytics,https://github.com/deka1105/GitHub-AutoPush-Analytics.git,push_log.csv,modified,success,auto-push: push_log.csv [2026-07-29 12:17:32] --END--
2026-07-29 12:17:37,streamPhoneDeck,https://github.com/deka1105/streamPhoneDeck.git,desktop/src/executor.mjs.tmp.31046.a4d7434f2309,created,success,auto-push: executor.mjs [2026-07-29 12:17:34] --END--
2026-07-29 12:17:41,GitHub-AutoPush-Analytics,https://github.com/deka1105/GitHub-AutoPush-Analytics.git,push_log.csv,modified,success,auto-push: push_log.csv [2026-07-29 12:17:37] --END--
2026-07-29 12:17:44,GitHub-AutoPush-Analytics,https://github.com/deka1105/GitHub-AutoPush-Analytics.git,push_log.csv,modified,success,auto-push: push_log.csv [2026-07-29 12:17:41] --END--
2026-07-29 12:17:47,GitHub-AutoPush-Analytics,https://github.com/deka1105/GitHub-AutoPush-Analytics.git,push_log.csv,modified,success,auto-push: push_log.csv [2026-07-29 12:17:44] --END--
2026-07-29 12:17:50,GitHub-AutoPush-Analytics,https://github.com/deka1105/GitHub-AutoPush-Analytics.git,push_log.csv,modified,success,auto-push: push_log.csv [2026-07-29 12:17:47] --END--
2026-07-29 12:17:52,GitHub-AutoPush-Analytics,https://github.com/deka1105/GitHub-AutoPush-Analytics.git,push_log.csv,modified,success,auto-push: push_log.csv [2026-07-29 12:17:50] --END--
2026-07-29 12:17:56,GitHub-AutoPush-Analytics,https://github.com/deka1105/GitHub-AutoPush-Analytics.git,push_log.csv,modified,success,auto-push: push_log.csv [2026-07-29 12:17:53] --END--
2026-07-29 12:17:59,GitHub-AutoPush-Analytics,https://github.com/deka1105/GitHub-AutoPush-Analytics.git,push_log.csv,modified,success,auto-push: push_log.csv [2026-07-29 12:17:56] --END--
2026-07-29 12:18:02,GitHub-AutoPush-Analytics,https://github.com/deka1105/GitHub-AutoPush-Analytics.git,push_log.csv,modified,success,auto-push: push_log.csv [2026-07-29 12:17:59] --END--
2026-07-29 12:18:04,GitHub-AutoPush-Analytics,https://github.com/deka1105/GitHub-AutoPush-Analytics.git,push_log.csv,modified,success,auto-push: push_log.csv [2026-07-29 12:18:02] --END--
2026-07-29 12:18:07,GitHub-AutoPush-Analytics,https://github.com/deka1105/GitHub-AutoPush-Analytics.git,push_log.csv,modified,success,auto-push: push_log.csv [2026-07-29 12:18:04] --END--
2026-07-29 12:18:09,GitHub-AutoPush-Analytics,https://github.com/deka1105/GitHub-AutoPush-Analytics.git,push_log.csv,modified,success,auto-push: push_log.csv [2026-07-29 12:18:07] --END--
2026-07-29 12:18:10,streamPhoneDeck,https://github.com/deka1105/streamPhoneDeck.git,desktop/src/executor.mjs.tmp.31046.b028cd1f0969,created,error,"git add failed: fatal: Unable to create '/Users/shubhamarundekatey/ClaudeCode/day27/streamPhoneDeck/.git/index.lock': File exists.\n\nAnother git process seems to be running in this repository, or the lock file may be stale --END--"
2026-07-29 12:18:13,streamPhoneDeck,https://github.com/deka1105/streamPhoneDeck.git,desktop/src/executor.mjs.tmp.31046.b028cd1f0969,created,success,auto-push: executor.mjs [2026-07-29 12:18:11] --END--
2026-07-29 12:18:13,GitHub-AutoPush-Analytics,https://github.com/deka1105/GitHub-AutoPush-Analytics.git,push_log.csv,modified,success,auto-push: push_log.csv [2026-07-29 12:18:11] --END--
2026-07-29 12:18:15,GitHub-AutoPush-Analytics,https://github.com/deka1105/GitHub-AutoPush-Analytics.git,push_log.csv,modified,success,auto-push: push_log.csv [2026-07-29 12:18:13] --END--
2026-07-29 12:18:52,streamPhoneDeck,https://github.com/deka1105/streamPhoneDeck.git,desktop/README.md.tmp.31046.5609a18fa630,created,error,"git add failed: fatal: Unable to create '/Users/shubhamarundekatey/ClaudeCode/day27/streamPhoneDeck/.git/index.lock': File exists.\n\nAnother git process seems to be running in this repository, or the lock file may be stale --END--"
2026-07-29 12:18:55,streamPhoneDeck,https://github.com/deka1105/streamPhoneDeck.git,desktop/README.md.tmp.31046.5609a18fa630,created,success,auto-push: README.md [2026-07-29 12:18:53] --END--
2026-07-29 12:18:56,GitHub-AutoPush-Analytics,https://github.com/deka1105/GitHub-AutoPush-Analytics.git,push_log.csv,modified,success,auto-push: push_log.csv [2026-07-29 12:18:53] --END--
2026-07-29 12:18:58,GitHub-AutoPush-Analytics,https://github.com/deka1105/GitHub-AutoPush-Analytics.git,push_log.csv,modified,success,auto-push: push_log.csv [2026-07-29 12:18:56] --END--
2026-07-29 12:19:00,streamPhoneDeck,https://github.com/deka1105/streamPhoneDeck.git,SECURE-PAIRING-PLAN.md.tmp.31046.ba200d16fcd3,created,success,auto-push: SECURE-PAIRING-PLAN.md [2026-07-29 12:18:58] --END--
2026-07-29 12:19:03,GitHub-AutoPush-Analytics,https://github.com/deka1105/GitHub-AutoPush-Analytics.git,push_log.csv,modified,success,auto-push: push_log.csv [2026-07-29 12:19:01] --END--
2026-07-29 12:19:06,GitHub-AutoPush-Analytics,https://github.com/deka1105/GitHub-AutoPush-Analytics.git,push_log.csv,modified,success,auto-push: push_log.csv [2026-07-29 12:19:03] --END--
2026-07-29 12:27:55,GitHub-AutoPush-Analytics,https://github.com/deka1105/GitHub-AutoPush-Analytics.git,dashboard.py.tmp.86795.76b1664d453d,created,error,"git add failed: fatal: Unable to create '/Users/shubhamarundekatey/ClaudeCode/day10/GitHub-AutoPush-Analytics/.git/index.lock': File exists.\n\nAnother git process seems to be running in this repository, or the lock file may be stale --END--"
2026-07-29 12:27:58,GitHub-AutoPush-Analytics,https://github.com/deka1105/GitHub-AutoPush-Analytics.git,dashboard.py.tmp.86795.76b1664d453d,created,success,"auto-push: dashboard.py, push_log.csv [2026-07-29 12:27:55] --END--"
2026-07-29 13:07:42,GitHub-AutoPush-Analytics,https://github.com/deka1105/GitHub-AutoPush-Analytics.git,watcher.log,modified,success,auto-push: push_log.csv [2026-07-29 13:07:39] --END--
2026-07-29 13:07:45,GitHub-AutoPush-Analytics,https://github.com/deka1105/GitHub-AutoPush-Analytics.git,"ush_log.csv, watcher.log",startup-sync,success,"startup-sync: ush_log.csv, watcher.log [2026-07-29 13:07:43] --END--"
2026-07-29 13:07:47,GitHub-AutoPush-Analytics,https://github.com/deka1105/GitHub-AutoPush-Analytics.git,push_log.csv,modified,success,auto-push: push_log.csv [2026-07-29 13:07:45] --END--
2026-07-29 13:15:10,GitHub-AutoPush-Analytics,https://github.com/deka1105/GitHub-AutoPush-Analytics.git,dashboard.py.tmp.86795.70c10e56ee34,created,error,"git add failed: fatal: Unable to create '/Users/shubhamarundekatey/ClaudeCode/day10/GitHub-AutoPush-Analytics/.git/index.lock': File exists.\n\nAnother git process seems to be running in this repository, or the lock file may be stale --END--"
2026-07-29 13:15:18,GitHub-AutoPush-Analytics,https://github.com/deka1105/GitHub-AutoPush-Analytics.git,dashboard.py.tmp.86795.70c10e56ee34,created,success,auto-push: 6 files changed [2026-07-29 13:15:10] --END--
2026-07-29 13:15:19,GitHub-AutoPush-Analytics,https://github.com/deka1105/GitHub-AutoPush-Analytics.git,dashboard.py.tmp.86795.70c10e56ee34,modified,error,"git commit failed: On branch main\nYour branch is ahead of 'origin/main' by 1 commit.\n  (use ""git push"" to publish your local commits)\n\nnothing to commit, working tree clean --END--"
2026-07-29 13:15:27,GitHub-AutoPush-Analytics,https://github.com/deka1105/GitHub-AutoPush-Analytics.git,push_log.csv,modified,success,"auto-push: push_log.csv, watcher.log [2026-07-29 13:15:19] --END--"
2026-07-29 13:15:29,GitHub-AutoPush-Analytics,https://github.com/deka1105/GitHub-AutoPush-Analytics.git,push_log.csv,modified,success,auto-push: push_log.csv [2026-07-29 13:15:27] --END--
2026-07-29 13:15:47,GitHub-AutoPush-Analytics,https://github.com/deka1105/GitHub-AutoPush-Analytics.git,dashboard.py.tmp.86795.cabf6af3ea92,created,error,"git add failed: fatal: Unable to create '/Users/shubhamarundekatey/ClaudeCode/day10/GitHub-AutoPush-Analytics/.git/index.lock': File exists.\n\nAnother git process seems to be running in this repository, or the lock file may be stale --END--"
2026-07-29 13:15:50,GitHub-AutoPush-Analytics,https://github.com/deka1105/GitHub-AutoPush-Analytics.git,dashboard.py.tmp.86795.cabf6af3ea92,created,success,"auto-push: dashboard.py, push_log.csv [2026-07-29 13:15:48] --END--"
2026-07-29 13:15:57,GitHub-AutoPush-Analytics,https://github.com/deka1105/GitHub-AutoPush-Analytics.git,dashboard.py.tmp.86795.f1b1efd54900,created,error,"git add failed: fatal: Unable to create '/Users/shubhamarundekatey/ClaudeCode/day10/GitHub-AutoPush-Analytics/.git/index.lock': File exists.\n\nAnother git process seems to be running in this repository, or the lock file may be stale --END--"
2026-07-29 13:16:01,GitHub-AutoPush-Analytics,https://github.com/deka1105/GitHub-AutoPush-Analytics.git,dashboard.py.tmp.86795.f1b1efd54900,created,success,"auto-push: dashboard.py, push_log.csv [2026-07-29 13:15:57] --END--"
2026-07-29 13:16:02,GitHub-AutoPush-Analytics,https://github.com/deka1105/GitHub-AutoPush-Analytics.git,dashboard.py.tmp.86795.83ea58e8c73d,created,error,"git add failed: fatal: Unable to create '/Users/shubhamarundekatey/ClaudeCode/day10/GitHub-AutoPush-Analytics/.git/index.lock': File exists.\n\nAnother git process seems to be running in this repository, or the lock file may be stale --END--"
2026-07-29 13:16:02,GitHub-AutoPush-Analytics,https://github.com/deka1105/GitHub-AutoPush-Analytics.git,dashboard.py.tmp.86795.83ea58e8c73d,created,error,"git add failed: warning: in the working copy of 'push_log.csv', CRLF will be replaced by LF the next time Git touches it\nfatal: unable to stat 'dashboard.py.tmp.86795.83ea58e8c73d': No such file or directory --END--"
2026-07-29 13:16:10,GitHub-AutoPush-Analytics,https://github.com/deka1105/GitHub-AutoPush-Analytics.git,dashboard.py.tmp.86795.8297d63de439,created,error,"git add failed: fatal: Unable to create '/Users/shubhamarundekatey/ClaudeCode/day10/GitHub-AutoPush-Analytics/.git/index.lock': File exists.\n\nAnother git process seems to be running in this repository, or the lock file may be stale --END--"
2026-07-29 13:16:14,GitHub-AutoPush-Analytics,https://github.com/deka1105/GitHub-AutoPush-Analytics.git,dashboard.py.tmp.86795.8297d63de439,created,success,"auto-push: dashboard.py, push_log.csv [2026-07-29 13:16:10] --END--"
2026-07-29 13:17:14,GitHub-AutoPush-Analytics,https://github.com/deka1105/GitHub-AutoPush-Analytics.git,dashboard.py.tmp.86795.2f92373d2da5,created,error,"git add failed: fatal: Unable to create '/Users/shubhamarundekatey/ClaudeCode/day10/GitHub-AutoPush-Analytics/.git/index.lock': File exists.\n\nAnother git process seems to be running in this repository, or the lock file may be stale --END--"
2026-07-29 13:17:17,GitHub-AutoPush-Analytics,https://github.com/deka1105/GitHub-AutoPush-Analytics.git,dashboard.py.tmp.86795.2f92373d2da5,created,success,"auto-push: dashboard.py, push_log.csv [2026-07-29 13:17:14] --END--"
2026-07-29 13:17:33,GitHub-AutoPush-Analytics,https://github.com/deka1105/GitHub-AutoPush-Analytics.git,dashboard.py.tmp.86795.f69d680066de,created,error,"git add failed: fatal: Unable to create '/Users/shubhamarundekatey/ClaudeCode/day10/GitHub-AutoPush-Analytics/.git/index.lock': File exists.\n\nAnother git process seems to be running in this repository, or the lock file may be stale --END--"
2026-07-29 13:17:35,GitHub-AutoPush-Analytics,https://github.com/deka1105/GitHub-AutoPush-Analytics.git,dashboard.py.tmp.86795.f69d680066de,created,success,"auto-push: dashboard.py, push_log.csv [2026-07-29 13:17:33] --END--"
2026-07-29 13:17:47,GitHub-AutoPush-Analytics,https://github.com/deka1105/GitHub-AutoPush-Analytics.git,dashboard.py.tmp.86795.e565885726b1,created,error,"git add failed: fatal: Unable to create '/Users/shubhamarundekatey/ClaudeCode/day10/GitHub-AutoPush-Analytics/.git/index.lock': File exists.\n\nAnother git process seems to be running in this repository, or the lock file may be stale --END--"
2026-07-29 13:17:51,GitHub-AutoPush-Analytics,https://github.com/deka1105/GitHub-AutoPush-Analytics.git,dashboard.py.tmp.86795.e565885726b1,created,success,"auto-push: dashboard.py, push_log.csv [2026-07-29 13:17:48] --END--"
2026-07-29 13:17:55,GitHub-AutoPush-Analytics,https://github.com/deka1105/GitHub-AutoPush-Analytics.git,dashboard.py.tmp.86795.55dde438e550,created,error,"git add failed: fatal: Unable to create '/Users/shubhamarundekatey/ClaudeCode/day10/GitHub-AutoPush-Analytics/.git/index.lock': File exists.\n\nAnother git process seems to be running in this repository, or the lock file may be stale --END--"
2026-07-29 13:17:57,GitHub-AutoPush-Analytics,https://github.com/deka1105/GitHub-AutoPush-Analytics.git,dashboard.py.tmp.86795.55dde438e550,created,success,"auto-push: dashboard.py, push_log.csv [2026-07-29 13:17:55] --END--"
2026-07-29 13:18:57,GitHub-AutoPush-Analytics,https://github.com/deka1105/GitHub-AutoPush-Analytics.git,dashboard.py.tmp.86795.701d6344a6fb,created,error,"git add failed: fatal: Unable to create '/Users/shubhamarundekatey/ClaudeCode/day10/GitHub-AutoPush-Analytics/.git/index.lock': File exists.\n\nAnother git process seems to be running in this repository, or the lock file may be stale --END--"
2026-07-29 13:19:00,GitHub-AutoPush-Analytics,https://github.com/deka1105/GitHub-AutoPush-Analytics.git,dashboard.py.tmp.86795.701d6344a6fb,created,success,"auto-push: dashboard.py, push_log.csv [2026-07-29 13:18:58] --END--"
2026-07-29 13:19:04,GitHub-AutoPush-Analytics,https://github.com/deka1105/GitHub-AutoPush-Analytics.git,dashboard.py.tmp.86795.f6cfdae417f1,created,error,"git add failed: fatal: Unable to create '/Users/shubhamarundekatey/ClaudeCode/day10/GitHub-AutoPush-Analytics/.git/index.lock': File exists.\n\nAnother git process seems to be running in this repository, or the lock file may be stale --END--"
2026-07-29 13:19:06,GitHub-AutoPush-Analytics,https://github.com/deka1105/GitHub-AutoPush-Analytics.git,dashboard.py.tmp.86795.f6cfdae417f1,created,success,"auto-push: dashboard.py, push_log.csv [2026-07-29 13:19:04] --END--"
2026-07-29 13:19:10,GitHub-AutoPush-Analytics,https://github.com/deka1105/GitHub-AutoPush-Analytics.git,dashboard.py.tmp.86795.4595f74e58f8,created,error,"git add failed: fatal: Unable to create '/Users/shubhamarundekatey/ClaudeCode/day10/GitHub-AutoPush-Analytics/.git/index.lock': File exists.\n\nAnother git process seems to be running in this repository, or the lock file may be stale --END--"
2026-07-29 13:19:13,GitHub-AutoPush-Analytics,https://github.com/deka1105/GitHub-AutoPush-Analytics.git,dashboard.py.tmp.86795.4595f74e58f8,created,success,"auto-push: dashboard.py, push_log.csv [2026-07-29 13:19:10] --END--"
2026-07-29 13:19:23,GitHub-AutoPush-Analytics,https://github.com/deka1105/GitHub-AutoPush-Analytics.git,dashboard.py.tmp.86795.2dffa2faeca4,created,error,"git add failed: fatal: Unable to create '/Users/shubhamarundekatey/ClaudeCode/day10/GitHub-AutoPush-Analytics/.git/index.lock': File exists.\n\nAnother git process seems to be running in this repository, or the lock file may be stale --END--"
2026-07-29 13:19:27,GitHub-AutoPush-Analytics,https://github.com/deka1105/GitHub-AutoPush-Analytics.git,dashboard.py.tmp.86795.2dffa2faeca4,created,success,"auto-push: dashboard.py, push_log.csv [2026-07-29 13:19:23] --END--"
2026-07-29 13:19:56,GitHub-AutoPush-Analytics,https://github.com/deka1105/GitHub-AutoPush-Analytics.git,dashboard.py.tmp.86795.ba833e5d4725,created,error,"git add failed: fatal: Unable to create '/Users/shubhamarundekatey/ClaudeCode/day10/GitHub-AutoPush-Analytics/.git/index.lock': File exists.\n\nAnother git process seems to be running in this repository, or the lock file may be stale --END--"
2026-07-29 13:19:59,GitHub-AutoPush-Analytics,https://github.com/deka1105/GitHub-AutoPush-Analytics.git,dashboard.py.tmp.86795.ba833e5d4725,created,success,"auto-push: dashboard.py, push_log.csv [2026-07-29 13:19:56] --END--"
2026-07-29 13:25:27,GitHub-AutoPush-Analytics,https://github.com/deka1105/GitHub-AutoPush-Analytics.git,auto_git_push.py.tmp.86795.ea17903c8d20,created,error,"git add failed: fatal: Unable to create '/Users/shubhamarundekatey/ClaudeCode/day10/GitHub-AutoPush-Analytics/.git/index.lock': File exists.\n\nAnother git process seems to be running in this repository, or the lock file may be stale --END--"
2026-07-29 13:25:30,GitHub-AutoPush-Analytics,https://github.com/deka1105/GitHub-AutoPush-Analytics.git,auto_git_push.py.tmp.86795.ea17903c8d20,created,success,"auto-push: auto_git_push.py, push_log.csv [2026-07-29 13:25:27] --END--"
2026-07-29 13:25:40,GitHub-AutoPush-Analytics,https://github.com/deka1105/GitHub-AutoPush-Analytics.git,auto_git_push.py.tmp.86795.1ae3ace2ad51,created,error,"git add failed: fatal: Unable to create '/Users/shubhamarundekatey/ClaudeCode/day10/GitHub-AutoPush-Analytics/.git/index.lock': File exists.\n\nAnother git process seems to be running in this repository, or the lock file may be stale --END--"
2026-07-29 13:25:43,GitHub-AutoPush-Analytics,https://github.com/deka1105/GitHub-AutoPush-Analytics.git,auto_git_push.py.tmp.86795.1ae3ace2ad51,created,success,"auto-push: auto_git_push.py, push_log.csv [2026-07-29 13:25:40] --END--"
2026-07-29 13:26:05,GitHub-AutoPush-Analytics,https://github.com/deka1105/GitHub-AutoPush-Analytics.git,auto_git_push.py.tmp.86795.e35ac4ff3ffc,created,error,"git add failed: fatal: Unable to create '/Users/shubhamarundekatey/ClaudeCode/day10/GitHub-AutoPush-Analytics/.git/index.lock': File exists.\n\nAnother git process seems to be running in this repository, or the lock file may be stale --END--"
2026-07-29 13:26:09,GitHub-AutoPush-Analytics,https://github.com/deka1105/GitHub-AutoPush-Analytics.git,auto_git_push.py.tmp.86795.e35ac4ff3ffc,created,success,"auto-push: auto_git_push.py, push_log.csv [2026-07-29 13:26:05] --END--"
2026-07-29 13:26:11,GitHub-AutoPush-Analytics,https://github.com/deka1105/GitHub-AutoPush-Analytics.git,auto_git_push.py.tmp.86795.a3e7c23e3999,created,error,"git add failed: fatal: Unable to create '/Users/shubhamarundekatey/ClaudeCode/day10/GitHub-AutoPush-Analytics/.git/index.lock': File exists.\n\nAnother git process seems to be running in this repository, or the lock file may be stale --END--"
2026-07-29 13:26:14,GitHub-AutoPush-Analytics,https://github.com/deka1105/GitHub-AutoPush-Analytics.git,auto_git_push.py.tmp.86795.a3e7c23e3999,created,success,"auto-push: auto_git_push.py, push_log.csv [2026-07-29 13:26:11] --END--"
2026-07-29 13:26:23,GitHub-AutoPush-Analytics,https://github.com/deka1105/GitHub-AutoPush-Analytics.git,auto_git_push.py.tmp.86795.88ecb9c92217,created,error,"git add failed: fatal: Unable to create '/Users/shubhamarundekatey/ClaudeCode/day10/GitHub-AutoPush-Analytics/.git/index.lock': File exists.\n\nAnother git process seems to be running in this repository, or the lock file may be stale --END--"
2026-07-29 13:26:27,GitHub-AutoPush-Analytics,https://github.com/deka1105/GitHub-AutoPush-Analytics.git,auto_git_push.py.tmp.86795.88ecb9c92217,created,success,"auto-push: auto_git_push.py, push_log.csv [2026-07-29 13:26:24] --END--"
2026-07-29 13:26:29,GitHub-AutoPush-Analytics,https://github.com/deka1105/GitHub-AutoPush-Analytics.git,auto_git_push.py.tmp.86795.0b63794ce49d,created,error,"git add failed: fatal: Unable to create '/Users/shubhamarundekatey/ClaudeCode/day10/GitHub-AutoPush-Analytics/.git/index.lock': File exists.\n\nAnother git process seems to be running in this repository, or the lock file may be stale --END--"
2026-07-29 13:26:32,GitHub-AutoPush-Analytics,https://github.com/deka1105/GitHub-AutoPush-Analytics.git,auto_git_push.py.tmp.86795.0b63794ce49d,created,success,"auto-push: auto_git_push.py, push_log.csv [2026-07-29 13:26:29] --END--"
2026-07-29 13:26:50,GitHub-AutoPush-Analytics,https://github.com/deka1105/GitHub-AutoPush-Analytics.git,auto_git_push.py.tmp.86795.7bad979f6f9f,created,error,"git add failed: fatal: Unable to create '/Users/shubhamarundekatey/ClaudeCode/day10/GitHub-AutoPush-Analytics/.git/index.lock': File exists.\n\nAnother git process seems to be running in this repository, or the lock file may be stale --END--"
2026-07-29 13:26:53,GitHub-AutoPush-Analytics,https://github.com/deka1105/GitHub-AutoPush-Analytics.git,auto_git_push.py.tmp.86795.7bad979f6f9f,created,success,"auto-push: auto_git_push.py, push_log.csv [2026-07-29 13:26:50] --END--"
2026-07-29 13:27:00,GitHub-AutoPush-Analytics,https://github.com/deka1105/GitHub-AutoPush-Analytics.git,auto_git_push.py.tmp.86795.e52e5050bebc,created,error,"git add failed: fatal: Unable to create '/Users/shubhamarundekatey/ClaudeCode/day10/GitHub-AutoPush-Analytics/.git/index.lock': File exists.\n\nAnother git process seems to be running in this repository, or the lock file may be stale --END--"
2026-07-29 13:27:03,GitHub-AutoPush-Analytics,https://github.com/deka1105/GitHub-AutoPush-Analytics.git,auto_git_push.py.tmp.86795.e52e5050bebc,created,success,"auto-push: auto_git_push.py, push_log.csv [2026-07-29 13:27:00] --END--"
2026-07-29 13:30:08,GitHub-AutoPush-Analytics,https://github.com/deka1105/GitHub-AutoPush-Analytics.git,watcher.log,modified,success,auto-push: push_log.csv [2026-07-29 13:30:05] --END--
2026-07-29 13:30:16,GitHub-AutoPush-Analytics,https://github.com/deka1105/GitHub-AutoPush-Analytics.git,"ush_log.csv, watcher.log",startup-sync,success,"startup-sync: ush_log.csv, watcher.log [2026-07-29 13:30:09] --END--"
2026-07-29 13:30:19,GitHub-AutoPush-Analytics,https://github.com/deka1105/GitHub-AutoPush-Analytics.git,push_log.csv,modified,success,auto-push: push_log.csv [2026-07-29 13:30:16] --END--
2026-07-29 13:35:50,GitHub-AutoPush-Analytics,https://github.com/deka1105/GitHub-AutoPush-Analytics.git,dashboard.py.tmp.86795.45a2c0a61184,created,error,"git add failed: fatal: Unable to create '/Users/shubhamarundekatey/ClaudeCode/day10/GitHub-AutoPush-Analytics/.git/index.lock': File exists.\n\nAnother git process seems to be running in this repository, or the lock file may be stale --END--"
2026-07-29 13:35:55,GitHub-AutoPush-Analytics,https://github.com/deka1105/GitHub-AutoPush-Analytics.git,dashboard.py.tmp.86795.45a2c0a61184,created,success,"auto-push: dashboard.py, push_log.csv [2026-07-29 13:35:51] --END--"
2026-07-29 13:35:56,GitHub-AutoPush-Analytics,https://github.com/deka1105/GitHub-AutoPush-Analytics.git,watcher.log,modified,error,"git commit failed: On branch main\nYour branch is ahead of 'origin/main' by 1 commit.\n  (use ""git push"" to publish your local commits)\n\nChanges not staged for commit:\n  (use ""git add <file>..."" to update what will be committed)\n  (use ""git restore <file>..."" to discard changes in working directory)\n	modified:   watcher.log\n\nno changes added to commit (use ""git add"" and/or ""git commit -a"") --END--"
2026-07-29 13:36:00,GitHub-AutoPush-Analytics,https://github.com/deka1105/GitHub-AutoPush-Analytics.git,dashboard.py.tmp.86795.45a2c0a61184,modified,success,"auto-push: push_log.csv, watcher.log, watcher.log.1, watcher.log.2, watcher.log.3 [2026-07-29 13:35:55] --END--"
2026-07-29 13:36:01,GitHub-AutoPush-Analytics,https://github.com/deka1105/GitHub-AutoPush-Analytics.git,dashboard.py.tmp.86795.45a2c0a61184,moved,error,"git commit failed: fatal: Unable to create '/Users/shubhamarundekatey/ClaudeCode/day10/GitHub-AutoPush-Analytics/.git/index.lock': File exists.\n\nAnother git process seems to be running in this repository, or the lock file may be stale --END--"
2026-07-29 13:36:06,GitHub-AutoPush-Analytics,https://github.com/deka1105/GitHub-AutoPush-Analytics.git,push_log.csv,modified,success,"auto-push: dashboard.py, push_log.csv, watcher.log [2026-07-29 13:36:01] --END--"
2026-07-29 13:36:10,GitHub-AutoPush-Analytics,https://github.com/deka1105/GitHub-AutoPush-Analytics.git,push_log.csv,modified,success,"auto-push: dashboard.py, push_log.csv [2026-07-29 13:36:06] --END--"
2026-07-29 13:36:18,GitHub-AutoPush-Analytics,https://github.com/deka1105/GitHub-AutoPush-Analytics.git,auto_git_push.py.tmp.86795.c4d29e3b70ee,created,error,"git add failed: fatal: Unable to create '/Users/shubhamarundekatey/ClaudeCode/day10/GitHub-AutoPush-Analytics/.git/index.lock': File exists.\n\nAnother git process seems to be running in this repository, or the lock file may be stale --END--"
2026-07-29 13:36:23,GitHub-AutoPush-Analytics,https://github.com/deka1105/GitHub-AutoPush-Analytics.git,auto_git_push.py.tmp.86795.c4d29e3b70ee,created,success,"auto-push: auto_git_push.py, dashboard.py, push_log.csv [2026-07-29 13:36:19] --END--"
2026-07-29 13:37:55,GitHub-AutoPush-Analytics,https://github.com/deka1105/GitHub-AutoPush-Analytics.git,watcher.log,modified,success,"auto-push: auto_git_push.py, push_log.csv [2026-07-29 13:37:52] --END--"
2026-07-29 13:37:57,GitHub-AutoPush-Analytics,https://github.com/deka1105/GitHub-AutoPush-Analytics.git,"push_log.csv, watcher.log",startup-sync,error,"commit failed: fatal: Unable to create '/Users/shubhamarundekatey/ClaudeCode/day10/GitHub-AutoPush-Analytics/.git/index.lock': File exists.\n\nAnother git process seems to be running in this repository, or the lock file may be stale --END--"
2026-07-29 13:38:00,GitHub-AutoPush-Analytics,https://github.com/deka1105/GitHub-AutoPush-Analytics.git,push_log.csv,modified,success,"auto-push: push_log.csv, watcher.log [2026-07-29 13:37:57] --END--"
2026-07-29 13:44:45,GitHub-AutoPush-Analytics,https://github.com/deka1105/GitHub-AutoPush-Analytics.git,dashboard.py.tmp.86795.45fa5d16e825,created,error,"git add failed: fatal: Unable to create '/Users/shubhamarundekatey/ClaudeCode/day10/GitHub-AutoPush-Analytics/.git/index.lock': File exists.\n\nAnother git process seems to be running in this repository, or the lock file may be stale --END--"
2026-07-29 13:44:48,GitHub-AutoPush-Analytics,https://github.com/deka1105/GitHub-AutoPush-Analytics.git,dashboard.py.tmp.86795.45fa5d16e825,created,success,"auto-push: dashboard.py, push_log.csv [2026-07-29 13:44:46] --END--"
2026-07-29 13:45:16,GitHub-AutoPush-Analytics,https://github.com/deka1105/GitHub-AutoPush-Analytics.git,dashboard.py.tmp.86795.17fac1fcbbd0,created,error,"git add failed: fatal: Unable to create '/Users/shubhamarundekatey/ClaudeCode/day10/GitHub-AutoPush-Analytics/.git/index.lock': File exists.\n\nAnother git process seems to be running in this repository, or the lock file may be stale --END--"
2026-07-29 13:45:20,GitHub-AutoPush-Analytics,https://github.com/deka1105/GitHub-AutoPush-Analytics.git,dashboard.py.tmp.86795.17fac1fcbbd0,created,success,"auto-push: dashboard.py, push_log.csv [2026-07-29 13:45:16] --END--"
2026-07-29 13:45:21,GitHub-AutoPush-Analytics,https://github.com/deka1105/GitHub-AutoPush-Analytics.git,dashboard.py.tmp.86795.505c6bc43d28,created,error,"git add failed: fatal: Unable to create '/Users/shubhamarundekatey/ClaudeCode/day10/GitHub-AutoPush-Analytics/.git/index.lock': File exists.\n\nAnother git process seems to be running in this repository, or the lock file may be stale --END--"
2026-07-29 13:45:21,GitHub-AutoPush-Analytics,https://github.com/deka1105/GitHub-AutoPush-Analytics.git,dashboard.py.tmp.86795.505c6bc43d28,created,error,"git add failed: warning: in the working copy of 'push_log.csv', CRLF will be replaced by LF the next time Git touches it\nfatal: unable to stat 'dashboard.py.tmp.86795.505c6bc43d28': No such file or directory --END--"
2026-07-29 13:46:15,GitHub-AutoPush-Analytics,https://github.com/deka1105/GitHub-AutoPush-Analytics.git,dashboard.py.tmp.86795.52d32d728919,created,error,"git add failed: fatal: Unable to create '/Users/shubhamarundekatey/ClaudeCode/day10/GitHub-AutoPush-Analytics/.git/index.lock': File exists.\n\nAnother git process seems to be running in this repository, or the lock file may be stale --END--"
2026-07-29 13:46:22,GitHub-AutoPush-Analytics,https://github.com/deka1105/GitHub-AutoPush-Analytics.git,dashboard.py.tmp.86795.52d32d728919,created,success,"auto-push: dashboard.py, push_log.csv [2026-07-29 13:46:15] --END--"
2026-07-29 13:46:23,GitHub-AutoPush-Analytics,https://github.com/deka1105/GitHub-AutoPush-Analytics.git,push_log.csv,modified,error,"git commit failed: fatal: Unable to create '/Users/shubhamarundekatey/ClaudeCode/day10/GitHub-AutoPush-Analytics/.git/index.lock': File exists.\n\nAnother git process seems to be running in this repository, or the lock file may be stale --END--"
2026-07-29 13:46:28,GitHub-AutoPush-Analytics,https://github.com/deka1105/GitHub-AutoPush-Analytics.git,dashboard.py.tmp.86795.52d32d728919,modified,success,auto-push: push_log.csv [2026-07-29 13:46:22] --END--
2026-07-29 13:46:29,GitHub-AutoPush-Analytics,https://github.com/deka1105/GitHub-AutoPush-Analytics.git,dashboard.py.tmp.86795.52d32d728919,moved,error,"git commit failed: On branch main\nYour branch is ahead of 'origin/main' by 1 commit.\n  (use ""git push"" to publish your local commits)\n\nnothing to commit, working tree clean --END--"
2026-07-29 13:46:34,GitHub-AutoPush-Analytics,https://github.com/deka1105/GitHub-AutoPush-Analytics.git,push_log.csv,modified,success,auto-push: push_log.csv [2026-07-29 13:46:29] --END--
2026-07-29 13:46:39,GitHub-AutoPush-Analytics,https://github.com/deka1105/GitHub-AutoPush-Analytics.git,push_log.csv,modified,success,auto-push: push_log.csv [2026-07-29 13:46:34] --END--
2026-07-29 13:46:44,GitHub-AutoPush-Analytics,https://github.com/deka1105/GitHub-AutoPush-Analytics.git,push_log.csv,modified,success,auto-push: push_log.csv [2026-07-29 13:46:40] --END--
2026-07-29 13:46:45,GitHub-AutoPush-Analytics,https://github.com/deka1105/GitHub-AutoPush-Analytics.git,push_log.csv,modified,error,"git commit failed: On branch main\nYour branch is ahead of 'origin/main' by 1 commit.\n  (use ""git push"" to publish your local commits)\n\nnothing to commit, working tree clean --END--"
2026-07-29 13:46:50,GitHub-AutoPush-Analytics,https://github.com/deka1105/GitHub-AutoPush-Analytics.git,push_log.csv,modified,success,auto-push: push_log.csv [2026-07-29 13:46:44] --END--
2026-07-29 13:46:51,GitHub-AutoPush-Analytics,https://github.com/deka1105/GitHub-AutoPush-Analytics.git,push_log.csv,modified,error,"git add failed: fatal: Unable to create '/Users/shubhamarundekatey/ClaudeCode/day10/GitHub-AutoPush-Analytics/.git/index.lock': File exists.\n\nAnother git process seems to be running in this repository, or the lock file may be stale --END--"
2026-07-29 13:46:55,GitHub-AutoPush-Analytics,https://github.com/deka1105/GitHub-AutoPush-Analytics.git,push_log.csv,modified,success,auto-push: push_log.csv [2026-07-29 13:46:50] --END--
2026-07-29 13:47:00,GitHub-AutoPush-Analytics,https://github.com/deka1105/GitHub-AutoPush-Analytics.git,push_log.csv,modified,success,auto-push: push_log.csv [2026-07-29 13:46:56] --END--
2026-07-29 13:47:01,GitHub-AutoPush-Analytics,https://github.com/deka1105/GitHub-AutoPush-Analytics.git,push_log.csv,modified,error,"git commit failed: On branch main\nYour branch is ahead of 'origin/main' by 1 commit.\n  (use ""git push"" to publish your local commits)\n\nnothing to commit, working tree clean --END--"
2026-07-29 13:47:06,GitHub-AutoPush-Analytics,https://github.com/deka1105/GitHub-AutoPush-Analytics.git,push_log.csv,modified,success,auto-push: push_log.csv [2026-07-29 13:47:01] --END--
2026-07-29 13:47:06,GitHub-AutoPush-Analytics,https://github.com/deka1105/GitHub-AutoPush-Analytics.git,push_log.csv,deleted,error,"git add failed: fatal: Unable to create '/Users/shubhamarundekatey/ClaudeCode/day10/GitHub-AutoPush-Analytics/.git/index.lock': File exists.\n\nAnother git process seems to be running in this repository, or the lock file may be stale --END--"
2026-07-29 13:47:12,GitHub-AutoPush-Analytics,https://github.com/deka1105/GitHub-AutoPush-Analytics.git,push_log.csv,modified,success,auto-push: push_log.csv [2026-07-29 13:47:06] --END--
2026-07-29 13:47:12,GitHub-AutoPush-Analytics,https://github.com/deka1105/GitHub-AutoPush-Analytics.git,push_log.csv,modified,error,"git add failed: fatal: Unable to create '/Users/shubhamarundekatey/ClaudeCode/day10/GitHub-AutoPush-Analytics/.git/index.lock': File exists.\n\nAnother git process seems to be running in this repository, or the lock file may be stale --END--"
2026-07-29 13:47:18,GitHub-AutoPush-Analytics,https://github.com/deka1105/GitHub-AutoPush-Analytics.git,push_log.csv,modified,success,auto-push: push_log.csv [2026-07-29 13:47:12] --END--
2026-07-29 13:47:18,GitHub-AutoPush-Analytics,https://github.com/deka1105/GitHub-AutoPush-Analytics.git,push_log.csv,modified,error,"git commit failed: fatal: Unable to create '/Users/shubhamarundekatey/ClaudeCode/day10/GitHub-AutoPush-Analytics/.git/index.lock': File exists.\n\nAnother git process seems to be running in this repository, or the lock file may be stale --END--"
2026-07-29 13:47:23,GitHub-AutoPush-Analytics,https://github.com/deka1105/GitHub-AutoPush-Analytics.git,push_log.csv,modified,success,auto-push: push_log.csv [2026-07-29 13:47:18] --END--
2026-07-29 13:47:29,GitHub-AutoPush-Analytics,https://github.com/deka1105/GitHub-AutoPush-Analytics.git,push_log.csv,modified,success,auto-push: push_log.csv [2026-07-29 13:47:24] --END--
2026-07-29 13:47:30,GitHub-AutoPush-Analytics,https://github.com/deka1105/GitHub-AutoPush-Analytics.git,push_log.csv,modified,error,"git commit failed: On branch main\nYour branch is ahead of 'origin/main' by 1 commit.\n  (use ""git push"" to publish your local commits)\n\nnothing to commit, working tree clean --END--"
2026-07-29 13:47:36,GitHub-AutoPush-Analytics,https://github.com/deka1105/GitHub-AutoPush-Analytics.git,push_log.csv,modified,success,auto-push: push_log.csv [2026-07-29 13:47:30] --END--
2026-07-29 13:47:40,GitHub-AutoPush-Analytics,https://github.com/deka1105/GitHub-AutoPush-Analytics.git,push_log.csv,modified,success,"auto-push: push_log.csv, watcher.log, watcher.log.1, watcher.log.2, watcher.log.3 [2026-07-29 13:47:36] --END--"
2026-07-29 13:48:47,GitHub-AutoPush-Analytics,https://github.com/deka1105/GitHub-AutoPush-Analytics.git,watcher.log,modified,success,auto-push: push_log.csv [2026-07-29 13:48:41] --END--
2026-07-29 13:48:49,GitHub-AutoPush-Analytics,https://github.com/deka1105/GitHub-AutoPush-Analytics.git,atcher.log,startup-sync,success,startup-sync: atcher.log [2026-07-29 13:48:47] --END--
2026-07-29 13:48:50,GitHub-AutoPush-Analytics,https://github.com/deka1105/GitHub-AutoPush-Analytics.git,watcher.log,deleted,failed,To https://github.com/deka1105/GitHub-AutoPush-Analytics.git\n ! [remote rejected] HEAD -> main (cannot lock ref 'refs/heads/main': is at 772a45e85f19f15feec7cdfc9bee80e609f7acb3 but expected 42847d4664a7c67c981d79023bed0414765dbbf2)\nerror: failed to push some refs to 'https://github.com/deka1105/GitHub-AutoPush-Analytics.git' --END--
2026-07-30 10:43:16,streamPhoneDeck,https://github.com/deka1105/streamPhoneDeck.git,mobile/ios/Podfile.properties.json,created,error,"git add failed: fatal: Unable to create '/Users/shubhamarundekatey/ClaudeCode/day27/streamPhoneDeck/.git/index.lock': File exists.\n\nAnother git process seems to be running in this repository, or the lock file may be stale --END--"
2026-07-30 10:43:17,GitHub-AutoPush-Analytics,https://github.com/deka1105/GitHub-AutoPush-Analytics.git,push_log.csv,modified,error,"git commit failed: On branch main\nYour branch is ahead of 'origin/main' by 1 commit.\n  (use ""git push"" to publish your local commits)\n\nnothing to commit, working tree clean --END--"
2026-07-30 10:43:21,GitHub-AutoPush-Analytics,https://github.com/deka1105/GitHub-AutoPush-Analytics.git,push_log.csv,modified,success,auto-push: push_log.csv [2026-07-30 10:43:17] --END--
2026-07-30 10:43:24,streamPhoneDeck,https://github.com/deka1105/streamPhoneDeck.git,mobile/.expo/web/cache/production/images/iconsuniversal-icon/iconsuniversal-icon-119462bb78eb240a65c869fc067ee599639b3cb5a41953f25c07b17d2a8c7e0f-cover-#ffffff/App-Icon-1024x1024@1x.png,created,error,"git add failed: fatal: Unable to create '/Users/shubhamarundekatey/ClaudeCode/day27/streamPhoneDeck/.git/index.lock': File exists.\n\nAnother git process seems to be running in this repository, or the lock file may be stale --END--"
2026-07-30 10:43:27,GitHub-AutoPush-Analytics,https://github.com/deka1105/GitHub-AutoPush-Analytics.git,push_log.csv,modified,success,auto-push: push_log.csv [2026-07-30 10:43:25] --END--
2026-07-30 10:43:28,streamPhoneDeck,https://github.com/deka1105/streamPhoneDeck.git,mobile/.expo/web/cache/production/images/iconsuniversal-icon/iconsuniversal-icon-119462bb78eb240a65c869fc067ee599639b3cb5a41953f25c07b17d2a8c7e0f-cover-#ffffff/App-Icon-1024x1024@1x.png,created,success,auto-push: package.json [2026-07-30 10:43:25] --END--
2026-07-30 10:43:31,GitHub-AutoPush-Analytics,https://github.com/deka1105/GitHub-AutoPush-Analytics.git,push_log.csv,modified,success,auto-push: push_log.csv [2026-07-30 10:43:28] --END--
2026-07-30 10:43:34,GitHub-AutoPush-Analytics,https://github.com/deka1105/GitHub-AutoPush-Analytics.git,push_log.csv,modified,success,auto-push: push_log.csv [2026-07-30 10:43:31] --END--
2026-07-30 10:43:37,GitHub-AutoPush-Analytics,https://github.com/deka1105/GitHub-AutoPush-Analytics.git,push_log.csv,modified,success,auto-push: push_log.csv [2026-07-30 10:43:34] --END--
2026-07-30 10:43:40,GitHub-AutoPush-Analytics,https://github.com/deka1105/GitHub-AutoPush-Analytics.git,push_log.csv,modified,success,auto-push: push_log.csv [2026-07-30 10:43:37] --END--
2026-07-30 10:43:43,GitHub-AutoPush-Analytics,https://github.com/deka1105/GitHub-AutoPush-Analytics.git,push_log.csv,modified,success,auto-push: push_log.csv [2026-07-30 10:43:40] --END--
2026-07-30 10:43:45,GitHub-AutoPush-Analytics,https://github.com/deka1105/GitHub-AutoPush-Analytics.git,push_log.csv,modified,success,auto-push: push_log.csv [2026-07-30 10:43:43] --END--
2026-07-30 10:43:46,streamPhoneDeck,https://github.com/deka1105/streamPhoneDeck.git,mobile/ios/Pods/ReactNativeDependencies-artifacts/reactnative-dependencies-0.86.0-debug.tar.gz,created,error,"git add failed: fatal: Unable to create '/Users/shubhamarundekatey/ClaudeCode/day27/streamPhoneDeck/.git/index.lock': File exists.\n\nAnother git process seems to be running in this repository, or the lock file may be stale --END--"
2026-07-30 10:43:49,GitHub-AutoPush-Analytics,https://github.com/deka1105/GitHub-AutoPush-Analytics.git,push_log.csv,modified,success,auto-push: push_log.csv [2026-07-30 10:43:47] --END--
2026-07-30 10:43:51,GitHub-AutoPush-Analytics,https://github.com/deka1105/GitHub-AutoPush-Analytics.git,push_log.csv,modified,success,auto-push: push_log.csv [2026-07-30 10:43:49] --END--
2026-07-30 10:43:53,streamPhoneDeck,https://github.com/deka1105/streamPhoneDeck.git,mobile/ios/Pods/ExpoCamera/ExpoCamera.xcframework/ios-arm64_x86_64-simulator/ExpoCamera.framework/_CodeSignature/CodeResources,created,error,"git add failed: fatal: Unable to create '/Users/shubhamarundekatey/ClaudeCode/day27/streamPhoneDeck/.git/index.lock': File exists.\n\nAnother git process seems to be running in this repository, or the lock file may be stale --END--"
2026-07-30 10:43:55,GitHub-AutoPush-Analytics,https://github.com/deka1105/GitHub-AutoPush-Analytics.git,push_log.csv,modified,success,auto-push: push_log.csv [2026-07-30 10:43:53] --END--
2026-07-30 10:43:58,GitHub-AutoPush-Analytics,https://github.com/deka1105/GitHub-AutoPush-Analytics.git,push_log.csv,modified,success,auto-push: push_log.csv [2026-07-30 10:43:55] --END--
2026-07-30 10:44:01,GitHub-AutoPush-Analytics,https://github.com/deka1105/GitHub-AutoPush-Analytics.git,push_log.csv,modified,success,auto-push: push_log.csv [2026-07-30 10:43:58] --END--
2026-07-30 10:44:04,GitHub-AutoPush-Analytics,https://github.com/deka1105/GitHub-AutoPush-Analytics.git,push_log.csv,modified,success,"auto-push: push_log.csv, watcher.log, watcher.log.1, watcher.log.2, watcher.log.3 [2026-07-30 10:44:01] --END--"
2026-07-30 10:44:06,GitHub-AutoPush-Analytics,https://github.com/deka1105/GitHub-AutoPush-Analytics.git,watcher.log.1,modified,success,"auto-push: watcher.log, watcher.log.1, watcher.log.2, watcher.log.3 [2026-07-30 10:44:03] --END--"
2026-07-30 10:44:12,GitHub-AutoPush-Analytics,https://github.com/deka1105/GitHub-AutoPush-Analytics.git,watcher.log.1,modified,success,"auto-push: push_log.csv, watcher.log, watcher.log.1, watcher.log.2, watcher.log.3 [2026-07-30 10:44:07] --END--"
2026-07-30 10:44:14,GitHub-AutoPush-Analytics,https://github.com/deka1105/GitHub-AutoPush-Analytics.git,push_log.csv,modified,failed,To https://github.com/deka1105/GitHub-AutoPush-Analytics.git\n ! [remote rejected] HEAD -> main (cannot lock ref 'refs/heads/main': is at c2b25027e6536e9b25a6e92b2ff89a66391dd3b0 but expected 215a3e3f0766574187724304f670d611217a2372)\nerror: failed to push some refs to 'https://github.com/deka1105/GitHub-AutoPush-Analytics.git' --END--
2026-07-30 10:44:16,GitHub-AutoPush-Analytics,https://github.com/deka1105/GitHub-AutoPush-Analytics.git,watcher.log,deleted,success,"auto-push: push_log.csv, watcher.log [2026-07-30 10:44:12] --END--"
2026-07-30 10:44:18,GitHub-AutoPush-Analytics,https://github.com/deka1105/GitHub-AutoPush-Analytics.git,watcher.log,modified,success,auto-push: push_log.csv [2026-07-30 10:44:14] --END--
2026-07-30 10:44:21,GitHub-AutoPush-Analytics,https://github.com/deka1105/GitHub-AutoPush-Analytics.git,watcher.log,modified,success,auto-push: push_log.csv [2026-07-30 10:44:18] --END--
2026-07-30 10:44:28,GitHub-AutoPush-Analytics,https://github.com/deka1105/GitHub-AutoPush-Analytics.git,watcher.log,deleted,success,"auto-push: push_log.csv, watcher.log, watcher.log.1, watcher.log.2, watcher.log.3 [2026-07-30 10:44:23] --END--"
2026-07-30 10:44:28,GitHub-AutoPush-Analytics,https://github.com/deka1105/GitHub-AutoPush-Analytics.git,watcher.log,modified,failed,To https://github.com/deka1105/GitHub-AutoPush-Analytics.git\n ! [remote rejected] HEAD -> main (cannot lock ref 'refs/heads/main': is at b3f0372a86259c037a513bdca75401f0e18bb8ac but expected 47143055ed4b023ca2aa65d33e28785b70defbb4)\nerror: failed to push some refs to 'https://github.com/deka1105/GitHub-AutoPush-Analytics.git' --END--
2026-07-30 10:44:33,GitHub-AutoPush-Analytics,https://github.com/deka1105/GitHub-AutoPush-Analytics.git,watcher.log,modified,success,"auto-push: push_log.csv, watcher.log, watcher.log.1, watcher.log.2, watcher.log.3 [2026-07-30 10:44:29] --END--"
2026-07-30 10:44:37,GitHub-AutoPush-Analytics,https://github.com/deka1105/GitHub-AutoPush-Analytics.git,watcher.log,modified,success,"auto-push: push_log.csv, watcher.log, watcher.log.1, watcher.log.2, watcher.log.3 [2026-07-30 10:44:32] --END--"
2026-07-30 10:44:38,GitHub-AutoPush-Analytics,https://github.com/deka1105/GitHub-AutoPush-Analytics.git,watcher.log.3,deleted,failed,To https://github.com/deka1105/GitHub-AutoPush-Analytics.git\n ! [remote rejected] HEAD -> main (cannot lock ref 'refs/heads/main': is at c21fa50681296ede3645b5afc1a8ea27ddd79ca3 but expected 59485cb82b1ac880a3a69752c2ce4b0b54fb0287)\nerror: failed to push some refs to 'https://github.com/deka1105/GitHub-AutoPush-Analytics.git' --END--
2026-07-30 10:44:40,GitHub-AutoPush-Analytics,https://github.com/deka1105/GitHub-AutoPush-Analytics.git,watcher.log,modified,success,"auto-push: push_log.csv, watcher.log.1 [2026-07-30 10:44:37] --END--"
2026-07-30 10:44:41,GitHub-AutoPush-Analytics,https://github.com/deka1105/GitHub-AutoPush-Analytics.git,watcher.log,modified,failed,To https://github.com/deka1105/GitHub-AutoPush-Analytics.git\n ! [remote rejected] HEAD -> main (cannot lock ref 'refs/heads/main': is at b2da813b66d1d221345d1a8690ac056015472a51 but expected c21fa50681296ede3645b5afc1a8ea27ddd79ca3)\nerror: failed to push some refs to 'https://github.com/deka1105/GitHub-AutoPush-Analytics.git' --END--
2026-07-30 10:44:48,GitHub-AutoPush-Analytics,https://github.com/deka1105/GitHub-AutoPush-Analytics.git,watcher.log.1,modified,error,"git add failed: fatal: Unable to create '/Users/shubhamarundekatey/ClaudeCode/day10/GitHub-AutoPush-Analytics/.git/index.lock': File exists.\n\nAnother git process seems to be running in this repository, or the lock file may be stale --END--"
2026-07-30 10:44:51,GitHub-AutoPush-Analytics,https://github.com/deka1105/GitHub-AutoPush-Analytics.git,watcher.log.1,modified,success,"auto-push: push_log.csv, watcher.log, watcher.log.1, watcher.log.2, watcher.log.3 [2026-07-30 10:44:48] --END--"
2026-07-30 10:45:14,streamPhoneDeck,https://github.com/deka1105/streamPhoneDeck.git,mobile/App.tsx.tmp.31046.3ef7ce2f611e,created,error,"git add failed: fatal: Unable to create '/Users/shubhamarundekatey/ClaudeCode/day27/streamPhoneDeck/.git/index.lock': File exists.\n\nAnother git process seems to be running in this repository, or the lock file may be stale --END--"
2026-07-30 10:45:17,GitHub-AutoPush-Analytics,https://github.com/deka1105/GitHub-AutoPush-Analytics.git,push_log.csv,modified,success,"auto-push: push_log.csv, watcher.log, watcher.log.1, watcher.log.2, watcher.log.3 [2026-07-30 10:45:14] --END--"
2026-07-30 10:45:17,streamPhoneDeck,https://github.com/deka1105/streamPhoneDeck.git,mobile/App.tsx.tmp.31046.3ef7ce2f611e,created,success,auto-push: App.tsx [2026-07-30 10:45:14] --END--
2026-07-30 10:45:19,GitHub-AutoPush-Analytics,https://github.com/deka1105/GitHub-AutoPush-Analytics.git,push_log.csv,modified,success,auto-push: push_log.csv [2026-07-30 10:45:17] --END--
2026-07-30 10:45:34,streamPhoneDeck,https://github.com/deka1105/streamPhoneDeck.git,mobile/node_modules/expo-modules-jsi/apple/.generated/module.modulemap,created,error,"git add failed: fatal: Unable to create '/Users/shubhamarundekatey/ClaudeCode/day27/streamPhoneDeck/.git/index.lock': File exists.\n\nAnother git process seems to be running in this repository, or the lock file may be stale --END--"
2026-07-30 10:45:34,GitHub-AutoPush-Analytics,https://github.com/deka1105/GitHub-AutoPush-Analytics.git,push_log.csv,modified,error,"git add failed: fatal: Unable to create '/Users/shubhamarundekatey/ClaudeCode/day10/GitHub-AutoPush-Analytics/.git/index.lock': File exists.\n\nAnother git process seems to be running in this repository, or the lock file may be stale --END--"
2026-07-30 10:45:38,GitHub-AutoPush-Analytics,https://github.com/deka1105/GitHub-AutoPush-Analytics.git,push_log.csv,modified,success,auto-push: push_log.csv [2026-07-30 10:45:35] --END--
2026-07-30 10:45:42,streamPhoneDeck,https://github.com/deka1105/streamPhoneDeck.git,mobile/node_modules/expo-modules-jsi/apple/.DerivedData/Logs/Build/LogStoreManifest.plist.sb-daf031e9-AtDkdj,created,error,"git add failed: fatal: Unable to create '/Users/shubhamarundekatey/ClaudeCode/day27/streamPhoneDeck/.git/index.lock': File exists.\n\nAnother git process seems to be running in this repository, or the lock file may be stale --END--"
2026-07-30 10:45:44,streamPhoneDeck,https://github.com/deka1105/streamPhoneDeck.git,mobile/node_modules/expo-modules-jsi/apple/.DerivedData/Logs/Build/LogStoreManifest.plist.sb-daf031e9-AtDkdj,created,success,auto-push: App.tsx [2026-07-30 10:45:42] --END--
2026-07-30 10:45:45,GitHub-AutoPush-Analytics,https://github.com/deka1105/GitHub-AutoPush-Analytics.git,push_log.csv,modified,success,auto-push: push_log.csv [2026-07-30 10:45:42] --END--
2026-07-30 10:45:47,GitHub-AutoPush-Analytics,https://github.com/deka1105/GitHub-AutoPush-Analytics.git,push_log.csv,modified,success,auto-push: push_log.csv [2026-07-30 10:45:45] --END--
2026-07-30 10:46:00,streamPhoneDeck,https://github.com/deka1105/streamPhoneDeck.git,mobile/node_modules/expo-modules-jsi/apple/.DerivedData/SourcePackages/workspace-state.json,created,error,"git add failed: fatal: Unable to create '/Users/shubhamarundekatey/ClaudeCode/day27/streamPhoneDeck/.git/index.lock': File exists.\n\nAnother git process seems to be running in this repository, or the lock file may be stale --END--"
2026-07-30 10:46:02,GitHub-AutoPush-Analytics,https://github.com/deka1105/GitHub-AutoPush-Analytics.git,push_log.csv,modified,success,auto-push: push_log.csv [2026-07-30 10:46:00] --END--
2026-07-30 10:46:03,streamPhoneDeck,https://github.com/deka1105/streamPhoneDeck.git,mobile/node_modules/expo-modules-jsi/apple/.DerivedData/SourcePackages/workspace-state.json,created,success,auto-push: App.tsx [2026-07-30 10:46:00] --END--
2026-07-30 10:46:06,GitHub-AutoPush-Analytics,https://github.com/deka1105/GitHub-AutoPush-Analytics.git,push_log.csv,modified,success,auto-push: push_log.csv [2026-07-30 10:46:03] --END--
2026-07-30 10:46:09,GitHub-AutoPush-Analytics,https://github.com/deka1105/GitHub-AutoPush-Analytics.git,push_log.csv,modified,success,auto-push: push_log.csv [2026-07-30 10:46:06] --END--
2026-07-30 10:46:12,GitHub-AutoPush-Analytics,https://github.com/deka1105/GitHub-AutoPush-Analytics.git,push_log.csv,modified,success,auto-push: push_log.csv [2026-07-30 10:46:09] --END--
2026-07-30 10:46:14,GitHub-AutoPush-Analytics,https://github.com/deka1105/GitHub-AutoPush-Analytics.git,push_log.csv,modified,success,auto-push: push_log.csv [2026-07-30 10:46:12] --END--
2026-07-30 10:46:22,streamPhoneDeck,https://github.com/deka1105/streamPhoneDeck.git,mobile/node_modules/expo-modules-jsi/apple/.DerivedData/ModuleCache.noindex/2UQMAHTCTQ2RR/std-W2IOHNZKMYSI.pcm.timestamp,created,error,"git add failed: fatal: Unable to create '/Users/shubhamarundekatey/ClaudeCode/day27/streamPhoneDeck/.git/index.lock': File exists.\n\nAnother git process seems to be running in this repository, or the lock file may be stale --END--"
2026-07-30 10:46:22,GitHub-AutoPush-Analytics,https://github.com/deka1105/GitHub-AutoPush-Analytics.git,push_log.csv,modified,error,"git add failed: fatal: Unable to create '/Users/shubhamarundekatey/ClaudeCode/day10/GitHub-AutoPush-Analytics/.git/index.lock': File exists.\n\nAnother git process seems to be running in this repository, or the lock file may be stale --END--"
2026-07-30 10:46:25,GitHub-AutoPush-Analytics,https://github.com/deka1105/GitHub-AutoPush-Analytics.git,push_log.csv,modified,success,auto-push: push_log.csv [2026-07-30 10:46:22] --END--
2026-07-30 10:46:27,streamPhoneDeck,https://github.com/deka1105/streamPhoneDeck.git,mobile/node_modules/expo-modules-jsi/apple/.DerivedData/ModuleCache.noindex/18X5M2189U16Q/Foundation-2D6I54GZO0EPV.pcm.timestamp,created,error,"git add failed: fatal: Unable to create '/Users/shubhamarundekatey/ClaudeCode/day27/streamPhoneDeck/.git/index.lock': File exists.\n\nAnother git process seems to be running in this repository, or the lock file may be stale --END--"
2026-07-30 10:46:27,GitHub-AutoPush-Analytics,https://github.com/deka1105/GitHub-AutoPush-Analytics.git,push_log.csv,modified,error,"git commit failed: fatal: Unable to create '/Users/shubhamarundekatey/ClaudeCode/day10/GitHub-AutoPush-Analytics/.git/index.lock': File exists.\n\nAnother git process seems to be running in this repository, or the lock file may be stale --END--"
2026-07-30 10:46:30,GitHub-AutoPush-Analytics,https://github.com/deka1105/GitHub-AutoPush-Analytics.git,watcher.log,modified,success,"auto-push: push_log.csv, watcher.log, watcher.log.1, watcher.log.2, watcher.log.3 [2026-07-30 10:46:27] --END--"
2026-07-30 10:46:35,streamPhoneDeck,https://github.com/deka1105/streamPhoneDeck.git,desktop/pair.html.tmp.31046.93411993bab9,created,error,"git add failed: fatal: Unable to create '/Users/shubhamarundekatey/ClaudeCode/day27/streamPhoneDeck/.git/index.lock': File exists.\n\nAnother git process seems to be running in this repository, or the lock file may be stale --END--"
2026-07-30 10:46:37,streamPhoneDeck,https://github.com/deka1105/streamPhoneDeck.git,desktop/pair.html.tmp.31046.93411993bab9,created,success,auto-push: pair.html [2026-07-30 10:46:35] --END--
2026-07-30 10:46:37,GitHub-AutoPush-Analytics,https://github.com/deka1105/GitHub-AutoPush-Analytics.git,push_log.csv,modified,success,"auto-push: push_log.csv, watcher.log [2026-07-30 10:46:35] --END--"
2026-07-30 10:46:41,GitHub-AutoPush-Analytics,https://github.com/deka1105/GitHub-AutoPush-Analytics.git,push_log.csv,modified,success,auto-push: push_log.csv [2026-07-30 10:46:37] --END--
2026-07-30 10:46:42,streamPhoneDeck,https://github.com/deka1105/streamPhoneDeck.git,mobile/node_modules/expo-modules-jsi/apple/.DerivedData/Build/Intermediates.noindex/ExpoModulesJSI.build/Release-iphonesimulator/ExpoModulesJSI.build/Objects-normal/arm64/ExpoModulesJSI-primary.dia,created,success,auto-push: pair.html [2026-07-30 10:46:40] --END--
2026-07-30 10:46:45,GitHub-AutoPush-Analytics,https://github.com/deka1105/GitHub-AutoPush-Analytics.git,push_log.csv,modified,success,"auto-push: push_log.csv, watcher.log, watcher.log.1, watcher.log.2, watcher.log.3 [2026-07-30 10:46:42] --END--"
2026-07-30 10:46:47,streamPhoneDeck,https://github.com/deka1105/streamPhoneDeck.git,mobile/ios/Pods/ExpoFont/ExpoFont.xcframework/ios-arm64_x86_64-simulator/dSYMs/ExpoFont.framework.dSYM/Contents/Resources/21BCAF59-7FFC-333D-ABD6-7FF8DDA5F15D.plist,created,error,"git add failed: fatal: Unable to create '/Users/shubhamarundekatey/ClaudeCode/day27/streamPhoneDeck/.git/index.lock': File exists.\n\nAnother git process seems to be running in this repository, or the lock file may be stale --END--"
2026-07-30 10:46:50,GitHub-AutoPush-Analytics,https://github.com/deka1105/GitHub-AutoPush-Analytics.git,push_log.csv,modified,success,auto-push: push_log.csv [2026-07-30 10:46:48] --END--
2026-07-30 10:46:51,streamPhoneDeck,https://github.com/deka1105/streamPhoneDeck.git,mobile/ios/Pods/ExpoFont/ExpoFont.xcframework/ios-arm64_x86_64-simulator/dSYMs/ExpoFont.framework.dSYM/Contents/Resources/21BCAF59-7FFC-333D-ABD6-7FF8DDA5F15D.plist,created,success,auto-push: pair.html [2026-07-30 10:46:48] --END--
2026-07-30 10:46:54,GitHub-AutoPush-Analytics,https://github.com/deka1105/GitHub-AutoPush-Analytics.git,push_log.csv,modified,success,auto-push: push_log.csv [2026-07-30 10:46:51] --END--
2026-07-30 10:46:57,GitHub-AutoPush-Analytics,https://github.com/deka1105/GitHub-AutoPush-Analytics.git,push_log.csv,modified,success,auto-push: push_log.csv [2026-07-30 10:46:54] --END--
2026-07-30 10:47:01,GitHub-AutoPush-Analytics,https://github.com/deka1105/GitHub-AutoPush-Analytics.git,push_log.csv,modified,success,auto-push: push_log.csv [2026-07-30 10:46:57] --END--
2026-07-30 10:47:06,GitHub-AutoPush-Analytics,https://github.com/deka1105/GitHub-AutoPush-Analytics.git,push_log.csv,modified,success,auto-push: push_log.csv [2026-07-30 10:47:01] --END--
2026-07-30 10:47:06,GitHub-AutoPush-Analytics,https://github.com/deka1105/GitHub-AutoPush-Analytics.git,push_log.csv,modified,error,"git commit failed: On branch main\nYour branch is ahead of 'origin/main' by 1 commit.\n  (use ""git push"" to publish your local commits)\n\nnothing to commit, working tree clean --END--"
2026-07-30 10:47:09,GitHub-AutoPush-Analytics,https://github.com/deka1105/GitHub-AutoPush-Analytics.git,push_log.csv,modified,success,auto-push: push_log.csv [2026-07-30 10:47:06] --END--
2026-07-30 10:47:35,streamPhoneDeck,https://github.com/deka1105/streamPhoneDeck.git,mobile/ios/Pods/ExpoCameraBarcodeScanning/ExpoCameraBarcodeScanning.xcframework/ios-arm64_x86_64-simulator/dSYMs/ExpoCameraBarcodeScanning.framework.dSYM/Contents/Resources/6FBC7B71-8874-351C-BB3F-8EF66A10779B.plist,created,error,"git add failed: fatal: Unable to create '/Users/shubhamarundekatey/ClaudeCode/day27/streamPhoneDeck/.git/index.lock': File exists.\n\nAnother git process seems to be running in this repository, or the lock file may be stale --END--"
2026-07-30 10:47:35,GitHub-AutoPush-Analytics,https://github.com/deka1105/GitHub-AutoPush-Analytics.git,push_log.csv,modified,error,"git add failed: fatal: Unable to create '/Users/shubhamarundekatey/ClaudeCode/day10/GitHub-AutoPush-Analytics/.git/index.lock': File exists.\n\nAnother git process seems to be running in this repository, or the lock file may be stale --END--"
2026-07-30 10:47:39,GitHub-AutoPush-Analytics,https://github.com/deka1105/GitHub-AutoPush-Analytics.git,push_log.csv,modified,success,auto-push: push_log.csv [2026-07-30 10:47:35] --END--
2026-07-30 10:49:39,streamPhoneDeck,https://github.com/deka1105/streamPhoneDeck.git,mobile/ios/Pods/resources-to-copy-streamPhoneDeck.txt,created,error,"git add failed: fatal: Unable to create '/Users/shubhamarundekatey/ClaudeCode/day27/streamPhoneDeck/.git/index.lock': File exists.\n\nAnother git process seems to be running in this repository, or the lock file may be stale --END--"
2026-07-30 10:49:39,GitHub-AutoPush-Analytics,https://github.com/deka1105/GitHub-AutoPush-Analytics.git,push_log.csv,modified,error,"git add failed: fatal: Unable to create '/Users/shubhamarundekatey/ClaudeCode/day10/GitHub-AutoPush-Analytics/.git/index.lock': File exists.\n\nAnother git process seems to be running in this repository, or the lock file may be stale --END--"
2026-07-30 10:49:42,GitHub-AutoPush-Analytics,https://github.com/deka1105/GitHub-AutoPush-Analytics.git,push_log.csv,modified,success,auto-push: push_log.csv [2026-07-30 10:49:39] --END--
2026-07-30 10:50:36,streamPhoneDeck,https://github.com/deka1105/streamPhoneDeck.git,mobile/.expo/README.md,created,error,"git add failed: fatal: Unable to create '/Users/shubhamarundekatey/ClaudeCode/day27/streamPhoneDeck/.git/index.lock': File exists.\n\nAnother git process seems to be running in this repository, or the lock file may be stale --END--"
2026-07-30 10:50:36,GitHub-AutoPush-Analytics,https://github.com/deka1105/GitHub-AutoPush-Analytics.git,push_log.csv,modified,error,"git commit failed: fatal: Unable to create '/Users/shubhamarundekatey/ClaudeCode/day10/GitHub-AutoPush-Analytics/.git/index.lock': File exists.\n\nAnother git process seems to be running in this repository, or the lock file may be stale --END--"
2026-07-30 10:50:40,GitHub-AutoPush-Analytics,https://github.com/deka1105/GitHub-AutoPush-Analytics.git,push_log.csv,modified,success,auto-push: push_log.csv [2026-07-30 10:50:36] --END--
2026-07-30 12:43:24,streamPhoneDeck,https://github.com/deka1105/streamPhoneDeck.git,desktop/src/executor.mjs.tmp.31046.e83f6864d44c,created,error,"git add failed: fatal: Unable to create '/Users/shubhamarundekatey/ClaudeCode/day27/streamPhoneDeck/.git/index.lock': File exists.\n\nAnother git process seems to be running in this repository, or the lock file may be stale --END--"
2026-07-30 12:43:26,GitHub-AutoPush-Analytics,https://github.com/deka1105/GitHub-AutoPush-Analytics.git,push_log.csv,modified,success,auto-push: push_log.csv [2026-07-30 12:43:24] --END--
2026-07-30 12:43:26,streamPhoneDeck,https://github.com/deka1105/streamPhoneDeck.git,desktop/src/executor.mjs.tmp.31046.e83f6864d44c,created,success,auto-push: executor.mjs [2026-07-30 12:43:24] --END--
2026-07-30 12:43:28,GitHub-AutoPush-Analytics,https://github.com/deka1105/GitHub-AutoPush-Analytics.git,push_log.csv,modified,success,auto-push: push_log.csv [2026-07-30 12:43:27] --END--
2026-07-30 12:43:31,streamPhoneDeck,https://github.com/deka1105/streamPhoneDeck.git,desktop/src/executor.mjs.tmp.31046.fe2654325f4a,created,error,"git add failed: fatal: Unable to create '/Users/shubhamarundekatey/ClaudeCode/day27/streamPhoneDeck/.git/index.lock': File exists.\n\nAnother git process seems to be running in this repository, or the lock file may be stale --END--"
2026-07-30 12:43:33,GitHub-AutoPush-Analytics,https://github.com/deka1105/GitHub-AutoPush-Analytics.git,push_log.csv,modified,success,auto-push: push_log.csv [2026-07-30 12:43:31] --END--
2026-07-30 12:43:33,streamPhoneDeck,https://github.com/deka1105/streamPhoneDeck.git,desktop/src/executor.mjs.tmp.31046.fe2654325f4a,created,success,auto-push: executor.mjs [2026-07-30 12:43:31] --END--
2026-07-30 12:43:35,GitHub-AutoPush-Analytics,https://github.com/deka1105/GitHub-AutoPush-Analytics.git,push_log.csv,modified,success,auto-push: push_log.csv [2026-07-30 12:43:33] --END--
2026-07-30 12:43:43,streamPhoneDeck,https://github.com/deka1105/streamPhoneDeck.git,desktop/src/executor.mjs.tmp.31046.ae85ceb46992,created,error,"git add failed: fatal: Unable to create '/Users/shubhamarundekatey/ClaudeCode/day27/streamPhoneDeck/.git/index.lock': File exists.\n\nAnother git process seems to be running in this repository, or the lock file may be stale --END--"
2026-07-30 12:43:45,streamPhoneDeck,https://github.com/deka1105/streamPhoneDeck.git,desktop/src/executor.mjs.tmp.31046.ae85ceb46992,created,success,auto-push: executor.mjs [2026-07-30 12:43:43] --END--
2026-07-30 12:43:45,GitHub-AutoPush-Analytics,https://github.com/deka1105/GitHub-AutoPush-Analytics.git,push_log.csv,modified,success,auto-push: push_log.csv [2026-07-30 12:43:43] --END--
2026-07-30 12:43:47,GitHub-AutoPush-Analytics,https://github.com/deka1105/GitHub-AutoPush-Analytics.git,push_log.csv,modified,success,auto-push: push_log.csv [2026-07-30 12:43:45] --END--
2026-07-30 12:44:19,streamPhoneDeck,https://github.com/deka1105/streamPhoneDeck.git,mobile/src/buttons.ts.tmp.31046.138b9322af20,created,error,"git add failed: fatal: Unable to create '/Users/shubhamarundekatey/ClaudeCode/day27/streamPhoneDeck/.git/index.lock': File exists.\n\nAnother git process seems to be running in this repository, or the lock file may be stale --END--"
2026-07-30 12:44:21,streamPhoneDeck,https://github.com/deka1105/streamPhoneDeck.git,mobile/src/buttons.ts.tmp.31046.138b9322af20,created,success,auto-push: buttons.ts [2026-07-30 12:44:19] --END--
2026-07-30 12:44:22,GitHub-AutoPush-Analytics,https://github.com/deka1105/GitHub-AutoPush-Analytics.git,push_log.csv,modified,success,auto-push: push_log.csv [2026-07-30 12:44:19] --END--
2026-07-30 12:44:23,GitHub-AutoPush-Analytics,https://github.com/deka1105/GitHub-AutoPush-Analytics.git,push_log.csv,modified,failed,To https://github.com/deka1105/GitHub-AutoPush-Analytics.git\n ! [remote rejected] HEAD -> main (cannot lock ref 'refs/heads/main': is at 8c94d490822d48c9c3481170ef6ac32e3c1f8e25 but expected 7f2915db659647be714ef21754945febb9638de7)\nerror: failed to push some refs to 'https://github.com/deka1105/GitHub-AutoPush-Analytics.git' --END--
2026-07-30 12:44:25,streamPhoneDeck,https://github.com/deka1105/streamPhoneDeck.git,mobile/src/buttons.ts.tmp.31046.d0dc3993affd,created,error,"git add failed: fatal: Unable to create '/Users/shubhamarundekatey/ClaudeCode/day27/streamPhoneDeck/.git/index.lock': File exists.\n\nAnother git process seems to be running in this repository, or the lock file may be stale --END--"
2026-07-30 12:44:27,streamPhoneDeck,https://github.com/deka1105/streamPhoneDeck.git,mobile/src/buttons.ts.tmp.31046.d0dc3993affd,created,success,auto-push: buttons.ts [2026-07-30 12:44:25] --END--
2026-07-30 12:44:28,GitHub-AutoPush-Analytics,https://github.com/deka1105/GitHub-AutoPush-Analytics.git,push_log.csv,modified,success,auto-push: push_log.csv [2026-07-30 12:44:26] --END--
2026-07-30 12:44:29,GitHub-AutoPush-Analytics,https://github.com/deka1105/GitHub-AutoPush-Analytics.git,push_log.csv,modified,success,auto-push: push_log.csv [2026-07-30 12:44:27] --END--
2026-07-30 12:44:35,streamPhoneDeck,https://github.com/deka1105/streamPhoneDeck.git,mobile/src/buttons.ts.tmp.31046.5ee71cd8878c,created,error,"git add failed: fatal: Unable to create '/Users/shubhamarundekatey/ClaudeCode/day27/streamPhoneDeck/.git/index.lock': File exists.\n\nAnother git process seems to be running in this repository, or the lock file may be stale --END--"
2026-07-30 12:44:37,GitHub-AutoPush-Analytics,https://github.com/deka1105/GitHub-AutoPush-Analytics.git,push_log.csv,modified,success,auto-push: push_log.csv [2026-07-30 12:44:35] --END--
2026-07-30 12:44:37,streamPhoneDeck,https://github.com/deka1105/streamPhoneDeck.git,mobile/src/buttons.ts.tmp.31046.5ee71cd8878c,created,success,auto-push: buttons.ts [2026-07-30 12:44:35] --END--
2026-07-30 12:44:39,GitHub-AutoPush-Analytics,https://github.com/deka1105/GitHub-AutoPush-Analytics.git,push_log.csv,modified,success,auto-push: push_log.csv [2026-07-30 12:44:37] --END--
2026-07-30 12:45:28,streamPhoneDeck,https://github.com/deka1105/streamPhoneDeck.git,mobile/App.tsx.tmp.31046.b8bd56ca87c1,created,error,"git add failed: fatal: Unable to create '/Users/shubhamarundekatey/ClaudeCode/day27/streamPhoneDeck/.git/index.lock': File exists.\n\nAnother git process seems to be running in this repository, or the lock file may be stale --END--"
2026-07-30 12:45:31,streamPhoneDeck,https://github.com/deka1105/streamPhoneDeck.git,mobile/App.tsx.tmp.31046.b8bd56ca87c1,created,success,"auto-push: App.tsx, buttons.ts [2026-07-30 12:45:28] --END--"
2026-07-30 12:45:31,GitHub-AutoPush-Analytics,https://github.com/deka1105/GitHub-AutoPush-Analytics.git,push_log.csv,modified,success,auto-push: push_log.csv [2026-07-30 12:45:28] --END--
2026-07-30 12:45:34,GitHub-AutoPush-Analytics,https://github.com/deka1105/GitHub-AutoPush-Analytics.git,push_log.csv,modified,success,"auto-push: push_log.csv, watcher.log, watcher.log.1, watcher.log.2, watcher.log.3 [2026-07-30 12:45:31] --END--"
2026-07-30 12:45:36,GitHub-AutoPush-Analytics,https://github.com/deka1105/GitHub-AutoPush-Analytics.git,push_log.csv,modified,success,auto-push: push_log.csv [2026-07-30 12:45:34] --END--
2026-07-30 12:45:36,streamPhoneDeck,https://github.com/deka1105/streamPhoneDeck.git,mobile/App.tsx.tmp.31046.abf4e3d6ec65,created,success,auto-push: App.tsx [2026-07-30 12:45:34] --END--
2026-07-30 12:45:38,streamPhoneDeck,https://github.com/deka1105/streamPhoneDeck.git,mobile/App.tsx.tmp.31046.a0a87980d9d9,created,success,auto-push: App.tsx [2026-07-30 12:45:36] --END--
2026-07-30 12:45:38,GitHub-AutoPush-Analytics,https://github.com/deka1105/GitHub-AutoPush-Analytics.git,push_log.csv,modified,success,auto-push: push_log.csv [2026-07-30 12:45:36] --END--
2026-07-30 12:45:42,streamPhoneDeck,https://github.com/deka1105/streamPhoneDeck.git,mobile/App.tsx.tmp.31046.ec2bcc8adf50,created,success,auto-push: App.tsx [2026-07-30 12:45:39] --END--
2026-07-30 12:45:44,GitHub-AutoPush-Analytics,https://github.com/deka1105/GitHub-AutoPush-Analytics.git,push_log.csv,modified,success,auto-push: push_log.csv [2026-07-30 12:45:42] --END--
2026-07-30 12:47:42,streamPhoneDeck,https://github.com/deka1105/streamPhoneDeck.git,mobile/.expo/devices.json.ajGVuknYEQRSQDjlVPj62HolKTPff4O5NbLV4_VYp6U,created,error,"git add failed: fatal: Unable to create '/Users/shubhamarundekatey/ClaudeCode/day27/streamPhoneDeck/.git/index.lock': File exists.\n\nAnother git process seems to be running in this repository, or the lock file may be stale --END--"
2026-07-30 12:47:42,GitHub-AutoPush-Analytics,https://github.com/deka1105/GitHub-AutoPush-Analytics.git,push_log.csv,modified,error,"git add failed: fatal: Unable to create '/Users/shubhamarundekatey/ClaudeCode/day10/GitHub-AutoPush-Analytics/.git/index.lock': File exists.\n\nAnother git process seems to be running in this repository, or the lock file may be stale --END--"
2026-07-30 12:47:44,GitHub-AutoPush-Analytics,https://github.com/deka1105/GitHub-AutoPush-Analytics.git,push_log.csv,modified,success,"auto-push: push_log.csv, watcher.log, watcher.log.1, watcher.log.2, watcher.log.3 [2026-07-30 12:47:42] --END--"
2026-07-30 12:49:04,streamPhoneDeck,https://github.com/deka1105/streamPhoneDeck.git,mobile/.expo/dev/logs/start.log,modified,error,"git add failed: fatal: Unable to create '/Users/shubhamarundekatey/ClaudeCode/day27/streamPhoneDeck/.git/index.lock': File exists.\n\nAnother git process seems to be running in this repository, or the lock file may be stale --END--"
2026-07-30 12:49:06,GitHub-AutoPush-Analytics,https://github.com/deka1105/GitHub-AutoPush-Analytics.git,push_log.csv,modified,success,auto-push: push_log.csv [2026-07-30 12:49:04] --END--
2026-07-30 12:49:40,streamPhoneDeck,https://github.com/deka1105/streamPhoneDeck.git,mobile/.expo/devices.json.nHItfzomb8GgtPiF2pT9oM3MsiEy3ZyuJ2GwtHTjINA,created,error,"git add failed: fatal: Unable to create '/Users/shubhamarundekatey/ClaudeCode/day27/streamPhoneDeck/.git/index.lock': File exists.\n\nAnother git process seems to be running in this repository, or the lock file may be stale --END--"
2026-07-30 12:49:40,GitHub-AutoPush-Analytics,https://github.com/deka1105/GitHub-AutoPush-Analytics.git,push_log.csv,modified,error,"git add failed: fatal: Unable to create '/Users/shubhamarundekatey/ClaudeCode/day10/GitHub-AutoPush-Analytics/.git/index.lock': File exists.\n\nAnother git process seems to be running in this repository, or the lock file may be stale --END--"
2026-07-30 12:49:46,GitHub-AutoPush-Analytics,https://github.com/deka1105/GitHub-AutoPush-Analytics.git,push_log.csv,modified,success,auto-push: push_log.csv [2026-07-30 12:49:40] --END--
2026-07-30 12:49:48,GitHub-AutoPush-Analytics,https://github.com/deka1105/GitHub-AutoPush-Analytics.git,push_log.csv,modified,success,auto-push: push_log.csv [2026-07-30 12:49:46] --END--
2026-07-30 12:53:21,streamPhoneDeck,https://github.com/deka1105/streamPhoneDeck.git,desktop/README.md.tmp.31046.983130de0dfb,created,error,"git add failed: fatal: Unable to create '/Users/shubhamarundekatey/ClaudeCode/day27/streamPhoneDeck/.git/index.lock': File exists.\n\nAnother git process seems to be running in this repository, or the lock file may be stale --END--"
2026-07-30 12:53:23,GitHub-AutoPush-Analytics,https://github.com/deka1105/GitHub-AutoPush-Analytics.git,push_log.csv,modified,success,auto-push: push_log.csv [2026-07-30 12:53:21] --END--
2026-07-30 12:53:23,streamPhoneDeck,https://github.com/deka1105/streamPhoneDeck.git,desktop/README.md.tmp.31046.983130de0dfb,created,success,auto-push: README.md [2026-07-30 12:53:21] --END--
2026-07-30 12:53:25,GitHub-AutoPush-Analytics,https://github.com/deka1105/GitHub-AutoPush-Analytics.git,push_log.csv,modified,success,auto-push: push_log.csv [2026-07-30 12:53:23] --END--
2026-07-30 13:07:02,streamPhoneDeck,https://github.com/deka1105/streamPhoneDeck.git,mobile/App.tsx.tmp.31046.17ff4db20295,created,error,"git add failed: fatal: Unable to create '/Users/shubhamarundekatey/ClaudeCode/day27/streamPhoneDeck/.git/index.lock': File exists.\n\nAnother git process seems to be running in this repository, or the lock file may be stale --END--"
2026-07-30 13:07:04,streamPhoneDeck,https://github.com/deka1105/streamPhoneDeck.git,mobile/App.tsx.tmp.31046.17ff4db20295,created,success,auto-push: App.tsx [2026-07-30 13:07:02] --END--
2026-07-30 13:07:04,GitHub-AutoPush-Analytics,https://github.com/deka1105/GitHub-AutoPush-Analytics.git,push_log.csv,modified,success,auto-push: push_log.csv [2026-07-30 13:07:02] --END--
2026-07-30 13:07:06,GitHub-AutoPush-Analytics,https://github.com/deka1105/GitHub-AutoPush-Analytics.git,push_log.csv,modified,success,auto-push: push_log.csv [2026-07-30 13:07:04] --END--
2026-07-30 13:07:10,streamPhoneDeck,https://github.com/deka1105/streamPhoneDeck.git,mobile/App.tsx.tmp.31046.191df2678c1f,created,error,"git add failed: fatal: Unable to create '/Users/shubhamarundekatey/ClaudeCode/day27/streamPhoneDeck/.git/index.lock': File exists.\n\nAnother git process seems to be running in this repository, or the lock file may be stale --END--"
2026-07-30 13:07:12,streamPhoneDeck,https://github.com/deka1105/streamPhoneDeck.git,mobile/App.tsx.tmp.31046.191df2678c1f,created,success,auto-push: App.tsx [2026-07-30 13:07:10] --END--
2026-07-30 13:07:12,GitHub-AutoPush-Analytics,https://github.com/deka1105/GitHub-AutoPush-Analytics.git,push_log.csv,modified,success,auto-push: push_log.csv [2026-07-30 13:07:10] --END--
2026-07-30 13:07:15,GitHub-AutoPush-Analytics,https://github.com/deka1105/GitHub-AutoPush-Analytics.git,push_log.csv,modified,success,auto-push: push_log.csv [2026-07-30 13:07:12] --END--
2026-07-30 13:07:23,streamPhoneDeck,https://github.com/deka1105/streamPhoneDeck.git,mobile/App.tsx.tmp.31046.de8cc3967610,created,error,"git add failed: fatal: Unable to create '/Users/shubhamarundekatey/ClaudeCode/day27/streamPhoneDeck/.git/index.lock': File exists.\n\nAnother git process seems to be running in this repository, or the lock file may be stale --END--"
2026-07-30 13:07:25,streamPhoneDeck,https://github.com/deka1105/streamPhoneDeck.git,mobile/App.tsx.tmp.31046.de8cc3967610,created,success,auto-push: App.tsx [2026-07-30 13:07:23] --END--
2026-07-30 13:07:25,GitHub-AutoPush-Analytics,https://github.com/deka1105/GitHub-AutoPush-Analytics.git,push_log.csv,modified,success,auto-push: push_log.csv [2026-07-30 13:07:23] --END--
2026-07-30 13:07:27,GitHub-AutoPush-Analytics,https://github.com/deka1105/GitHub-AutoPush-Analytics.git,push_log.csv,modified,success,auto-push: push_log.csv [2026-07-30 13:07:25] --END--
2026-07-30 13:07:33,streamPhoneDeck,https://github.com/deka1105/streamPhoneDeck.git,mobile/App.tsx.tmp.31046.e6a6d826345d,created,error,"git add failed: fatal: Unable to create '/Users/shubhamarundekatey/ClaudeCode/day27/streamPhoneDeck/.git/index.lock': File exists.\n\nAnother git process seems to be running in this repository, or the lock file may be stale --END--"
2026-07-30 13:07:35,GitHub-AutoPush-Analytics,https://github.com/deka1105/GitHub-AutoPush-Analytics.git,push_log.csv,modified,success,auto-push: push_log.csv [2026-07-30 13:07:33] --END--
2026-07-30 13:07:37,streamPhoneDeck,https://github.com/deka1105/streamPhoneDeck.git,mobile/App.tsx.tmp.31046.e6a6d826345d,created,success,auto-push: App.tsx [2026-07-30 13:07:33] --END--
2026-07-30 13:07:40,GitHub-AutoPush-Analytics,https://github.com/deka1105/GitHub-AutoPush-Analytics.git,push_log.csv,modified,success,auto-push: push_log.csv [2026-07-30 13:07:38] --END--
2026-07-30 13:07:42,GitHub-AutoPush-Analytics,https://github.com/deka1105/GitHub-AutoPush-Analytics.git,push_log.csv,modified,success,auto-push: push_log.csv [2026-07-30 13:07:40] --END--
2026-07-30 13:24:39,streamPhoneDeck,https://github.com/deka1105/streamPhoneDeck.git,mobile/.expo/prebuild/cached-packages.json.2Q6gmyLf6N66_CHYdQNatOsH6hgvJepdnm6Khg3I3xI,created,error,"git add failed: fatal: Unable to create '/Users/shubhamarundekatey/ClaudeCode/day27/streamPhoneDeck/.git/index.lock': File exists.\n\nAnother git process seems to be running in this repository, or the lock file may be stale --END--"
2026-07-30 13:24:39,GitHub-AutoPush-Analytics,https://github.com/deka1105/GitHub-AutoPush-Analytics.git,push_log.csv,modified,error,"git add failed: fatal: Unable to create '/Users/shubhamarundekatey/ClaudeCode/day10/GitHub-AutoPush-Analytics/.git/index.lock': File exists.\n\nAnother git process seems to be running in this repository, or the lock file may be stale --END--"
2026-07-30 13:24:41,GitHub-AutoPush-Analytics,https://github.com/deka1105/GitHub-AutoPush-Analytics.git,push_log.csv,modified,success,auto-push: push_log.csv [2026-07-30 13:24:39] --END--
2026-07-30 13:24:47,streamPhoneDeck,https://github.com/deka1105/streamPhoneDeck.git,mobile/ios/streamPhoneDeck.xcodeproj/project.pbxproj,modified,error,"git add failed: fatal: Unable to create '/Users/shubhamarundekatey/ClaudeCode/day27/streamPhoneDeck/.git/index.lock': File exists.\n\nAnother git process seems to be running in this repository, or the lock file may be stale --END--"
2026-07-30 13:24:47,GitHub-AutoPush-Analytics,https://github.com/deka1105/GitHub-AutoPush-Analytics.git,push_log.csv,modified,error,"git add failed: fatal: Unable to create '/Users/shubhamarundekatey/ClaudeCode/day10/GitHub-AutoPush-Analytics/.git/index.lock': File exists.\n\nAnother git process seems to be running in this repository, or the lock file may be stale --END--"
2026-07-30 13:24:49,GitHub-AutoPush-Analytics,https://github.com/deka1105/GitHub-AutoPush-Analytics.git,push_log.csv,modified,success,auto-push: push_log.csv [2026-07-30 13:24:47] --END--
2026-07-30 13:25:55,streamPhoneDeck,https://github.com/deka1105/streamPhoneDeck.git,mobile/.expo/xcodebuild.log,modified,error,"git add failed: fatal: Unable to create '/Users/shubhamarundekatey/ClaudeCode/day27/streamPhoneDeck/.git/index.lock': File exists.\n\nAnother git process seems to be running in this repository, or the lock file may be stale --END--"
2026-07-30 13:25:55,GitHub-AutoPush-Analytics,https://github.com/deka1105/GitHub-AutoPush-Analytics.git,push_log.csv,modified,error,"git add failed: fatal: Unable to create '/Users/shubhamarundekatey/ClaudeCode/day10/GitHub-AutoPush-Analytics/.git/index.lock': File exists.\n\nAnother git process seems to be running in this repository, or the lock file may be stale --END--"
2026-07-30 13:25:57,GitHub-AutoPush-Analytics,https://github.com/deka1105/GitHub-AutoPush-Analytics.git,push_log.csv,modified,success,auto-push: push_log.csv [2026-07-30 13:25:55] --END--
2026-07-30 13:29:41,streamPhoneDeck,https://github.com/deka1105/streamPhoneDeck.git,mobile/.expo/prebuild/cached-packages.json.2Q6gmyLf6N66_CHYdQNatOsH6hgvJepdnm6Khg3I3xI,created,error,"git add failed: fatal: Unable to create '/Users/shubhamarundekatey/ClaudeCode/day27/streamPhoneDeck/.git/index.lock': File exists.\n\nAnother git process seems to be running in this repository, or the lock file may be stale --END--"
2026-07-30 13:29:41,GitHub-AutoPush-Analytics,https://github.com/deka1105/GitHub-AutoPush-Analytics.git,push_log.csv,modified,error,"git add failed: fatal: Unable to create '/Users/shubhamarundekatey/ClaudeCode/day10/GitHub-AutoPush-Analytics/.git/index.lock': File exists.\n\nAnother git process seems to be running in this repository, or the lock file may be stale --END--"
2026-07-30 13:29:45,GitHub-AutoPush-Analytics,https://github.com/deka1105/GitHub-AutoPush-Analytics.git,push_log.csv,modified,success,auto-push: push_log.csv [2026-07-30 13:29:41] --END--
2026-07-30 13:31:59,streamPhoneDeck,https://github.com/deka1105/streamPhoneDeck.git,mobile/app.json.tmp.31046.2a149cce47a4,created,error,"git add failed: fatal: Unable to create '/Users/shubhamarundekatey/ClaudeCode/day27/streamPhoneDeck/.git/index.lock': File exists.\n\nAnother git process seems to be running in this repository, or the lock file may be stale --END--"
2026-07-30 13:32:02,GitHub-AutoPush-Analytics,https://github.com/deka1105/GitHub-AutoPush-Analytics.git,push_log.csv,modified,success,auto-push: push_log.csv [2026-07-30 13:31:59] --END--
2026-07-30 13:32:02,streamPhoneDeck,https://github.com/deka1105/streamPhoneDeck.git,mobile/app.json.tmp.31046.2a149cce47a4,created,success,auto-push: app.json [2026-07-30 13:31:59] --END--
2026-07-30 13:32:04,GitHub-AutoPush-Analytics,https://github.com/deka1105/GitHub-AutoPush-Analytics.git,push_log.csv,modified,success,auto-push: push_log.csv [2026-07-30 13:32:02] --END--
2026-07-30 13:32:45,streamPhoneDeck,https://github.com/deka1105/streamPhoneDeck.git,mobile/.expo/dev/logs/start.log,modified,error,"git add failed: fatal: Unable to create '/Users/shubhamarundekatey/ClaudeCode/day27/streamPhoneDeck/.git/index.lock': File exists.\n\nAnother git process seems to be running in this repository, or the lock file may be stale --END--"
2026-07-30 13:32:48,GitHub-AutoPush-Analytics,https://github.com/deka1105/GitHub-AutoPush-Analytics.git,push_log.csv,modified,success,auto-push: push_log.csv [2026-07-30 13:32:46] --END--
2026-07-30 13:32:48,streamPhoneDeck,https://github.com/deka1105/streamPhoneDeck.git,mobile/.expo/dev/logs/start.log,modified,success,auto-push: app.json [2026-07-30 13:32:45] --END--
2026-07-30 13:32:50,GitHub-AutoPush-Analytics,https://github.com/deka1105/GitHub-AutoPush-Analytics.git,push_log.csv,modified,success,auto-push: push_log.csv [2026-07-30 13:32:48] --END--
2026-07-30 13:39:09,streamPhoneDeck,https://github.com/deka1105/streamPhoneDeck.git,mobile/ios/.xcode.env,deleted,error,"git add failed: fatal: Unable to create '/Users/shubhamarundekatey/ClaudeCode/day27/streamPhoneDeck/.git/index.lock': File exists.\n\nAnother git process seems to be running in this repository, or the lock file may be stale --END--"
2026-07-30 13:39:10,GitHub-AutoPush-Analytics,https://github.com/deka1105/GitHub-AutoPush-Analytics.git,push_log.csv,modified,error,"git commit failed: On branch main\nYour branch is ahead of 'origin/main' by 1 commit.\n  (use ""git push"" to publish your local commits)\n\nnothing to commit, working tree clean --END--"
2026-07-30 13:39:12,GitHub-AutoPush-Analytics,https://github.com/deka1105/GitHub-AutoPush-Analytics.git,push_log.csv,modified,success,"auto-push: push_log.csv, watcher.log, watcher.log.1, watcher.log.2, watcher.log.3 [2026-07-30 13:39:09] --END--"
2026-07-30 13:39:15,streamPhoneDeck,https://github.com/deka1105/streamPhoneDeck.git,mobile/ios/.xcode.env.local,created,error,"git add failed: fatal: Unable to create '/Users/shubhamarundekatey/ClaudeCode/day27/streamPhoneDeck/.git/index.lock': File exists.\n\nAnother git process seems to be running in this repository, or the lock file may be stale --END--"
2026-07-30 13:39:15,GitHub-AutoPush-Analytics,https://github.com/deka1105/GitHub-AutoPush-Analytics.git,push_log.csv,modified,error,"git add failed: fatal: Unable to create '/Users/shubhamarundekatey/ClaudeCode/day10/GitHub-AutoPush-Analytics/.git/index.lock': File exists.\n\nAnother git process seems to be running in this repository, or the lock file may be stale --END--"
2026-07-30 13:39:18,GitHub-AutoPush-Analytics,https://github.com/deka1105/GitHub-AutoPush-Analytics.git,push_log.csv,modified,success,"auto-push: push_log.csv, watcher.log, watcher.log.1, watcher.log.2, watcher.log.3 [2026-07-30 13:39:15] --END--"
2026-07-30 13:39:20,streamPhoneDeck,https://github.com/deka1105/streamPhoneDeck.git,mobile/ios/Pods/ReactNativeDependencies-artifacts/reactnative-dependencies-0.86.0-debug.tar.gz,created,error,"git add failed: fatal: Unable to create '/Users/shubhamarundekatey/ClaudeCode/day27/streamPhoneDeck/.git/index.lock': File exists.\n\nAnother git process seems to be running in this repository, or the lock file may be stale --END--"
2026-07-30 13:39:20,GitHub-AutoPush-Analytics,https://github.com/deka1105/GitHub-AutoPush-Analytics.git,push_log.csv,modified,error,"git add failed: fatal: Unable to create '/Users/shubhamarundekatey/ClaudeCode/day10/GitHub-AutoPush-Analytics/.git/index.lock': File exists.\n\nAnother git process seems to be running in this repository, or the lock file may be stale --END--"
2026-07-30 13:39:22,GitHub-AutoPush-Analytics,https://github.com/deka1105/GitHub-AutoPush-Analytics.git,push_log.csv,modified,success,auto-push: push_log.csv [2026-07-30 13:39:20] --END--
2026-07-30 13:39:25,streamPhoneDeck,https://github.com/deka1105/streamPhoneDeck.git,mobile/ios/Pods/ExpoFileSystem/ExpoFileSystem.xcframework/ios-arm64_x86_64-simulator/dSYMs/ExpoFileSystem.framework.dSYM/Contents/Resources/Relocations/aarch64/ExpoFileSystem.yml,created,error,"git add failed: fatal: Unable to create '/Users/shubhamarundekatey/ClaudeCode/day27/streamPhoneDeck/.git/index.lock': File exists.\n\nAnother git process seems to be running in this repository, or the lock file may be stale --END--"
2026-07-30 13:39:25,GitHub-AutoPush-Analytics,https://github.com/deka1105/GitHub-AutoPush-Analytics.git,push_log.csv,modified,error,"git commit failed: fatal: Unable to create '/Users/shubhamarundekatey/ClaudeCode/day10/GitHub-AutoPush-Analytics/.git/index.lock': File exists.\n\nAnother git process seems to be running in this repository, or the lock file may be stale --END--"
2026-07-30 13:39:28,GitHub-AutoPush-Analytics,https://github.com/deka1105/GitHub-AutoPush-Analytics.git,push_log.csv,modified,success,auto-push: push_log.csv [2026-07-30 13:39:25] --END--
2026-07-30 13:39:30,streamPhoneDeck,https://github.com/deka1105/streamPhoneDeck.git,mobile/ios/Pods/React-Core-prebuilt/React.xcframework/ios-arm64_x86_64-maccatalyst/React.framework/React,modified,error,"git add failed: fatal: Unable to create '/Users/shubhamarundekatey/ClaudeCode/day27/streamPhoneDeck/.git/index.lock': File exists.\n\nAnother git process seems to be running in this repository, or the lock file may be stale --END--"
2026-07-30 13:39:37,GitHub-AutoPush-Analytics,https://github.com/deka1105/GitHub-AutoPush-Analytics.git,push_log.csv,modified,success,"auto-push: push_log.csv, watcher.log, watcher.log.1, watcher.log.2, watcher.log.3 [2026-07-30 13:39:30] --END--"
2026-07-30 13:39:37,GitHub-AutoPush-Analytics,https://github.com/deka1105/GitHub-AutoPush-Analytics.git,push_log.csv,modified,error,"git add failed: fatal: Unable to create '/Users/shubhamarundekatey/ClaudeCode/day10/GitHub-AutoPush-Analytics/.git/index.lock': File exists.\n\nAnother git process seems to be running in this repository, or the lock file may be stale --END--"
2026-07-30 13:39:43,GitHub-AutoPush-Analytics,https://github.com/deka1105/GitHub-AutoPush-Analytics.git,push_log.csv,modified,success,"auto-push: push_log.csv, watcher.log, watcher.log.1, watcher.log.2, watcher.log.3 [2026-07-30 13:39:37] --END--"
2026-07-30 13:39:51,GitHub-AutoPush-Analytics,https://github.com/deka1105/GitHub-AutoPush-Analytics.git,push_log.csv,modified,success,"auto-push: push_log.csv, watcher.log, watcher.log.1, watcher.log.2, watcher.log.3 [2026-07-30 13:39:43] --END--"
2026-07-30 13:39:51,GitHub-AutoPush-Analytics,https://github.com/deka1105/GitHub-AutoPush-Analytics.git,push_log.csv,modified,error,"git add failed: fatal: Unable to create '/Users/shubhamarundekatey/ClaudeCode/day10/GitHub-AutoPush-Analytics/.git/index.lock': File exists.\n\nAnother git process seems to be running in this repository, or the lock file may be stale --END--"
2026-07-30 13:39:56,GitHub-AutoPush-Analytics,https://github.com/deka1105/GitHub-AutoPush-Analytics.git,push_log.csv,modified,success,"auto-push: push_log.csv, watcher.log, watcher.log.1, watcher.log.2, watcher.log.3 [2026-07-30 13:39:51] --END--"
2026-07-30 13:40:02,streamPhoneDeck,https://github.com/deka1105/streamPhoneDeck.git,mobile/ios/Pods/Pods.xcodeproj/project.pbxproj,created,error,"git add failed: fatal: Unable to create '/Users/shubhamarundekatey/ClaudeCode/day27/streamPhoneDeck/.git/index.lock': File exists.\n\nAnother git process seems to be running in this repository, or the lock file may be stale --END--"
2026-07-30 13:40:02,GitHub-AutoPush-Analytics,https://github.com/deka1105/GitHub-AutoPush-Analytics.git,push_log.csv,modified,error,"git add failed: fatal: Unable to create '/Users/shubhamarundekatey/ClaudeCode/day10/GitHub-AutoPush-Analytics/.git/index.lock': File exists.\n\nAnother git process seems to be running in this repository, or the lock file may be stale --END--"
2026-07-30 13:40:05,GitHub-AutoPush-Analytics,https://github.com/deka1105/GitHub-AutoPush-Analytics.git,push_log.csv,modified,success,"auto-push: push_log.csv, watcher.log, watcher.log.1, watcher.log.2, watcher.log.3 [2026-07-30 13:40:02] --END--"
2026-07-30 13:40:39,streamPhoneDeck,https://github.com/deka1105/streamPhoneDeck.git,mobile/.expo/prebuild/cached-packages.json.2Q6gmyLf6N66_CHYdQNatOsH6hgvJepdnm6Khg3I3xI,created,error,"git add failed: fatal: Unable to create '/Users/shubhamarundekatey/ClaudeCode/day27/streamPhoneDeck/.git/index.lock': File exists.\n\nAnother git process seems to be running in this repository, or the lock file may be stale --END--"
2026-07-30 13:40:39,GitHub-AutoPush-Analytics,https://github.com/deka1105/GitHub-AutoPush-Analytics.git,push_log.csv,modified,error,"git add failed: fatal: Unable to create '/Users/shubhamarundekatey/ClaudeCode/day10/GitHub-AutoPush-Analytics/.git/index.lock': File exists.\n\nAnother git process seems to be running in this repository, or the lock file may be stale --END--"
2026-07-30 13:40:42,GitHub-AutoPush-Analytics,https://github.com/deka1105/GitHub-AutoPush-Analytics.git,push_log.csv,modified,success,auto-push: push_log.csv [2026-07-30 13:40:39] --END--
2026-07-30 13:40:51,streamPhoneDeck,https://github.com/deka1105/streamPhoneDeck.git,mobile/ios/streamPhoneDeck.xcodeproj/project.pbxproj,modified,error,"git add failed: fatal: Unable to create '/Users/shubhamarundekatey/ClaudeCode/day27/streamPhoneDeck/.git/index.lock': File exists.\n\nAnother git process seems to be running in this repository, or the lock file may be stale --END--"
2026-07-30 13:40:51,GitHub-AutoPush-Analytics,https://github.com/deka1105/GitHub-AutoPush-Analytics.git,push_log.csv,modified,error,"git add failed: fatal: Unable to create '/Users/shubhamarundekatey/ClaudeCode/day10/GitHub-AutoPush-Analytics/.git/index.lock': File exists.\n\nAnother git process seems to be running in this repository, or the lock file may be stale --END--"
2026-07-30 13:40:53,GitHub-AutoPush-Analytics,https://github.com/deka1105/GitHub-AutoPush-Analytics.git,push_log.csv,modified,success,auto-push: push_log.csv [2026-07-30 13:40:51] --END--
2026-07-30 13:41:24,streamPhoneDeck,https://github.com/deka1105/streamPhoneDeck.git,mobile/node_modules/expo-modules-jsi/apple/.DerivedData/info.plist,moved,error,"git add failed: fatal: Unable to create '/Users/shubhamarundekatey/ClaudeCode/day27/streamPhoneDeck/.git/index.lock': File exists.\n\nAnother git process seems to be running in this repository, or the lock file may be stale --END--"
2026-07-30 13:41:25,GitHub-AutoPush-Analytics,https://github.com/deka1105/GitHub-AutoPush-Analytics.git,push_log.csv,modified,error,"git commit failed: On branch main\nYour branch is ahead of 'origin/main' by 1 commit.\n  (use ""git push"" to publish your local commits)\n\nnothing to commit, working tree clean --END--"
2026-07-30 13:41:29,GitHub-AutoPush-Analytics,https://github.com/deka1105/GitHub-AutoPush-Analytics.git,push_log.csv,modified,success,auto-push: push_log.csv [2026-07-30 13:41:25] --END--
2026-07-30 13:41:33,streamPhoneDeck,https://github.com/deka1105/streamPhoneDeck.git,mobile/node_modules/expo-modules-jsi/apple/.DerivedData/SourcePackages/workspace-state.json,created,error,"git add failed: fatal: Unable to create '/Users/shubhamarundekatey/ClaudeCode/day27/streamPhoneDeck/.git/index.lock': File exists.\n\nAnother git process seems to be running in this repository, or the lock file may be stale --END--"
