2026-08-31 22:18:18 [DEBUG   ] NativeEvent(path="/Users/shubhamarundekatey/ClaudeCode/day28/StreamDeck-Premium/mobile/node_modules/yaml/dist/schema/core", inode=279703406, flags=20400, id=950475229): is_directory, is_inode_meta_mod
2026-08-31 22:18:18 [DEBUG   ] queue_event DirModifiedEvent(src_path='/Users/shubhamarundekatey/ClaudeCode/day28/StreamDeck-Premium/mobile/node_modules/yaml/dist/schema/core', dest_path='', event_type='modified', is_directory=True, is_synthetic=False)
2026-08-31 22:18:19 [DEBUG   ] NativeEvent(path="/Users/shubhamarundekatey/ClaudeCode/day10/GitHub-AutoPush-Analytics/watcher.log.3", inode=287560922, flags=10200, id=950475235): is_file, is_removed
2026-08-31 22:18:19 [DEBUG   ] NativeEvent(path="/Users/shubhamarundekatey/ClaudeCode/day10/GitHub-AutoPush-Analytics/watcher.log.3", inode=287560922, flags=10200, id=950475235): is_file, is_removed
2026-08-31 22:18:19 [DEBUG   ] NativeEvent(path="/Users/shubhamarundekatey/ClaudeCode/day10/GitHub-AutoPush-Analytics/watcher.log.2", inode=287585003, flags=10800, id=950475238): is_file, is_renamed
2026-08-31 22:18:19 [DEBUG   ] NativeEvent(path="/Users/shubhamarundekatey/ClaudeCode/day10/GitHub-AutoPush-Analytics/watcher.log.2", inode=287585003, flags=10800, id=950475238): is_file, is_renamed
2026-08-31 22:18:19 [DEBUG   ] NativeEvent(path="/Users/shubhamarundekatey/ClaudeCode/day10/GitHub-AutoPush-Analytics/watcher.log.3", inode=287585003, flags=10800, id=950475239): is_file, is_renamed
2026-08-31 22:18:19 [DEBUG   ] NativeEvent(path="/Users/shubhamarundekatey/ClaudeCode/day10/GitHub-AutoPush-Analytics/watcher.log.3", inode=287585003, flags=10800, id=950475239): is_file, is_renamed
2026-08-31 22:18:19 [DEBUG   ] NativeEvent(path="/Users/shubhamarundekatey/ClaudeCode/day10/GitHub-AutoPush-Analytics/watcher.log.1", inode=287613084, flags=10800, id=950475249): is_file, is_renamed
2026-08-31 22:18:19 [DEBUG   ] NativeEvent(path="/Users/shubhamarundekatey/ClaudeCode/day10/GitHub-AutoPush-Analytics/watcher.log.1", inode=287613084, flags=10800, id=950475249): is_file, is_renamed
2026-08-31 22:18:19 [DEBUG   ] NativeEvent(path="/Users/shubhamarundekatey/ClaudeCode/day10/GitHub-AutoPush-Analytics/watcher.log.2", inode=287613084, flags=10800, id=950475250): is_file, is_renamed
2026-08-31 22:18:19 [DEBUG   ] NativeEvent(path="/Users/shubhamarundekatey/ClaudeCode/day10/GitHub-AutoPush-Analytics/watcher.log.2", inode=287613084, flags=10800, id=950475250): is_file, is_renamed
2026-08-31 22:18:19 [DEBUG   ] NativeEvent(path="/Users/shubhamarundekatey/ClaudeCode/day10/GitHub-AutoPush-Analytics/watcher.log", inode=287657127, flags=11800, id=950475253): is_file, is_modified, is_renamed
2026-08-31 22:18:19 [DEBUG   ] NativeEvent(path="/Users/shubhamarundekatey/ClaudeCode/day10/GitHub-AutoPush-Analytics/watcher.log", inode=287657127, flags=11800, id=950475253): is_file, is_modified, is_renamed
2026-08-31 22:18:19 [DEBUG   ] NativeEvent(path="/Users/shubhamarundekatey/ClaudeCode/day10/GitHub-AutoPush-Analytics/watcher.log.1", inode=287657127, flags=10800, id=950475254): is_file, is_renamed
2026-08-31 22:18:19 [DEBUG   ] NativeEvent(path="/Users/shubhamarundekatey/ClaudeCode/day10/GitHub-AutoPush-Analytics/watcher.log.1", inode=287657127, flags=10800, id=950475254): is_file, is_renamed
2026-08-31 22:18:19 [DEBUG   ] NativeEvent(path="/Users/shubhamarundekatey/ClaudeCode/day10/GitHub-AutoPush-Analytics/watcher.log", inode=287698897, flags=10100, id=950475257): is_created, is_file
2026-08-31 22:18:19 [DEBUG   ] NativeEvent(path="/Users/shubhamarundekatey/ClaudeCode/day10/GitHub-AutoPush-Analytics/watcher.log", inode=287698897, flags=10100, id=950475257): is_created, is_file
2026-08-31 22:18:19 [DEBUG   ] queue_event FileDeletedEvent(src_path='/Users/shubhamarundekatey/ClaudeCode/day10/GitHub-AutoPush-Analytics/watcher.log.3', dest_path='', event_type='deleted', is_directory=False, is_synthetic=False)
2026-08-31 22:18:19 [DEBUG   ] queue_event FileDeletedEvent(src_path='/Users/shubhamarundekatey/ClaudeCode/day10/GitHub-AutoPush-Analytics/watcher.log.3', dest_path='', event_type='deleted', is_directory=False, is_synthetic=False)
2026-08-31 22:18:19 [DEBUG   ] queue_event DirModifiedEvent(src_path='/Users/shubhamarundekatey/ClaudeCode/day10/GitHub-AutoPush-Analytics', dest_path='', event_type='modified', is_directory=True, is_synthetic=False)
2026-08-31 22:18:19 [DEBUG   ] queue_event DirModifiedEvent(src_path='/Users/shubhamarundekatey/ClaudeCode/day10/GitHub-AutoPush-Analytics', dest_path='', event_type='modified', is_directory=True, is_synthetic=False)
2026-08-31 22:18:19 [DEBUG   ] Destination event for rename is NativeEvent(path="/Users/shubhamarundekatey/ClaudeCode/day10/GitHub-AutoPush-Analytics/watcher.log.3", inode=287585003, flags=10800, id=950475239)
2026-08-31 22:18:19 [DEBUG   ] Destination event for rename is NativeEvent(path="/Users/shubhamarundekatey/ClaudeCode/day10/GitHub-AutoPush-Analytics/watcher.log.3", inode=287585003, flags=10800, id=950475239)
2026-08-31 22:18:19 [DEBUG   ] queue_event FileMovedEvent(src_path='/Users/shubhamarundekatey/ClaudeCode/day10/GitHub-AutoPush-Analytics/watcher.log.2', dest_path='/Users/shubhamarundekatey/ClaudeCode/day10/GitHub-AutoPush-Analytics/watcher.log.3', event_type='moved', is_directory=False, is_synthetic=False)
2026-08-31 22:18:19 [DEBUG   ] queue_event FileMovedEvent(src_path='/Users/shubhamarundekatey/ClaudeCode/day10/GitHub-AutoPush-Analytics/watcher.log.2', dest_path='/Users/shubhamarundekatey/ClaudeCode/day10/GitHub-AutoPush-Analytics/watcher.log.3', event_type='moved', is_directory=False, is_synthetic=False)
2026-08-31 22:18:19 [DEBUG   ] queue_event DirModifiedEvent(src_path='/Users/shubhamarundekatey/ClaudeCode/day10/GitHub-AutoPush-Analytics', dest_path='', event_type='modified', is_directory=True, is_synthetic=False)
2026-08-31 22:18:19 [DEBUG   ] queue_event DirModifiedEvent(src_path='/Users/shubhamarundekatey/ClaudeCode/day10/GitHub-AutoPush-Analytics', dest_path='', event_type='modified', is_directory=True, is_synthetic=False)
2026-08-31 22:18:19 [DEBUG   ] queue_event DirModifiedEvent(src_path='/Users/shubhamarundekatey/ClaudeCode/day10/GitHub-AutoPush-Analytics', dest_path='', event_type='modified', is_directory=True, is_synthetic=False)
2026-08-31 22:18:19 [DEBUG   ] queue_event DirModifiedEvent(src_path='/Users/shubhamarundekatey/ClaudeCode/day10/GitHub-AutoPush-Analytics', dest_path='', event_type='modified', is_directory=True, is_synthetic=False)
2026-08-31 22:18:19 [DEBUG   ] Destination event for rename is NativeEvent(path="/Users/shubhamarundekatey/ClaudeCode/day10/GitHub-AutoPush-Analytics/watcher.log.2", inode=287613084, flags=10800, id=950475250)
2026-08-31 22:18:19 [DEBUG   ] Destination event for rename is NativeEvent(path="/Users/shubhamarundekatey/ClaudeCode/day10/GitHub-AutoPush-Analytics/watcher.log.2", inode=287613084, flags=10800, id=950475250)
2026-08-31 22:18:19 [DEBUG   ] queue_event FileMovedEvent(src_path='/Users/shubhamarundekatey/ClaudeCode/day10/GitHub-AutoPush-Analytics/watcher.log.1', dest_path='/Users/shubhamarundekatey/ClaudeCode/day10/GitHub-AutoPush-Analytics/watcher.log.2', event_type='moved', is_directory=False, is_synthetic=False)
2026-08-31 22:18:19 [DEBUG   ] queue_event FileMovedEvent(src_path='/Users/shubhamarundekatey/ClaudeCode/day10/GitHub-AutoPush-Analytics/watcher.log.1', dest_path='/Users/shubhamarundekatey/ClaudeCode/day10/GitHub-AutoPush-Analytics/watcher.log.2', event_type='moved', is_directory=False, is_synthetic=False)
2026-08-31 22:18:19 [DEBUG   ] queue_event DirModifiedEvent(src_path='/Users/shubhamarundekatey/ClaudeCode/day10/GitHub-AutoPush-Analytics', dest_path='', event_type='modified', is_directory=True, is_synthetic=False)
2026-08-31 22:18:19 [DEBUG   ] queue_event DirModifiedEvent(src_path='/Users/shubhamarundekatey/ClaudeCode/day10/GitHub-AutoPush-Analytics', dest_path='', event_type='modified', is_directory=True, is_synthetic=False)
2026-08-31 22:18:19 [DEBUG   ] queue_event DirModifiedEvent(src_path='/Users/shubhamarundekatey/ClaudeCode/day10/GitHub-AutoPush-Analytics', dest_path='', event_type='modified', is_directory=True, is_synthetic=False)
2026-08-31 22:18:19 [DEBUG   ] queue_event DirModifiedEvent(src_path='/Users/shubhamarundekatey/ClaudeCode/day10/GitHub-AutoPush-Analytics', dest_path='', event_type='modified', is_directory=True, is_synthetic=False)
2026-08-31 22:18:19 [DEBUG   ] queue_event FileModifiedEvent(src_path='/Users/shubhamarundekatey/ClaudeCode/day10/GitHub-AutoPush-Analytics/watcher.log', dest_path='', event_type='modified', is_directory=False, is_synthetic=False)
2026-08-31 22:18:19 [DEBUG   ] queue_event FileModifiedEvent(src_path='/Users/shubhamarundekatey/ClaudeCode/day10/GitHub-AutoPush-Analytics/watcher.log', dest_path='', event_type='modified', is_directory=False, is_synthetic=False)
2026-08-31 22:18:19 [DEBUG   ] Destination event for rename is NativeEvent(path="/Users/shubhamarundekatey/ClaudeCode/day10/GitHub-AutoPush-Analytics/watcher.log.1", inode=287657127, flags=10800, id=950475254)
2026-08-31 22:18:19 [DEBUG   ] Destination event for rename is NativeEvent(path="/Users/shubhamarundekatey/ClaudeCode/day10/GitHub-AutoPush-Analytics/watcher.log.1", inode=287657127, flags=10800, id=950475254)
2026-08-31 22:18:19 [DEBUG   ] queue_event FileMovedEvent(src_path='/Users/shubhamarundekatey/ClaudeCode/day10/GitHub-AutoPush-Analytics/watcher.log', dest_path='/Users/shubhamarundekatey/ClaudeCode/day10/GitHub-AutoPush-Analytics/watcher.log.1', event_type='moved', is_directory=False, is_synthetic=False)
2026-08-31 22:18:19 [DEBUG   ] queue_event FileMovedEvent(src_path='/Users/shubhamarundekatey/ClaudeCode/day10/GitHub-AutoPush-Analytics/watcher.log', dest_path='/Users/shubhamarundekatey/ClaudeCode/day10/GitHub-AutoPush-Analytics/watcher.log.1', event_type='moved', is_directory=False, is_synthetic=False)
2026-08-31 22:18:19 [DEBUG   ] queue_event DirModifiedEvent(src_path='/Users/shubhamarundekatey/ClaudeCode/day10/GitHub-AutoPush-Analytics', dest_path='', event_type='modified', is_directory=True, is_synthetic=False)
2026-08-31 22:18:19 [DEBUG   ] queue_event DirModifiedEvent(src_path='/Users/shubhamarundekatey/ClaudeCode/day10/GitHub-AutoPush-Analytics', dest_path='', event_type='modified', is_directory=True, is_synthetic=False)
2026-08-31 22:18:19 [DEBUG   ] queue_event DirModifiedEvent(src_path='/Users/shubhamarundekatey/ClaudeCode/day10/GitHub-AutoPush-Analytics', dest_path='', event_type='modified', is_directory=True, is_synthetic=False)
2026-08-31 22:18:19 [DEBUG   ] queue_event DirModifiedEvent(src_path='/Users/shubhamarundekatey/ClaudeCode/day10/GitHub-AutoPush-Analytics', dest_path='', event_type='modified', is_directory=True, is_synthetic=False)
2026-08-31 22:18:19 [DEBUG   ] queue_event FileCreatedEvent(src_path='/Users/shubhamarundekatey/ClaudeCode/day10/GitHub-AutoPush-Analytics/watcher.log', dest_path='', event_type='created', is_directory=False, is_synthetic=False)
2026-08-31 22:18:19 [DEBUG   ] queue_event FileCreatedEvent(src_path='/Users/shubhamarundekatey/ClaudeCode/day10/GitHub-AutoPush-Analytics/watcher.log', dest_path='', event_type='created', is_directory=False, is_synthetic=False)
2026-08-31 22:18:19 [DEBUG   ] queue_event DirModifiedEvent(src_path='/Users/shubhamarundekatey/ClaudeCode/day10/GitHub-AutoPush-Analytics', dest_path='', event_type='modified', is_directory=True, is_synthetic=False)
2026-08-31 22:18:19 [DEBUG   ] queue_event DirModifiedEvent(src_path='/Users/shubhamarundekatey/ClaudeCode/day10/GitHub-AutoPush-Analytics', dest_path='', event_type='modified', is_directory=True, is_synthetic=False)
2026-08-31 22:18:19 [DEBUG   ] NativeEvent(path="/Users/shubhamarundekatey/ClaudeCode/day28/StreamDeck-Premium/mobile/node_modules/yaml/dist/schema/core", inode=279703406, flags=20400, id=950475272): is_directory, is_inode_meta_mod
2026-08-31 22:18:19 [DEBUG   ] queue_event DirModifiedEvent(src_path='/Users/shubhamarundekatey/ClaudeCode/day28/StreamDeck-Premium/mobile/node_modules/yaml/dist/schema/core', dest_path='', event_type='modified', is_directory=True, is_synthetic=False)
2026-08-31 22:18:19 [DEBUG   ] NativeEvent(path="/Users/shubhamarundekatey/ClaudeCode/day28/StreamDeck-Premium/mobile/node_modules/yaml/dist/schema/core", inode=279703406, flags=20400, id=950475281): is_directory, is_inode_meta_mod
2026-08-31 22:18:19 [DEBUG   ] queue_event DirModifiedEvent(src_path='/Users/shubhamarundekatey/ClaudeCode/day28/StreamDeck-Premium/mobile/node_modules/yaml/dist/schema/core', dest_path='', event_type='modified', is_directory=True, is_synthetic=False)
2026-08-31 22:18:19 [DEBUG   ] NativeEvent(path="/Users/shubhamarundekatey/ClaudeCode/day28/StreamDeck-Premium/mobile/node_modules/yaml/dist/schema/core", inode=279703406, flags=20400, id=950475296): is_directory, is_inode_meta_mod
2026-08-31 22:18:19 [DEBUG   ] queue_event DirModifiedEvent(src_path='/Users/shubhamarundekatey/ClaudeCode/day28/StreamDeck-Premium/mobile/node_modules/yaml/dist/schema/core', dest_path='', event_type='modified', is_directory=True, is_synthetic=False)
2026-08-31 22:18:19 [DEBUG   ] NativeEvent(path="/Users/shubhamarundekatey/ClaudeCode/day28/StreamDeck-Premium/mobile/node_modules/yaml/dist/schema/core", inode=279703406, flags=20400, id=950475305): is_directory, is_inode_meta_mod
2026-08-31 22:18:19 [DEBUG   ] queue_event DirModifiedEvent(src_path='/Users/shubhamarundekatey/ClaudeCode/day28/StreamDeck-Premium/mobile/node_modules/yaml/dist/schema/core', dest_path='', event_type='modified', is_directory=True, is_synthetic=False)
2026-08-31 22:18:19 [DEBUG   ] NativeEvent(path="/Users/shubhamarundekatey/ClaudeCode/day28/StreamDeck-Premium/mobile/node_modules/yaml/dist/schema/common", inode=279703418, flags=20400, id=950475311): is_directory, is_inode_meta_mod
2026-08-31 22:18:19 [DEBUG   ] queue_event DirModifiedEvent(src_path='/Users/shubhamarundekatey/ClaudeCode/day28/StreamDeck-Premium/mobile/node_modules/yaml/dist/schema/common', dest_path='', event_type='modified', is_directory=True, is_synthetic=False)
2026-08-31 22:18:19 [DEBUG   ] NativeEvent(path="/Users/shubhamarundekatey/ClaudeCode/day28/StreamDeck-Premium/mobile/node_modules/yaml/dist/schema/common", inode=279703418, flags=20400, id=950475317): is_directory, is_inode_meta_mod
2026-08-31 22:18:19 [DEBUG   ] queue_event DirModifiedEvent(src_path='/Users/shubhamarundekatey/ClaudeCode/day28/StreamDeck-Premium/mobile/node_modules/yaml/dist/schema/common', dest_path='', event_type='modified', is_directory=True, is_synthetic=False)
2026-08-31 22:18:19 [DEBUG   ] NativeEvent(path="/Users/shubhamarundekatey/ClaudeCode/day28/StreamDeck-Premium/mobile/node_modules/yaml/dist/schema/common", inode=279703418, flags=20400, id=950475329): is_directory, is_inode_meta_mod
2026-08-31 22:18:19 [DEBUG   ] queue_event DirModifiedEvent(src_path='/Users/shubhamarundekatey/ClaudeCode/day28/StreamDeck-Premium/mobile/node_modules/yaml/dist/schema/common', dest_path='', event_type='modified', is_directory=True, is_synthetic=False)
2026-08-31 22:18:19 [DEBUG   ] NativeEvent(path="/Users/shubhamarundekatey/ClaudeCode/day28/StreamDeck-Premium/mobile/node_modules/yaml/dist/schema/common", inode=279703418, flags=20400, id=950475348): is_directory, is_inode_meta_mod
2026-08-31 22:18:19 [DEBUG   ] queue_event DirModifiedEvent(src_path='/Users/shubhamarundekatey/ClaudeCode/day28/StreamDeck-Premium/mobile/node_modules/yaml/dist/schema/common', dest_path='', event_type='modified', is_directory=True, is_synthetic=False)
2026-08-31 22:18:20 [DEBUG   ] NativeEvent(path="/Users/shubhamarundekatey/ClaudeCode/day28/StreamDeck-Premium/mobile/node_modules/yaml/dist/schema/common", inode=279703418, flags=20400, id=950475382): is_directory, is_inode_meta_mod
2026-08-31 22:18:20 [DEBUG   ] queue_event DirModifiedEvent(src_path='/Users/shubhamarundekatey/ClaudeCode/day28/StreamDeck-Premium/mobile/node_modules/yaml/dist/schema/common', dest_path='', event_type='modified', is_directory=True, is_synthetic=False)
2026-08-31 22:18:20 [DEBUG   ] NativeEvent(path="/Users/shubhamarundekatey/ClaudeCode/day28/StreamDeck-Premium/mobile/node_modules/yaml/dist/schema/common", inode=279703418, flags=20400, id=950475420): is_directory, is_inode_meta_mod
2026-08-31 22:18:20 [DEBUG   ] queue_event DirModifiedEvent(src_path='/Users/shubhamarundekatey/ClaudeCode/day28/StreamDeck-Premium/mobile/node_modules/yaml/dist/schema/common', dest_path='', event_type='modified', is_directory=True, is_synthetic=False)
2026-08-31 22:18:20 [DEBUG   ] NativeEvent(path="/Users/shubhamarundekatey/ClaudeCode/day28/StreamDeck-Premium/mobile/node_modules/yaml/dist/schema/common", inode=279703418, flags=20400, id=950475460): is_directory, is_inode_meta_mod
2026-08-31 22:18:20 [DEBUG   ] queue_event DirModifiedEvent(src_path='/Users/shubhamarundekatey/ClaudeCode/day28/StreamDeck-Premium/mobile/node_modules/yaml/dist/schema/common', dest_path='', event_type='modified', is_directory=True, is_synthetic=False)
2026-08-31 22:18:20 [DEBUG   ] NativeEvent(path="/Users/shubhamarundekatey/ClaudeCode/day28/StreamDeck-Premium/mobile/node_modules/yaml/dist/schema/common", inode=279703418, flags=20400, id=950475473): is_directory, is_inode_meta_mod
2026-08-31 22:18:20 [DEBUG   ] queue_event DirModifiedEvent(src_path='/Users/shubhamarundekatey/ClaudeCode/day28/StreamDeck-Premium/mobile/node_modules/yaml/dist/schema/common', dest_path='', event_type='modified', is_directory=True, is_synthetic=False)
2026-08-31 22:18:20 [DEBUG   ] NativeEvent(path="/Users/shubhamarundekatey/ClaudeCode/day28/StreamDeck-Premium/mobile/node_modules/yaml/dist/schema/json", inode=279703427, flags=20400, id=950475492): is_directory, is_inode_meta_mod
2026-08-31 22:18:20 [DEBUG   ] queue_event DirModifiedEvent(src_path='/Users/shubhamarundekatey/ClaudeCode/day28/StreamDeck-Premium/mobile/node_modules/yaml/dist/schema/json', dest_path='', event_type='modified', is_directory=True, is_synthetic=False)
2026-08-31 22:18:20 [DEBUG   ] NativeEvent(path="/Users/shubhamarundekatey/ClaudeCode/day28/StreamDeck-Premium/mobile/node_modules/yaml/dist/schema/json", inode=279703427, flags=20400, id=950475527): is_directory, is_inode_meta_mod
2026-08-31 22:18:20 [DEBUG   ] queue_event DirModifiedEvent(src_path='/Users/shubhamarundekatey/ClaudeCode/day28/StreamDeck-Premium/mobile/node_modules/yaml/dist/schema/json', dest_path='', event_type='modified', is_directory=True, is_synthetic=False)
2026-08-31 22:18:21 [DEBUG   ] NativeEvent(path="/Users/shubhamarundekatey/ClaudeCode/day28/StreamDeck-Premium/mobile/node_modules/yaml/dist/schema", inode=279703384, flags=20400, id=950475596): is_directory, is_inode_meta_mod
2026-08-31 22:18:21 [DEBUG   ] queue_event DirModifiedEvent(src_path='/Users/shubhamarundekatey/ClaudeCode/day28/StreamDeck-Premium/mobile/node_modules/yaml/dist/schema', dest_path='', event_type='modified', is_directory=True, is_synthetic=False)
2026-08-31 22:18:21 [DEBUG   ] NativeEvent(path="/Users/shubhamarundekatey/ClaudeCode/day28/StreamDeck-Premium/mobile/node_modules/yaml/dist/parse", inode=279703331, flags=20400, id=950475625): is_directory, is_inode_meta_mod
2026-08-31 22:18:21 [DEBUG   ] queue_event DirModifiedEvent(src_path='/Users/shubhamarundekatey/ClaudeCode/day28/StreamDeck-Premium/mobile/node_modules/yaml/dist/parse', dest_path='', event_type='modified', is_directory=True, is_synthetic=False)
2026-08-31 22:18:21 [DEBUG   ] NativeEvent(path="/Users/shubhamarundekatey/ClaudeCode/day28/StreamDeck-Premium/mobile/node_modules/yaml/dist/parse", inode=279703331, flags=20400, id=950475652): is_directory, is_inode_meta_mod
2026-08-31 22:18:21 [DEBUG   ] queue_event DirModifiedEvent(src_path='/Users/shubhamarundekatey/ClaudeCode/day28/StreamDeck-Premium/mobile/node_modules/yaml/dist/parse', dest_path='', event_type='modified', is_directory=True, is_synthetic=False)
2026-08-31 22:18:21 [DEBUG   ] NativeEvent(path="/Users/shubhamarundekatey/ClaudeCode/day28/StreamDeck-Premium/mobile/node_modules/yaml/dist/parse", inode=279703331, flags=20400, id=950475712): is_directory, is_inode_meta_mod
2026-08-31 22:18:21 [DEBUG   ] queue_event DirModifiedEvent(src_path='/Users/shubhamarundekatey/ClaudeCode/day28/StreamDeck-Premium/mobile/node_modules/yaml/dist/parse', dest_path='', event_type='modified', is_directory=True, is_synthetic=False)
2026-08-31 22:18:21 [DEBUG   ] NativeEvent(path="/Users/shubhamarundekatey/ClaudeCode/day28/StreamDeck-Premium/mobile/node_modules/yaml/dist/parse", inode=279703331, flags=20400, id=950475737): is_directory, is_inode_meta_mod
2026-08-31 22:18:21 [DEBUG   ] queue_event DirModifiedEvent(src_path='/Users/shubhamarundekatey/ClaudeCode/day28/StreamDeck-Premium/mobile/node_modules/yaml/dist/parse', dest_path='', event_type='modified', is_directory=True, is_synthetic=False)
2026-08-31 22:18:21 [DEBUG   ] NativeEvent(path="/Users/shubhamarundekatey/ClaudeCode/day28/StreamDeck-Premium/mobile/node_modules/yaml/dist/parse", inode=279703331, flags=20400, id=950475774): is_directory, is_inode_meta_mod
2026-08-31 22:18:21 [DEBUG   ] queue_event DirModifiedEvent(src_path='/Users/shubhamarundekatey/ClaudeCode/day28/StreamDeck-Premium/mobile/node_modules/yaml/dist/parse', dest_path='', event_type='modified', is_directory=True, is_synthetic=False)
2026-08-31 22:18:21 [DEBUG   ] NativeEvent(path="/Users/shubhamarundekatey/ClaudeCode/day28/StreamDeck-Premium/mobile/node_modules/yaml/dist/parse", inode=279703331, flags=20400, id=950475793): is_directory, is_inode_meta_mod
2026-08-31 22:18:21 [DEBUG   ] queue_event DirModifiedEvent(src_path='/Users/shubhamarundekatey/ClaudeCode/day28/StreamDeck-Premium/mobile/node_modules/yaml/dist/parse', dest_path='', event_type='modified', is_directory=True, is_synthetic=False)
2026-08-31 22:18:21 [DEBUG   ] NativeEvent(path="/Users/shubhamarundekatey/ClaudeCode/day28/StreamDeck-Premium/mobile/node_modules/yaml/dist/parse", inode=279703331, flags=20400, id=950475826): is_directory, is_inode_meta_mod
2026-08-31 22:18:21 [DEBUG   ] queue_event DirModifiedEvent(src_path='/Users/shubhamarundekatey/ClaudeCode/day28/StreamDeck-Premium/mobile/node_modules/yaml/dist/parse', dest_path='', event_type='modified', is_directory=True, is_synthetic=False)
2026-08-31 22:18:22 [DEBUG   ] NativeEvent(path="/Users/shubhamarundekatey/ClaudeCode/day28/StreamDeck-Premium/mobile/node_modules/yaml/dist/parse", inode=279703331, flags=20400, id=950475838): is_directory, is_inode_meta_mod
2026-08-31 22:18:22 [DEBUG   ] queue_event DirModifiedEvent(src_path='/Users/shubhamarundekatey/ClaudeCode/day28/StreamDeck-Premium/mobile/node_modules/yaml/dist/parse', dest_path='', event_type='modified', is_directory=True, is_synthetic=False)
2026-08-31 22:18:22 [DEBUG   ] NativeEvent(path="/Users/shubhamarundekatey/ClaudeCode/day28/StreamDeck-Premium/mobile/node_modules/yaml/dist/parse", inode=279703331, flags=20400, id=950475905): is_directory, is_inode_meta_mod
2026-08-31 22:18:22 [DEBUG   ] queue_event DirModifiedEvent(src_path='/Users/shubhamarundekatey/ClaudeCode/day28/StreamDeck-Premium/mobile/node_modules/yaml/dist/parse', dest_path='', event_type='modified', is_directory=True, is_synthetic=False)
2026-08-31 22:18:22 [DEBUG   ] NativeEvent(path="/Users/shubhamarundekatey/ClaudeCode/day28/StreamDeck-Premium/mobile/node_modules/yaml/dist/parse", inode=279703331, flags=20400, id=950475921): is_directory, is_inode_meta_mod
2026-08-31 22:18:22 [DEBUG   ] queue_event DirModifiedEvent(src_path='/Users/shubhamarundekatey/ClaudeCode/day28/StreamDeck-Premium/mobile/node_modules/yaml/dist/parse', dest_path='', event_type='modified', is_directory=True, is_synthetic=False)
2026-08-31 22:18:22 [DEBUG   ] NativeEvent(path="/Users/shubhamarundekatey/ClaudeCode/day28/StreamDeck-Premium/mobile/node_modules/yaml/dist/parse", inode=279703331, flags=20400, id=950475934): is_directory, is_inode_meta_mod
2026-08-31 22:18:22 [DEBUG   ] queue_event DirModifiedEvent(src_path='/Users/shubhamarundekatey/ClaudeCode/day28/StreamDeck-Premium/mobile/node_modules/yaml/dist/parse', dest_path='', event_type='modified', is_directory=True, is_synthetic=False)
2026-08-31 22:18:22 [DEBUG   ] NativeEvent(path="/Users/shubhamarundekatey/ClaudeCode/day28/StreamDeck-Premium/mobile/node_modules/yaml/dist/parse", inode=279703331, flags=20400, id=950475988): is_directory, is_inode_meta_mod
2026-08-31 22:18:22 [DEBUG   ] queue_event DirModifiedEvent(src_path='/Users/shubhamarundekatey/ClaudeCode/day28/StreamDeck-Premium/mobile/node_modules/yaml/dist/parse', dest_path='', event_type='modified', is_directory=True, is_synthetic=False)
2026-08-31 22:18:22 [DEBUG   ] NativeEvent(path="/Users/shubhamarundekatey/ClaudeCode/day28/StreamDeck-Premium/mobile/node_modules/yaml/dist/parse", inode=279703331, flags=20400, id=950476015): is_directory, is_inode_meta_mod
2026-08-31 22:18:22 [DEBUG   ] queue_event DirModifiedEvent(src_path='/Users/shubhamarundekatey/ClaudeCode/day28/StreamDeck-Premium/mobile/node_modules/yaml/dist/parse', dest_path='', event_type='modified', is_directory=True, is_synthetic=False)
2026-08-31 22:18:22 [DEBUG   ] NativeEvent(path="/Users/shubhamarundekatey/ClaudeCode/day28/StreamDeck-Premium/mobile/node_modules/yaml/dist/parse", inode=279703331, flags=20400, id=950476075): is_directory, is_inode_meta_mod
2026-08-31 22:18:22 [DEBUG   ] queue_event DirModifiedEvent(src_path='/Users/shubhamarundekatey/ClaudeCode/day28/StreamDeck-Premium/mobile/node_modules/yaml/dist/parse', dest_path='', event_type='modified', is_directory=True, is_synthetic=False)
2026-08-31 22:18:22 [DEBUG   ] NativeEvent(path="/Users/shubhamarundekatey/ClaudeCode/day28/StreamDeck-Premium/mobile/node_modules/yaml/dist/nodes", inode=279703292, flags=20400, id=950476100): is_directory, is_inode_meta_mod
2026-08-31 22:18:22 [DEBUG   ] queue_event DirModifiedEvent(src_path='/Users/shubhamarundekatey/ClaudeCode/day28/StreamDeck-Premium/mobile/node_modules/yaml/dist/nodes', dest_path='', event_type='modified', is_directory=True, is_synthetic=False)
2026-08-31 22:18:22 [DEBUG   ] NativeEvent(path="/Users/shubhamarundekatey/ClaudeCode/day28/StreamDeck-Premium/mobile/node_modules/yaml/dist/nodes", inode=279703292, flags=20400, id=950476173): is_directory, is_inode_meta_mod
2026-08-31 22:18:22 [DEBUG   ] queue_event DirModifiedEvent(src_path='/Users/shubhamarundekatey/ClaudeCode/day28/StreamDeck-Premium/mobile/node_modules/yaml/dist/nodes', dest_path='', event_type='modified', is_directory=True, is_synthetic=False)
2026-08-31 22:18:23 [DEBUG   ] NativeEvent(path="/Users/shubhamarundekatey/ClaudeCode/day28/StreamDeck-Premium/mobile/node_modules/yaml/dist/nodes", inode=279703292, flags=20400, id=950476218): is_directory, is_inode_meta_mod
2026-08-31 22:18:23 [DEBUG   ] queue_event DirModifiedEvent(src_path='/Users/shubhamarundekatey/ClaudeCode/day28/StreamDeck-Premium/mobile/node_modules/yaml/dist/nodes', dest_path='', event_type='modified', is_directory=True, is_synthetic=False)
2026-08-31 22:18:23 [DEBUG   ] NativeEvent(path="/Users/shubhamarundekatey/ClaudeCode/day28/StreamDeck-Premium/mobile/node_modules/yaml/dist/nodes", inode=279703292, flags=20400, id=950476242): is_directory, is_inode_meta_mod
2026-08-31 22:18:23 [DEBUG   ] queue_event DirModifiedEvent(src_path='/Users/shubhamarundekatey/ClaudeCode/day28/StreamDeck-Premium/mobile/node_modules/yaml/dist/nodes', dest_path='', event_type='modified', is_directory=True, is_synthetic=False)
2026-08-31 22:18:23 [DEBUG   ] NativeEvent(path="/Users/shubhamarundekatey/ClaudeCode/day28/StreamDeck-Premium/mobile/node_modules/yaml/dist/nodes", inode=279703292, flags=20400, id=950476276): is_directory, is_inode_meta_mod
2026-08-31 22:18:23 [DEBUG   ] queue_event DirModifiedEvent(src_path='/Users/shubhamarundekatey/ClaudeCode/day28/StreamDeck-Premium/mobile/node_modules/yaml/dist/nodes', dest_path='', event_type='modified', is_directory=True, is_synthetic=False)
2026-08-31 22:18:23 [DEBUG   ] NativeEvent(path="/Users/shubhamarundekatey/ClaudeCode/day28/StreamDeck-Premium/mobile/node_modules/yaml/dist/nodes", inode=279703292, flags=20400, id=950476327): is_directory, is_inode_meta_mod
2026-08-31 22:18:23 [DEBUG   ] queue_event DirModifiedEvent(src_path='/Users/shubhamarundekatey/ClaudeCode/day28/StreamDeck-Premium/mobile/node_modules/yaml/dist/nodes', dest_path='', event_type='modified', is_directory=True, is_synthetic=False)
2026-08-31 22:18:23 [DEBUG   ] NativeEvent(path="/Users/shubhamarundekatey/ClaudeCode/day28/StreamDeck-Premium/mobile/node_modules/yaml/dist/nodes", inode=279703292, flags=20400, id=950476333): is_directory, is_inode_meta_mod
2026-08-31 22:18:23 [DEBUG   ] queue_event DirModifiedEvent(src_path='/Users/shubhamarundekatey/ClaudeCode/day28/StreamDeck-Premium/mobile/node_modules/yaml/dist/nodes', dest_path='', event_type='modified', is_directory=True, is_synthetic=False)
2026-08-31 22:18:23 [DEBUG   ] NativeEvent(path="/Users/shubhamarundekatey/ClaudeCode/day28/StreamDeck-Premium/mobile/node_modules/yaml/dist/nodes", inode=279703292, flags=20400, id=950476339): is_directory, is_inode_meta_mod
2026-08-31 22:18:23 [DEBUG   ] queue_event DirModifiedEvent(src_path='/Users/shubhamarundekatey/ClaudeCode/day28/StreamDeck-Premium/mobile/node_modules/yaml/dist/nodes', dest_path='', event_type='modified', is_directory=True, is_synthetic=False)
2026-08-31 22:18:23 [DEBUG   ] NativeEvent(path="/Users/shubhamarundekatey/ClaudeCode/day28/StreamDeck-Premium/mobile/node_modules/yaml/dist/nodes", inode=279703292, flags=20400, id=950476351): is_directory, is_inode_meta_mod
2026-08-31 22:18:23 [DEBUG   ] queue_event DirModifiedEvent(src_path='/Users/shubhamarundekatey/ClaudeCode/day28/StreamDeck-Premium/mobile/node_modules/yaml/dist/nodes', dest_path='', event_type='modified', is_directory=True, is_synthetic=False)
2026-08-31 22:18:23 [DEBUG   ] NativeEvent(path="/Users/shubhamarundekatey/ClaudeCode/day28/StreamDeck-Premium/mobile/node_modules/yaml/dist/nodes", inode=279703292, flags=20400, id=950476422): is_directory, is_inode_meta_mod
2026-08-31 22:18:23 [DEBUG   ] queue_event DirModifiedEvent(src_path='/Users/shubhamarundekatey/ClaudeCode/day28/StreamDeck-Premium/mobile/node_modules/yaml/dist/nodes', dest_path='', event_type='modified', is_directory=True, is_synthetic=False)
2026-08-31 22:18:23 [DEBUG   ] NativeEvent(path="/Users/shubhamarundekatey/ClaudeCode/day28/StreamDeck-Premium/mobile/node_modules/yaml/dist/nodes", inode=279703292, flags=20400, id=950476428): is_directory, is_inode_meta_mod
2026-08-31 22:18:23 [DEBUG   ] queue_event DirModifiedEvent(src_path='/Users/shubhamarundekatey/ClaudeCode/day28/StreamDeck-Premium/mobile/node_modules/yaml/dist/nodes', dest_path='', event_type='modified', is_directory=True, is_synthetic=False)
2026-08-31 22:18:24 [DEBUG   ] NativeEvent(path="/Users/shubhamarundekatey/ClaudeCode/day28/StreamDeck-Premium/mobile/node_modules/yaml/dist/nodes", inode=279703292, flags=20400, id=950476478): is_directory, is_inode_meta_mod
2026-08-31 22:18:24 [DEBUG   ] queue_event DirModifiedEvent(src_path='/Users/shubhamarundekatey/ClaudeCode/day28/StreamDeck-Premium/mobile/node_modules/yaml/dist/nodes', dest_path='', event_type='modified', is_directory=True, is_synthetic=False)
2026-08-31 22:18:24 [DEBUG   ] NativeEvent(path="/Users/shubhamarundekatey/ClaudeCode/day28/StreamDeck-Premium/mobile/node_modules/yaml/dist/nodes", inode=279703292, flags=20400, id=950476487): is_directory, is_inode_meta_mod
2026-08-31 22:18:24 [DEBUG   ] queue_event DirModifiedEvent(src_path='/Users/shubhamarundekatey/ClaudeCode/day28/StreamDeck-Premium/mobile/node_modules/yaml/dist/nodes', dest_path='', event_type='modified', is_directory=True, is_synthetic=False)
2026-08-31 22:18:24 [DEBUG   ] NativeEvent(path="/Users/shubhamarundekatey/ClaudeCode/day28/StreamDeck-Premium/mobile/node_modules/yaml/dist/nodes", inode=279703292, flags=20400, id=950476512): is_directory, is_inode_meta_mod
2026-08-31 22:18:24 [DEBUG   ] queue_event DirModifiedEvent(src_path='/Users/shubhamarundekatey/ClaudeCode/day28/StreamDeck-Premium/mobile/node_modules/yaml/dist/nodes', dest_path='', event_type='modified', is_directory=True, is_synthetic=False)
2026-08-31 22:18:24 [DEBUG   ] NativeEvent(path="/Users/shubhamarundekatey/ClaudeCode/day28/StreamDeck-Premium/mobile/node_modules/yaml/dist/nodes", inode=279703292, flags=20400, id=950476521): is_directory, is_inode_meta_mod
2026-08-31 22:18:24 [DEBUG   ] queue_event DirModifiedEvent(src_path='/Users/shubhamarundekatey/ClaudeCode/day28/StreamDeck-Premium/mobile/node_modules/yaml/dist/nodes', dest_path='', event_type='modified', is_directory=True, is_synthetic=False)
2026-08-31 22:18:24 [DEBUG   ] NativeEvent(path="/Users/shubhamarundekatey/ClaudeCode/day28/StreamDeck-Premium/mobile/node_modules/yaml/dist/nodes", inode=279703292, flags=20400, id=950476551): is_directory, is_inode_meta_mod
2026-08-31 22:18:24 [DEBUG   ] queue_event DirModifiedEvent(src_path='/Users/shubhamarundekatey/ClaudeCode/day28/StreamDeck-Premium/mobile/node_modules/yaml/dist/nodes', dest_path='', event_type='modified', is_directory=True, is_synthetic=False)
2026-08-31 22:18:24 [DEBUG   ] NativeEvent(path="/Users/shubhamarundekatey/ClaudeCode/day28/StreamDeck-Premium/mobile/node_modules/yaml/dist/nodes", inode=279703292, flags=20400, id=950476563): is_directory, is_inode_meta_mod
2026-08-31 22:18:24 [DEBUG   ] queue_event DirModifiedEvent(src_path='/Users/shubhamarundekatey/ClaudeCode/day28/StreamDeck-Premium/mobile/node_modules/yaml/dist/nodes', dest_path='', event_type='modified', is_directory=True, is_synthetic=False)
2026-08-31 22:18:24 [DEBUG   ] NativeEvent(path="/Users/shubhamarundekatey/ClaudeCode/day28/StreamDeck-Premium/mobile/node_modules/yaml/dist/nodes", inode=279703292, flags=20400, id=950476582): is_directory, is_inode_meta_mod
2026-08-31 22:18:24 [DEBUG   ] queue_event DirModifiedEvent(src_path='/Users/shubhamarundekatey/ClaudeCode/day28/StreamDeck-Premium/mobile/node_modules/yaml/dist/nodes', dest_path='', event_type='modified', is_directory=True, is_synthetic=False)
2026-08-31 22:18:25 [DEBUG   ] NativeEvent(path="/Users/shubhamarundekatey/ClaudeCode/day28/StreamDeck-Premium/mobile/node_modules/yaml/dist/nodes", inode=279703292, flags=20400, id=950476597): is_directory, is_inode_meta_mod
2026-08-31 22:18:25 [DEBUG   ] queue_event DirModifiedEvent(src_path='/Users/shubhamarundekatey/ClaudeCode/day28/StreamDeck-Premium/mobile/node_modules/yaml/dist/nodes', dest_path='', event_type='modified', is_directory=True, is_synthetic=False)
2026-08-31 22:18:25 [DEBUG   ] NativeEvent(path="/Users/shubhamarundekatey/ClaudeCode/day28/StreamDeck-Premium/mobile/node_modules/yaml/dist/nodes", inode=279703292, flags=20400, id=950476632): is_directory, is_inode_meta_mod
2026-08-31 22:18:25 [DEBUG   ] queue_event DirModifiedEvent(src_path='/Users/shubhamarundekatey/ClaudeCode/day28/StreamDeck-Premium/mobile/node_modules/yaml/dist/nodes', dest_path='', event_type='modified', is_directory=True, is_synthetic=False)
2026-08-31 22:18:25 [DEBUG   ] NativeEvent(path="/Users/shubhamarundekatey/ClaudeCode/day28/StreamDeck-Premium/mobile/node_modules/yaml/dist", inode=279703287, flags=20400, id=950476651): is_directory, is_inode_meta_mod
2026-08-31 22:18:25 [DEBUG   ] queue_event DirModifiedEvent(src_path='/Users/shubhamarundekatey/ClaudeCode/day28/StreamDeck-Premium/mobile/node_modules/yaml/dist', dest_path='', event_type='modified', is_directory=True, is_synthetic=False)
2026-08-31 22:18:25 [DEBUG   ] NativeEvent(path="/Users/shubhamarundekatey/ClaudeCode/day28/StreamDeck-Premium/mobile/node_modules/yaml", inode=279703283, flags=20400, id=950476697): is_directory, is_inode_meta_mod
2026-08-31 22:18:25 [DEBUG   ] queue_event DirModifiedEvent(src_path='/Users/shubhamarundekatey/ClaudeCode/day28/StreamDeck-Premium/mobile/node_modules/yaml', dest_path='', event_type='modified', is_directory=True, is_synthetic=False)
2026-08-31 22:18:25 [DEBUG   ] NativeEvent(path="/Users/shubhamarundekatey/ClaudeCode/day28/StreamDeck-Premium/mobile/node_modules/yaml", inode=279703283, flags=20400, id=950476725): is_directory, is_inode_meta_mod
2026-08-31 22:18:25 [DEBUG   ] queue_event DirModifiedEvent(src_path='/Users/shubhamarundekatey/ClaudeCode/day28/StreamDeck-Premium/mobile/node_modules/yaml', dest_path='', event_type='modified', is_directory=True, is_synthetic=False)
2026-08-31 22:18:25 [DEBUG   ] NativeEvent(path="/Users/shubhamarundekatey/ClaudeCode/day28/StreamDeck-Premium/mobile/node_modules/slugify", inode=279690615, flags=20400, id=950476775): is_directory, is_inode_meta_mod
2026-08-31 22:18:25 [DEBUG   ] queue_event DirModifiedEvent(src_path='/Users/shubhamarundekatey/ClaudeCode/day28/StreamDeck-Premium/mobile/node_modules/slugify', dest_path='', event_type='modified', is_directory=True, is_synthetic=False)
2026-08-31 22:18:25 [DEBUG   ] NativeEvent(path="/Users/shubhamarundekatey/ClaudeCode/day28/StreamDeck-Premium/mobile/node_modules/slugify", inode=279690615, flags=20400, id=950476839): is_directory, is_inode_meta_mod
2026-08-31 22:18:25 [DEBUG   ] queue_event DirModifiedEvent(src_path='/Users/shubhamarundekatey/ClaudeCode/day28/StreamDeck-Premium/mobile/node_modules/slugify', dest_path='', event_type='modified', is_directory=True, is_synthetic=False)
2026-08-31 22:18:25 [DEBUG   ] NativeEvent(path="/Users/shubhamarundekatey/ClaudeCode/day28/StreamDeck-Premium/mobile/node_modules/slugify", inode=279690615, flags=20400, id=950476926): is_directory, is_inode_meta_mod
2026-08-31 22:18:25 [DEBUG   ] queue_event DirModifiedEvent(src_path='/Users/shubhamarundekatey/ClaudeCode/day28/StreamDeck-Premium/mobile/node_modules/slugify', dest_path='', event_type='modified', is_directory=True, is_synthetic=False)
2026-08-31 22:18:26 [DEBUG   ] NativeEvent(path="/Users/shubhamarundekatey/ClaudeCode/day28/StreamDeck-Premium/mobile/node_modules/slugify", inode=279690615, flags=20400, id=950476988): is_directory, is_inode_meta_mod
2026-08-31 22:18:26 [DEBUG   ] queue_event DirModifiedEvent(src_path='/Users/shubhamarundekatey/ClaudeCode/day28/StreamDeck-Premium/mobile/node_modules/slugify', dest_path='', event_type='modified', is_directory=True, is_synthetic=False)
2026-08-31 22:18:26 [DEBUG   ] NativeEvent(path="/Users/shubhamarundekatey/ClaudeCode/day28/StreamDeck-Premium/mobile/node_modules/slugify", inode=279690615, flags=20400, id=950477034): is_directory, is_inode_meta_mod
2026-08-31 22:18:26 [DEBUG   ] queue_event DirModifiedEvent(src_path='/Users/shubhamarundekatey/ClaudeCode/day28/StreamDeck-Premium/mobile/node_modules/slugify', dest_path='', event_type='modified', is_directory=True, is_synthetic=False)
2026-08-31 22:18:26 [DEBUG   ] NativeEvent(path="/Users/shubhamarundekatey/ClaudeCode/day28/StreamDeck-Premium/mobile/node_modules/event-target-shim", inode=279703801, flags=20400, id=950477087): is_directory, is_inode_meta_mod
2026-08-31 22:18:26 [DEBUG   ] queue_event DirModifiedEvent(src_path='/Users/shubhamarundekatey/ClaudeCode/day28/StreamDeck-Premium/mobile/node_modules/event-target-shim', dest_path='', event_type='modified', is_directory=True, is_synthetic=False)
2026-08-31 22:18:26 [DEBUG   ] NativeEvent(path="/Users/shubhamarundekatey/ClaudeCode/day28/StreamDeck-Premium/mobile/node_modules/event-target-shim", inode=279703801, flags=20400, id=950477153): is_directory, is_inode_meta_mod
2026-08-31 22:18:26 [DEBUG   ] queue_event DirModifiedEvent(src_path='/Users/shubhamarundekatey/ClaudeCode/day28/StreamDeck-Premium/mobile/node_modules/event-target-shim', dest_path='', event_type='modified', is_directory=True, is_synthetic=False)
2026-08-31 22:18:26 [DEBUG   ] NativeEvent(path="/Users/shubhamarundekatey/ClaudeCode/day28/StreamDeck-Premium/mobile/node_modules/event-target-shim", inode=279703801, flags=20400, id=950477261): is_directory, is_inode_meta_mod
2026-08-31 22:18:26 [DEBUG   ] queue_event DirModifiedEvent(src_path='/Users/shubhamarundekatey/ClaudeCode/day28/StreamDeck-Premium/mobile/node_modules/event-target-shim', dest_path='', event_type='modified', is_directory=True, is_synthetic=False)
2026-08-31 22:18:26 [DEBUG   ] NativeEvent(path="/Users/shubhamarundekatey/ClaudeCode/day28/StreamDeck-Premium/mobile/node_modules/event-target-shim/dist", inode=279703803, flags=20400, id=950477348): is_directory, is_inode_meta_mod
2026-08-31 22:18:26 [DEBUG   ] queue_event DirModifiedEvent(src_path='/Users/shubhamarundekatey/ClaudeCode/day28/StreamDeck-Premium/mobile/node_modules/event-target-shim/dist', dest_path='', event_type='modified', is_directory=True, is_synthetic=False)
2026-08-31 22:18:26 [DEBUG   ] NativeEvent(path="/Users/shubhamarundekatey/ClaudeCode/day28/StreamDeck-Premium/mobile/node_modules/event-target-shim/dist", inode=279703803, flags=20400, id=950477447): is_directory, is_inode_meta_mod
2026-08-31 22:18:26 [DEBUG   ] queue_event DirModifiedEvent(src_path='/Users/shubhamarundekatey/ClaudeCode/day28/StreamDeck-Premium/mobile/node_modules/event-target-shim/dist', dest_path='', event_type='modified', is_directory=True, is_synthetic=False)
2026-08-31 22:18:26 [DEBUG   ] NativeEvent(path="/Users/shubhamarundekatey/ClaudeCode/day28/StreamDeck-Premium/mobile/node_modules/event-target-shim/dist", inode=279703803, flags=20400, id=950477511): is_directory, is_inode_meta_mod
2026-08-31 22:18:26 [DEBUG   ] queue_event DirModifiedEvent(src_path='/Users/shubhamarundekatey/ClaudeCode/day28/StreamDeck-Premium/mobile/node_modules/event-target-shim/dist', dest_path='', event_type='modified', is_directory=True, is_synthetic=False)
2026-08-31 22:18:27 [DEBUG   ] NativeEvent(path="/Users/shubhamarundekatey/ClaudeCode/day28/StreamDeck-Premium/mobile/node_modules/event-target-shim/dist", inode=279703803, flags=20400, id=950477594): is_directory, is_inode_meta_mod
2026-08-31 22:18:27 [DEBUG   ] queue_event DirModifiedEvent(src_path='/Users/shubhamarundekatey/ClaudeCode/day28/StreamDeck-Premium/mobile/node_modules/event-target-shim/dist', dest_path='', event_type='modified', is_directory=True, is_synthetic=False)
2026-08-31 22:18:27 [DEBUG   ] NativeEvent(path="/Users/shubhamarundekatey/ClaudeCode/day28/StreamDeck-Premium/mobile/node_modules/event-target-shim/dist", inode=279703803, flags=20400, id=950477659): is_directory, is_inode_meta_mod
2026-08-31 22:18:27 [DEBUG   ] queue_event DirModifiedEvent(src_path='/Users/shubhamarundekatey/ClaudeCode/day28/StreamDeck-Premium/mobile/node_modules/event-target-shim/dist', dest_path='', event_type='modified', is_directory=True, is_synthetic=False)
2026-08-31 22:18:27 [DEBUG   ] NativeEvent(path="/Users/shubhamarundekatey/ClaudeCode/day28/StreamDeck-Premium/mobile/node_modules/event-target-shim/dist", inode=279703803, flags=20400, id=950477728): is_directory, is_inode_meta_mod
2026-08-31 22:18:27 [DEBUG   ] queue_event DirModifiedEvent(src_path='/Users/shubhamarundekatey/ClaudeCode/day28/StreamDeck-Premium/mobile/node_modules/event-target-shim/dist', dest_path='', event_type='modified', is_directory=True, is_synthetic=False)
2026-08-31 22:18:27 [DEBUG   ] NativeEvent(path="/Users/shubhamarundekatey/ClaudeCode/day28/StreamDeck-Premium/mobile/node_modules/event-target-shim", inode=279703801, flags=20400, id=950477767): is_directory, is_inode_meta_mod
2026-08-31 22:18:27 [DEBUG   ] queue_event DirModifiedEvent(src_path='/Users/shubhamarundekatey/ClaudeCode/day28/StreamDeck-Premium/mobile/node_modules/event-target-shim', dest_path='', event_type='modified', is_directory=True, is_synthetic=False)
2026-08-31 22:18:27 [DEBUG   ] NativeEvent(path="/Users/shubhamarundekatey/ClaudeCode/day28/StreamDeck-Premium/mobile/node_modules/deepmerge", inode=279691865, flags=20400, id=950477893): is_directory, is_inode_meta_mod
2026-08-31 22:18:27 [DEBUG   ] queue_event DirModifiedEvent(src_path='/Users/shubhamarundekatey/ClaudeCode/day28/StreamDeck-Premium/mobile/node_modules/deepmerge', dest_path='', event_type='modified', is_directory=True, is_synthetic=False)
2026-08-31 22:18:27 [DEBUG   ] NativeEvent(path="/Users/shubhamarundekatey/ClaudeCode/day28/StreamDeck-Premium/mobile/node_modules/deepmerge", inode=279691865, flags=20400, id=950477982): is_directory, is_inode_meta_mod
2026-08-31 22:18:27 [DEBUG   ] queue_event DirModifiedEvent(src_path='/Users/shubhamarundekatey/ClaudeCode/day28/StreamDeck-Premium/mobile/node_modules/deepmerge', dest_path='', event_type='modified', is_directory=True, is_synthetic=False)
2026-08-31 22:18:27 [DEBUG   ] NativeEvent(path="/Users/shubhamarundekatey/ClaudeCode/day28/StreamDeck-Premium/mobile/node_modules/deepmerge", inode=279691865, flags=20400, id=950478047): is_directory, is_inode_meta_mod
2026-08-31 22:18:27 [DEBUG   ] queue_event DirModifiedEvent(src_path='/Users/shubhamarundekatey/ClaudeCode/day28/StreamDeck-Premium/mobile/node_modules/deepmerge', dest_path='', event_type='modified', is_directory=True, is_synthetic=False)
2026-08-31 22:18:27 [DEBUG   ] NativeEvent(path="/Users/shubhamarundekatey/ClaudeCode/day28/StreamDeck-Premium/mobile/node_modules/deepmerge", inode=279691865, flags=20400, id=950478118): is_directory, is_inode_meta_mod
2026-08-31 22:18:27 [DEBUG   ] queue_event DirModifiedEvent(src_path='/Users/shubhamarundekatey/ClaudeCode/day28/StreamDeck-Premium/mobile/node_modules/deepmerge', dest_path='', event_type='modified', is_directory=True, is_synthetic=False)
2026-08-31 22:18:27 [DEBUG   ] NativeEvent(path="/Users/shubhamarundekatey/ClaudeCode/day28/StreamDeck-Premium/mobile/node_modules/deepmerge", inode=279691865, flags=20400, id=950478158): is_directory, is_inode_meta_mod
2026-08-31 22:18:27 [DEBUG   ] queue_event DirModifiedEvent(src_path='/Users/shubhamarundekatey/ClaudeCode/day28/StreamDeck-Premium/mobile/node_modules/deepmerge', dest_path='', event_type='modified', is_directory=True, is_synthetic=False)
2026-08-31 22:18:28 [DEBUG   ] NativeEvent(path="/Users/shubhamarundekatey/ClaudeCode/day28/StreamDeck-Premium/mobile/node_modules/deepmerge/dist", inode=279691867, flags=20400, id=950478227): is_directory, is_inode_meta_mod
2026-08-31 22:18:28 [DEBUG   ] queue_event DirModifiedEvent(src_path='/Users/shubhamarundekatey/ClaudeCode/day28/StreamDeck-Premium/mobile/node_modules/deepmerge/dist', dest_path='', event_type='modified', is_directory=True, is_synthetic=False)
2026-08-31 22:18:28 [DEBUG   ] NativeEvent(path="/Users/shubhamarundekatey/ClaudeCode/day28/StreamDeck-Premium/mobile/node_modules/deepmerge/dist", inode=279691867, flags=20400, id=950478276): is_directory, is_inode_meta_mod
2026-08-31 22:18:28 [DEBUG   ] queue_event DirModifiedEvent(src_path='/Users/shubhamarundekatey/ClaudeCode/day28/StreamDeck-Premium/mobile/node_modules/deepmerge/dist', dest_path='', event_type='modified', is_directory=True, is_synthetic=False)
2026-08-31 22:18:28 [DEBUG   ] NativeEvent(path="/Users/shubhamarundekatey/ClaudeCode/day28/StreamDeck-Premium/mobile/node_modules/deepmerge", inode=279691865, flags=20400, id=950478309): is_directory, is_inode_meta_mod
2026-08-31 22:18:28 [DEBUG   ] queue_event DirModifiedEvent(src_path='/Users/shubhamarundekatey/ClaudeCode/day28/StreamDeck-Premium/mobile/node_modules/deepmerge', dest_path='', event_type='modified', is_directory=True, is_synthetic=False)
2026-08-31 22:18:28 [DEBUG   ] NativeEvent(path="/Users/shubhamarundekatey/ClaudeCode/day28/StreamDeck-Premium/mobile/node_modules/deepmerge", inode=279691865, flags=20400, id=950478351): is_directory, is_inode_meta_mod
2026-08-31 22:18:28 [DEBUG   ] queue_event DirModifiedEvent(src_path='/Users/shubhamarundekatey/ClaudeCode/day28/StreamDeck-Premium/mobile/node_modules/deepmerge', dest_path='', event_type='modified', is_directory=True, is_synthetic=False)
2026-08-31 22:18:28 [DEBUG   ] NativeEvent(path="/Users/shubhamarundekatey/ClaudeCode/day28/StreamDeck-Premium/mobile/node_modules/deepmerge", inode=279691865, flags=20400, id=950478405): is_directory, is_inode_meta_mod
2026-08-31 22:18:28 [DEBUG   ] queue_event DirModifiedEvent(src_path='/Users/shubhamarundekatey/ClaudeCode/day28/StreamDeck-Premium/mobile/node_modules/deepmerge', dest_path='', event_type='modified', is_directory=True, is_synthetic=False)
2026-08-31 22:18:28 [DEBUG   ] NativeEvent(path="/Users/shubhamarundekatey/ClaudeCode/day28/StreamDeck-Premium/mobile/node_modules/deepmerge", inode=279691865, flags=20400, id=950478453): is_directory, is_inode_meta_mod
2026-08-31 22:18:28 [DEBUG   ] queue_event DirModifiedEvent(src_path='/Users/shubhamarundekatey/ClaudeCode/day28/StreamDeck-Premium/mobile/node_modules/deepmerge', dest_path='', event_type='modified', is_directory=True, is_synthetic=False)
2026-08-31 22:18:28 [DEBUG   ] NativeEvent(path="/Users/shubhamarundekatey/ClaudeCode/day28/StreamDeck-Premium/mobile/node_modules/unicode-match-property-value-ecmascript/data", inode=279697792, flags=20400, id=950478513): is_directory, is_inode_meta_mod
2026-08-31 22:18:28 [DEBUG   ] queue_event DirModifiedEvent(src_path='/Users/shubhamarundekatey/ClaudeCode/day28/StreamDeck-Premium/mobile/node_modules/unicode-match-property-value-ecmascript/data', dest_path='', event_type='modified', is_directory=True, is_synthetic=False)
2026-08-31 22:18:28 [DEBUG   ] NativeEvent(path="/Users/shubhamarundekatey/ClaudeCode/day28/StreamDeck-Premium/mobile/node_modules/unicode-match-property-value-ecmascript", inode=279697787, flags=20400, id=950478528): is_directory, is_inode_meta_mod
2026-08-31 22:18:28 [DEBUG   ] queue_event DirModifiedEvent(src_path='/Users/shubhamarundekatey/ClaudeCode/day28/StreamDeck-Premium/mobile/node_modules/unicode-match-property-value-ecmascript', dest_path='', event_type='modified', is_directory=True, is_synthetic=False)
2026-08-31 22:18:28 [DEBUG   ] NativeEvent(path="/Users/shubhamarundekatey/ClaudeCode/day28/StreamDeck-Premium/mobile/node_modules/unicode-match-property-value-ecmascript", inode=279697787, flags=20400, id=950478537): is_directory, is_inode_meta_mod
2026-08-31 22:18:28 [DEBUG   ] queue_event DirModifiedEvent(src_path='/Users/shubhamarundekatey/ClaudeCode/day28/StreamDeck-Premium/mobile/node_modules/unicode-match-property-value-ecmascript', dest_path='', event_type='modified', is_directory=True, is_synthetic=False)
2026-08-31 22:18:29 [DEBUG   ] NativeEvent(path="/Users/shubhamarundekatey/ClaudeCode/day28/StreamDeck-Premium/mobile/node_modules/unicode-match-property-value-ecmascript", inode=279697787, flags=20400, id=950478543): is_directory, is_inode_meta_mod
2026-08-31 22:18:29 [DEBUG   ] queue_event DirModifiedEvent(src_path='/Users/shubhamarundekatey/ClaudeCode/day28/StreamDeck-Premium/mobile/node_modules/unicode-match-property-value-ecmascript', dest_path='', event_type='modified', is_directory=True, is_synthetic=False)
2026-08-31 22:18:29 [DEBUG   ] NativeEvent(path="/Users/shubhamarundekatey/ClaudeCode/day28/StreamDeck-Premium/mobile/node_modules/unicode-match-property-value-ecmascript", inode=279697787, flags=20400, id=950478549): is_directory, is_inode_meta_mod
2026-08-31 22:18:29 [DEBUG   ] queue_event DirModifiedEvent(src_path='/Users/shubhamarundekatey/ClaudeCode/day28/StreamDeck-Premium/mobile/node_modules/unicode-match-property-value-ecmascript', dest_path='', event_type='modified', is_directory=True, is_synthetic=False)
2026-08-31 22:18:29 [DEBUG   ] NativeEvent(path="/Users/shubhamarundekatey/ClaudeCode/day28/StreamDeck-Premium/mobile/node_modules/semver", inode=279697591, flags=20400, id=950478567): is_directory, is_inode_meta_mod
2026-08-31 22:18:29 [DEBUG   ] queue_event DirModifiedEvent(src_path='/Users/shubhamarundekatey/ClaudeCode/day28/StreamDeck-Premium/mobile/node_modules/semver', dest_path='', event_type='modified', is_directory=True, is_synthetic=False)
2026-08-31 22:18:29 [DEBUG   ] NativeEvent(path="/Users/shubhamarundekatey/ClaudeCode/day28/StreamDeck-Premium/mobile/node_modules/semver", inode=279697591, flags=20400, id=950478573): is_directory, is_inode_meta_mod
2026-08-31 22:18:29 [DEBUG   ] queue_event DirModifiedEvent(src_path='/Users/shubhamarundekatey/ClaudeCode/day28/StreamDeck-Premium/mobile/node_modules/semver', dest_path='', event_type='modified', is_directory=True, is_synthetic=False)
2026-08-31 22:18:29 [DEBUG   ] NativeEvent(path="/Users/shubhamarundekatey/ClaudeCode/day28/StreamDeck-Premium/mobile/node_modules/semver", inode=279697591, flags=20400, id=950478602): is_directory, is_inode_meta_mod
2026-08-31 22:18:29 [DEBUG   ] queue_event DirModifiedEvent(src_path='/Users/shubhamarundekatey/ClaudeCode/day28/StreamDeck-Premium/mobile/node_modules/semver', dest_path='', event_type='modified', is_directory=True, is_synthetic=False)
2026-08-31 22:18:29 [DEBUG   ] NativeEvent(path="/Users/shubhamarundekatey/ClaudeCode/day28/StreamDeck-Premium/mobile/node_modules/semver", inode=279697591, flags=20400, id=950478608): is_directory, is_inode_meta_mod
2026-08-31 22:18:29 [DEBUG   ] queue_event DirModifiedEvent(src_path='/Users/shubhamarundekatey/ClaudeCode/day28/StreamDeck-Premium/mobile/node_modules/semver', dest_path='', event_type='modified', is_directory=True, is_synthetic=False)
2026-08-31 22:18:29 [DEBUG   ] NativeEvent(path="/Users/shubhamarundekatey/ClaudeCode/day28/StreamDeck-Premium/mobile/node_modules/semver/internal", inode=279697613, flags=20400, id=950478624): is_directory, is_inode_meta_mod
2026-08-31 22:18:29 [DEBUG   ] queue_event DirModifiedEvent(src_path='/Users/shubhamarundekatey/ClaudeCode/day28/StreamDeck-Premium/mobile/node_modules/semver/internal', dest_path='', event_type='modified', is_directory=True, is_synthetic=False)
2026-08-31 22:18:29 [DEBUG   ] NativeEvent(path="/Users/shubhamarundekatey/ClaudeCode/day28/StreamDeck-Premium/mobile/node_modules/semver/internal", inode=279697613, flags=20400, id=950478630): is_directory, is_inode_meta_mod
2026-08-31 22:18:29 [DEBUG   ] queue_event DirModifiedEvent(src_path='/Users/shubhamarundekatey/ClaudeCode/day28/StreamDeck-Premium/mobile/node_modules/semver/internal', dest_path='', event_type='modified', is_directory=True, is_synthetic=False)
2026-08-31 22:18:30 [DEBUG   ] NativeEvent(path="/Users/shubhamarundekatey/ClaudeCode/day28/StreamDeck-Premium/mobile/node_modules/semver/internal", inode=279697613, flags=20400, id=950478645): is_directory, is_inode_meta_mod
2026-08-31 22:18:30 [DEBUG   ] queue_event DirModifiedEvent(src_path='/Users/shubhamarundekatey/ClaudeCode/day28/StreamDeck-Premium/mobile/node_modules/semver/internal', dest_path='', event_type='modified', is_directory=True, is_synthetic=False)
2026-08-31 22:18:30 [DEBUG   ] NativeEvent(path="/Users/shubhamarundekatey/ClaudeCode/day28/StreamDeck-Premium/mobile/node_modules/semver/internal", inode=279697613, flags=20400, id=950478695): is_directory, is_inode_meta_mod
2026-08-31 22:18:30 [DEBUG   ] queue_event DirModifiedEvent(src_path='/Users/shubhamarundekatey/ClaudeCode/day28/StreamDeck-Premium/mobile/node_modules/semver/internal', dest_path='', event_type='modified', is_directory=True, is_synthetic=False)
2026-08-31 22:18:30 [DEBUG   ] NativeEvent(path="/Users/shubhamarundekatey/ClaudeCode/day28/StreamDeck-Premium/mobile/node_modules/semver/internal", inode=279697613, flags=20400, id=950478730): is_directory, is_inode_meta_mod
2026-08-31 22:18:30 [DEBUG   ] queue_event DirModifiedEvent(src_path='/Users/shubhamarundekatey/ClaudeCode/day28/StreamDeck-Premium/mobile/node_modules/semver/internal', dest_path='', event_type='modified', is_directory=True, is_synthetic=False)
2026-08-31 22:18:30 [DEBUG   ] NativeEvent(path="/Users/shubhamarundekatey/ClaudeCode/day28/StreamDeck-Premium/mobile/node_modules/semver/internal", inode=279697613, flags=20400, id=950478775): is_directory, is_inode_meta_mod
2026-08-31 22:18:30 [DEBUG   ] queue_event DirModifiedEvent(src_path='/Users/shubhamarundekatey/ClaudeCode/day28/StreamDeck-Premium/mobile/node_modules/semver/internal', dest_path='', event_type='modified', is_directory=True, is_synthetic=False)
2026-08-31 22:18:30 [DEBUG   ] NativeEvent(path="/Users/shubhamarundekatey/ClaudeCode/day28/StreamDeck-Premium/mobile/node_modules/semver/classes", inode=279697608, flags=20400, id=950478788): is_directory, is_inode_meta_mod
2026-08-31 22:18:30 [DEBUG   ] queue_event DirModifiedEvent(src_path='/Users/shubhamarundekatey/ClaudeCode/day28/StreamDeck-Premium/mobile/node_modules/semver/classes', dest_path='', event_type='modified', is_directory=True, is_synthetic=False)
2026-08-31 22:18:30 [DEBUG   ] NativeEvent(path="/Users/shubhamarundekatey/ClaudeCode/day28/StreamDeck-Premium/mobile/node_modules/semver/classes", inode=279697608, flags=20400, id=950478812): is_directory, is_inode_meta_mod
2026-08-31 22:18:30 [DEBUG   ] queue_event DirModifiedEvent(src_path='/Users/shubhamarundekatey/ClaudeCode/day28/StreamDeck-Premium/mobile/node_modules/semver/classes', dest_path='', event_type='modified', is_directory=True, is_synthetic=False)
2026-08-31 22:18:30 [DEBUG   ] NativeEvent(path="/Users/shubhamarundekatey/ClaudeCode/day28/StreamDeck-Premium/mobile/node_modules/semver/classes", inode=279697608, flags=20400, id=950478869): is_directory, is_inode_meta_mod
2026-08-31 22:18:30 [DEBUG   ] queue_event DirModifiedEvent(src_path='/Users/shubhamarundekatey/ClaudeCode/day28/StreamDeck-Premium/mobile/node_modules/semver/classes', dest_path='', event_type='modified', is_directory=True, is_synthetic=False)
2026-08-31 22:18:30 [DEBUG   ] NativeEvent(path="/Users/shubhamarundekatey/ClaudeCode/day28/StreamDeck-Premium/mobile/node_modules/semver/classes", inode=279697608, flags=20400, id=950478881): is_directory, is_inode_meta_mod
2026-08-31 22:18:30 [DEBUG   ] queue_event DirModifiedEvent(src_path='/Users/shubhamarundekatey/ClaudeCode/day28/StreamDeck-Premium/mobile/node_modules/semver/classes', dest_path='', event_type='modified', is_directory=True, is_synthetic=False)
2026-08-31 22:18:31 [DEBUG   ] NativeEvent(path="/Users/shubhamarundekatey/ClaudeCode/day28/StreamDeck-Premium/mobile/node_modules/semver", inode=279697591, flags=20400, id=950478898): is_directory, is_inode_meta_mod
2026-08-31 22:18:31 [DEBUG   ] queue_event DirModifiedEvent(src_path='/Users/shubhamarundekatey/ClaudeCode/day28/StreamDeck-Premium/mobile/node_modules/semver', dest_path='', event_type='modified', is_directory=True, is_synthetic=False)
2026-08-31 22:18:31 [DEBUG   ] NativeEvent(path="/Users/shubhamarundekatey/ClaudeCode/day28/StreamDeck-Premium/mobile/node_modules/semver/bin", inode=279697606, flags=20400, id=950478928): is_directory, is_inode_meta_mod
2026-08-31 22:18:31 [DEBUG   ] queue_event DirModifiedEvent(src_path='/Users/shubhamarundekatey/ClaudeCode/day28/StreamDeck-Premium/mobile/node_modules/semver/bin', dest_path='', event_type='modified', is_directory=True, is_synthetic=False)
2026-08-31 22:18:31 [DEBUG   ] NativeEvent(path="/Users/shubhamarundekatey/ClaudeCode/day28/StreamDeck-Premium/mobile/node_modules/semver/functions", inode=279697623, flags=20400, id=950478951): is_directory, is_inode_meta_mod
2026-08-31 22:18:31 [DEBUG   ] queue_event DirModifiedEvent(src_path='/Users/shubhamarundekatey/ClaudeCode/day28/StreamDeck-Premium/mobile/node_modules/semver/functions', dest_path='', event_type='modified', is_directory=True, is_synthetic=False)
2026-08-31 22:18:31 [DEBUG   ] NativeEvent(path="/Users/shubhamarundekatey/ClaudeCode/day28/StreamDeck-Premium/mobile/node_modules/semver/functions", inode=279697623, flags=20400, id=950479016): is_directory, is_inode_meta_mod
2026-08-31 22:18:31 [DEBUG   ] queue_event DirModifiedEvent(src_path='/Users/shubhamarundekatey/ClaudeCode/day28/StreamDeck-Premium/mobile/node_modules/semver/functions', dest_path='', event_type='modified', is_directory=True, is_synthetic=False)
2026-08-31 22:18:31 [DEBUG   ] NativeEvent(path="/Users/shubhamarundekatey/ClaudeCode/day28/StreamDeck-Premium/mobile/node_modules/semver/functions", inode=279697623, flags=20400, id=950479029): is_directory, is_inode_meta_mod
2026-08-31 22:18:31 [DEBUG   ] queue_event DirModifiedEvent(src_path='/Users/shubhamarundekatey/ClaudeCode/day28/StreamDeck-Premium/mobile/node_modules/semver/functions', dest_path='', event_type='modified', is_directory=True, is_synthetic=False)
2026-08-31 22:18:31 [DEBUG   ] NativeEvent(path="/Users/shubhamarundekatey/ClaudeCode/day28/StreamDeck-Premium/mobile/node_modules/semver/functions", inode=279697623, flags=20400, id=950479080): is_directory, is_inode_meta_mod
2026-08-31 22:18:31 [DEBUG   ] queue_event DirModifiedEvent(src_path='/Users/shubhamarundekatey/ClaudeCode/day28/StreamDeck-Premium/mobile/node_modules/semver/functions', dest_path='', event_type='modified', is_directory=True, is_synthetic=False)
2026-08-31 22:18:31 [DEBUG   ] NativeEvent(path="/Users/shubhamarundekatey/ClaudeCode/day28/StreamDeck-Premium/mobile/node_modules/semver/functions", inode=279697623, flags=20400, id=950479109): is_directory, is_inode_meta_mod
2026-08-31 22:18:31 [DEBUG   ] queue_event DirModifiedEvent(src_path='/Users/shubhamarundekatey/ClaudeCode/day28/StreamDeck-Premium/mobile/node_modules/semver/functions', dest_path='', event_type='modified', is_directory=True, is_synthetic=False)
2026-08-31 22:18:32 [DEBUG   ] NativeEvent(path="/Users/shubhamarundekatey/ClaudeCode/day28/StreamDeck-Premium/mobile/node_modules/semver/functions", inode=279697623, flags=20400, id=950479141): is_directory, is_inode_meta_mod
2026-08-31 22:18:32 [DEBUG   ] queue_event DirModifiedEvent(src_path='/Users/shubhamarundekatey/ClaudeCode/day28/StreamDeck-Premium/mobile/node_modules/semver/functions', dest_path='', event_type='modified', is_directory=True, is_synthetic=False)
2026-08-31 22:18:32 [DEBUG   ] NativeEvent(path="/Users/shubhamarundekatey/ClaudeCode/day28/StreamDeck-Premium/mobile/node_modules/semver/functions", inode=279697623, flags=20400, id=950479165): is_directory, is_inode_meta_mod
2026-08-31 22:18:32 [DEBUG   ] queue_event DirModifiedEvent(src_path='/Users/shubhamarundekatey/ClaudeCode/day28/StreamDeck-Premium/mobile/node_modules/semver/functions', dest_path='', event_type='modified', is_directory=True, is_synthetic=False)
2026-08-31 22:18:32 [DEBUG   ] NativeEvent(path="/Users/shubhamarundekatey/ClaudeCode/day28/StreamDeck-Premium/mobile/node_modules/semver/functions", inode=279697623, flags=20400, id=950479171): is_directory, is_inode_meta_mod
2026-08-31 22:18:32 [DEBUG   ] queue_event DirModifiedEvent(src_path='/Users/shubhamarundekatey/ClaudeCode/day28/StreamDeck-Premium/mobile/node_modules/semver/functions', dest_path='', event_type='modified', is_directory=True, is_synthetic=False)
2026-08-31 22:18:32 [DEBUG   ] NativeEvent(path="/Users/shubhamarundekatey/ClaudeCode/day28/StreamDeck-Premium/mobile/node_modules/semver/functions", inode=279697623, flags=20400, id=950479216): is_directory, is_inode_meta_mod
2026-08-31 22:18:32 [DEBUG   ] queue_event DirModifiedEvent(src_path='/Users/shubhamarundekatey/ClaudeCode/day28/StreamDeck-Premium/mobile/node_modules/semver/functions', dest_path='', event_type='modified', is_directory=True, is_synthetic=False)
2026-08-31 22:18:32 [DEBUG   ] NativeEvent(path="/Users/shubhamarundekatey/ClaudeCode/day28/StreamDeck-Premium/mobile/node_modules/semver/functions", inode=279697623, flags=20400, id=950479222): is_directory, is_inode_meta_mod
2026-08-31 22:18:32 [DEBUG   ] queue_event DirModifiedEvent(src_path='/Users/shubhamarundekatey/ClaudeCode/day28/StreamDeck-Premium/mobile/node_modules/semver/functions', dest_path='', event_type='modified', is_directory=True, is_synthetic=False)
2026-08-31 22:18:32 [DEBUG   ] NativeEvent(path="/Users/shubhamarundekatey/ClaudeCode/day28/StreamDeck-Premium/mobile/node_modules/semver/functions", inode=279697623, flags=20400, id=950479237): is_directory, is_inode_meta_mod
2026-08-31 22:18:32 [DEBUG   ] queue_event DirModifiedEvent(src_path='/Users/shubhamarundekatey/ClaudeCode/day28/StreamDeck-Premium/mobile/node_modules/semver/functions', dest_path='', event_type='modified', is_directory=True, is_synthetic=False)
2026-08-31 22:18:32 [DEBUG   ] NativeEvent(path="/Users/shubhamarundekatey/ClaudeCode/day28/StreamDeck-Premium/mobile/node_modules/semver/functions", inode=279697623, flags=20400, id=950479311): is_directory, is_inode_meta_mod
2026-08-31 22:18:32 [DEBUG   ] queue_event DirModifiedEvent(src_path='/Users/shubhamarundekatey/ClaudeCode/day28/StreamDeck-Premium/mobile/node_modules/semver/functions', dest_path='', event_type='modified', is_directory=True, is_synthetic=False)
2026-08-31 22:18:32 [DEBUG   ] NativeEvent(path="/Users/shubhamarundekatey/ClaudeCode/day28/StreamDeck-Premium/mobile/node_modules/semver/functions", inode=279697623, flags=20400, id=950479328): is_directory, is_inode_meta_mod
2026-08-31 22:18:32 [DEBUG   ] queue_event DirModifiedEvent(src_path='/Users/shubhamarundekatey/ClaudeCode/day28/StreamDeck-Premium/mobile/node_modules/semver/functions', dest_path='', event_type='modified', is_directory=True, is_synthetic=False)
2026-08-31 22:18:32 [DEBUG   ] NativeEvent(path="/Users/shubhamarundekatey/ClaudeCode/day28/StreamDeck-Premium/mobile/node_modules/semver/functions", inode=279697623, flags=20400, id=950479341): is_directory, is_inode_meta_mod
2026-08-31 22:18:32 [DEBUG   ] queue_event DirModifiedEvent(src_path='/Users/shubhamarundekatey/ClaudeCode/day28/StreamDeck-Premium/mobile/node_modules/semver/functions', dest_path='', event_type='modified', is_directory=True, is_synthetic=False)
2026-08-31 22:18:33 [DEBUG   ] NativeEvent(path="/Users/shubhamarundekatey/ClaudeCode/day28/StreamDeck-Premium/mobile/node_modules/semver/functions", inode=279697623, flags=20400, id=950479350): is_directory, is_inode_meta_mod
2026-08-31 22:18:33 [DEBUG   ] queue_event DirModifiedEvent(src_path='/Users/shubhamarundekatey/ClaudeCode/day28/StreamDeck-Premium/mobile/node_modules/semver/functions', dest_path='', event_type='modified', is_directory=True, is_synthetic=False)
2026-08-31 22:18:33 [DEBUG   ] NativeEvent(path="/Users/shubhamarundekatey/ClaudeCode/day28/StreamDeck-Premium/mobile/node_modules/semver/functions", inode=279697623, flags=20400, id=950479356): is_directory, is_inode_meta_mod
2026-08-31 22:18:33 [DEBUG   ] queue_event DirModifiedEvent(src_path='/Users/shubhamarundekatey/ClaudeCode/day28/StreamDeck-Premium/mobile/node_modules/semver/functions', dest_path='', event_type='modified', is_directory=True, is_synthetic=False)
2026-08-31 22:18:33 [DEBUG   ] NativeEvent(path="/Users/shubhamarundekatey/ClaudeCode/day28/StreamDeck-Premium/mobile/node_modules/semver/functions", inode=279697623, flags=20400, id=950479422): is_directory, is_inode_meta_mod
2026-08-31 22:18:33 [DEBUG   ] queue_event DirModifiedEvent(src_path='/Users/shubhamarundekatey/ClaudeCode/day28/StreamDeck-Premium/mobile/node_modules/semver/functions', dest_path='', event_type='modified', is_directory=True, is_synthetic=False)
2026-08-31 22:18:33 [DEBUG   ] NativeEvent(path="/Users/shubhamarundekatey/ClaudeCode/day28/StreamDeck-Premium/mobile/node_modules/semver/functions", inode=279697623, flags=20400, id=950479428): is_directory, is_inode_meta_mod
2026-08-31 22:18:33 [DEBUG   ] queue_event DirModifiedEvent(src_path='/Users/shubhamarundekatey/ClaudeCode/day28/StreamDeck-Premium/mobile/node_modules/semver/functions', dest_path='', event_type='modified', is_directory=True, is_synthetic=False)
2026-08-31 22:18:33 [DEBUG   ] NativeEvent(path="/Users/shubhamarundekatey/ClaudeCode/day28/StreamDeck-Premium/mobile/node_modules/semver/functions", inode=279697623, flags=20400, id=950479437): is_directory, is_inode_meta_mod
2026-08-31 22:18:33 [DEBUG   ] queue_event DirModifiedEvent(src_path='/Users/shubhamarundekatey/ClaudeCode/day28/StreamDeck-Premium/mobile/node_modules/semver/functions', dest_path='', event_type='modified', is_directory=True, is_synthetic=False)
2026-08-31 22:18:33 [DEBUG   ] NativeEvent(path="/Users/shubhamarundekatey/ClaudeCode/day28/StreamDeck-Premium/mobile/node_modules/semver/functions", inode=279697623, flags=20400, id=950479454): is_directory, is_inode_meta_mod
2026-08-31 22:18:33 [DEBUG   ] queue_event DirModifiedEvent(src_path='/Users/shubhamarundekatey/ClaudeCode/day28/StreamDeck-Premium/mobile/node_modules/semver/functions', dest_path='', event_type='modified', is_directory=True, is_synthetic=False)
2026-08-31 22:18:33 [DEBUG   ] NativeEvent(path="/Users/shubhamarundekatey/ClaudeCode/day28/StreamDeck-Premium/mobile/node_modules/semver/functions", inode=279697623, flags=20400, id=950479474): is_directory, is_inode_meta_mod
2026-08-31 22:18:33 [DEBUG   ] queue_event DirModifiedEvent(src_path='/Users/shubhamarundekatey/ClaudeCode/day28/StreamDeck-Premium/mobile/node_modules/semver/functions', dest_path='', event_type='modified', is_directory=True, is_synthetic=False)
2026-08-31 22:18:33 [DEBUG   ] NativeEvent(path="/Users/shubhamarundekatey/ClaudeCode/day28/StreamDeck-Premium/mobile/node_modules/semver/functions", inode=279697623, flags=20400, id=950479514): is_directory, is_inode_meta_mod
2026-08-31 22:18:33 [DEBUG   ] queue_event DirModifiedEvent(src_path='/Users/shubhamarundekatey/ClaudeCode/day28/StreamDeck-Premium/mobile/node_modules/semver/functions', dest_path='', event_type='modified', is_directory=True, is_synthetic=False)
2026-08-31 22:18:33 [DEBUG   ] NativeEvent(path="/Users/shubhamarundekatey/ClaudeCode/day28/StreamDeck-Premium/mobile/node_modules/semver/functions", inode=279697623, flags=20400, id=950479574): is_directory, is_inode_meta_mod
2026-08-31 22:18:34 [DEBUG   ] queue_event DirModifiedEvent(src_path='/Users/shubhamarundekatey/ClaudeCode/day28/StreamDeck-Premium/mobile/node_modules/semver/functions', dest_path='', event_type='modified', is_directory=True, is_synthetic=False)
2026-08-31 22:18:34 [DEBUG   ] NativeEvent(path="/Users/shubhamarundekatey/ClaudeCode/day28/StreamDeck-Premium/mobile/node_modules/semver/functions", inode=279697623, flags=20400, id=950479605): is_directory, is_inode_meta_mod
2026-08-31 22:18:34 [DEBUG   ] queue_event DirModifiedEvent(src_path='/Users/shubhamarundekatey/ClaudeCode/day28/StreamDeck-Premium/mobile/node_modules/semver/functions', dest_path='', event_type='modified', is_directory=True, is_synthetic=False)
2026-08-31 22:18:34 [DEBUG   ] NativeEvent(path="/Users/shubhamarundekatey/ClaudeCode/day28/StreamDeck-Premium/mobile/node_modules/semver/functions", inode=279697623, flags=20400, id=950479622): is_directory, is_inode_meta_mod
2026-08-31 22:18:34 [DEBUG   ] queue_event DirModifiedEvent(src_path='/Users/shubhamarundekatey/ClaudeCode/day28/StreamDeck-Premium/mobile/node_modules/semver/functions', dest_path='', event_type='modified', is_directory=True, is_synthetic=False)
2026-08-31 22:18:34 [DEBUG   ] NativeEvent(path="/Users/shubhamarundekatey/ClaudeCode/day28/StreamDeck-Premium/mobile/node_modules/semver/ranges", inode=279697592, flags=20400, id=950479641): is_directory, is_inode_meta_mod
2026-08-31 22:18:34 [DEBUG   ] queue_event DirModifiedEvent(src_path='/Users/shubhamarundekatey/ClaudeCode/day28/StreamDeck-Premium/mobile/node_modules/semver/ranges', dest_path='', event_type='modified', is_directory=True, is_synthetic=False)
2026-08-31 22:18:34 [DEBUG   ] NativeEvent(path="/Users/shubhamarundekatey/ClaudeCode/day28/StreamDeck-Premium/mobile/node_modules/semver/ranges", inode=279697592, flags=20400, id=950479650): is_directory, is_inode_meta_mod
2026-08-31 22:18:34 [DEBUG   ] queue_event DirModifiedEvent(src_path='/Users/shubhamarundekatey/ClaudeCode/day28/StreamDeck-Premium/mobile/node_modules/semver/ranges', dest_path='', event_type='modified', is_directory=True, is_synthetic=False)
2026-08-31 22:18:34 [DEBUG   ] NativeEvent(path="/Users/shubhamarundekatey/ClaudeCode/day28/StreamDeck-Premium/mobile/node_modules/semver/ranges", inode=279697592, flags=20400, id=950479717): is_directory, is_inode_meta_mod
2026-08-31 22:18:34 [DEBUG   ] queue_event DirModifiedEvent(src_path='/Users/shubhamarundekatey/ClaudeCode/day28/StreamDeck-Premium/mobile/node_modules/semver/ranges', dest_path='', event_type='modified', is_directory=True, is_synthetic=False)
2026-08-31 22:18:34 [DEBUG   ] NativeEvent(path="/Users/shubhamarundekatey/ClaudeCode/day28/StreamDeck-Premium/mobile/node_modules/semver/ranges", inode=279697592, flags=20400, id=950479739): is_directory, is_inode_meta_mod
2026-08-31 22:18:34 [DEBUG   ] queue_event DirModifiedEvent(src_path='/Users/shubhamarundekatey/ClaudeCode/day28/StreamDeck-Premium/mobile/node_modules/semver/ranges', dest_path='', event_type='modified', is_directory=True, is_synthetic=False)
2026-08-31 22:18:34 [DEBUG   ] NativeEvent(path="/Users/shubhamarundekatey/ClaudeCode/day28/StreamDeck-Premium/mobile/node_modules/semver/ranges", inode=279697592, flags=20400, id=950479913): is_directory, is_inode_meta_mod
2026-08-31 22:18:34 [DEBUG   ] queue_event DirModifiedEvent(src_path='/Users/shubhamarundekatey/ClaudeCode/day28/StreamDeck-Premium/mobile/node_modules/semver/ranges', dest_path='', event_type='modified', is_directory=True, is_synthetic=False)
2026-08-31 22:18:34 [DEBUG   ] NativeEvent(path="/Users/shubhamarundekatey/ClaudeCode/day28/StreamDeck-Premium/mobile/node_modules/semver/ranges", inode=279697592, flags=20400, id=950479925): is_directory, is_inode_meta_mod
2026-08-31 22:18:34 [DEBUG   ] queue_event DirModifiedEvent(src_path='/Users/shubhamarundekatey/ClaudeCode/day28/StreamDeck-Premium/mobile/node_modules/semver/ranges', dest_path='', event_type='modified', is_directory=True, is_synthetic=False)
2026-08-31 22:18:35 [DEBUG   ] NativeEvent(path="/Users/shubhamarundekatey/ClaudeCode/day28/StreamDeck-Premium/mobile/node_modules/semver/ranges", inode=279697592, flags=20400, id=950479959): is_directory, is_inode_meta_mod
2026-08-31 22:18:35 [DEBUG   ] queue_event DirModifiedEvent(src_path='/Users/shubhamarundekatey/ClaudeCode/day28/StreamDeck-Premium/mobile/node_modules/semver/ranges', dest_path='', event_type='modified', is_directory=True, is_synthetic=False)
2026-08-31 22:18:35 [DEBUG   ] NativeEvent(path="/Users/shubhamarundekatey/ClaudeCode/day28/StreamDeck-Premium/mobile/node_modules/semver/ranges", inode=279697592, flags=20400, id=950479979): is_directory, is_inode_meta_mod
2026-08-31 22:18:35 [DEBUG   ] queue_event DirModifiedEvent(src_path='/Users/shubhamarundekatey/ClaudeCode/day28/StreamDeck-Premium/mobile/node_modules/semver/ranges', dest_path='', event_type='modified', is_directory=True, is_synthetic=False)
2026-08-31 22:18:35 [DEBUG   ] NativeEvent(path="/Users/shubhamarundekatey/ClaudeCode/day28/StreamDeck-Premium/mobile/node_modules/semver/ranges", inode=279697592, flags=20400, id=950479991): is_directory, is_inode_meta_mod
2026-08-31 22:18:35 [DEBUG   ] queue_event DirModifiedEvent(src_path='/Users/shubhamarundekatey/ClaudeCode/day28/StreamDeck-Premium/mobile/node_modules/semver/ranges', dest_path='', event_type='modified', is_directory=True, is_synthetic=False)
2026-08-31 22:18:35 [DEBUG   ] NativeEvent(path="/Users/shubhamarundekatey/ClaudeCode/day28/StreamDeck-Premium/mobile/node_modules/semver/ranges", inode=279697592, flags=20400, id=950480059): is_directory, is_inode_meta_mod
2026-08-31 22:18:35 [DEBUG   ] queue_event DirModifiedEvent(src_path='/Users/shubhamarundekatey/ClaudeCode/day28/StreamDeck-Premium/mobile/node_modules/semver/ranges', dest_path='', event_type='modified', is_directory=True, is_synthetic=False)
2026-08-31 22:18:35 [DEBUG   ] NativeEvent(path="/Users/shubhamarundekatey/ClaudeCode/day28/StreamDeck-Premium/mobile/node_modules/semver/ranges", inode=279697592, flags=20400, id=950480079): is_directory, is_inode_meta_mod
2026-08-31 22:18:35 [DEBUG   ] queue_event DirModifiedEvent(src_path='/Users/shubhamarundekatey/ClaudeCode/day28/StreamDeck-Premium/mobile/node_modules/semver/ranges', dest_path='', event_type='modified', is_directory=True, is_synthetic=False)
2026-08-31 22:18:35 [DEBUG   ] NativeEvent(path="/Users/shubhamarundekatey/ClaudeCode/day28/StreamDeck-Premium/mobile/node_modules/semver", inode=279697591, flags=20400, id=950480092): is_directory, is_inode_meta_mod
2026-08-31 22:18:35 [DEBUG   ] queue_event DirModifiedEvent(src_path='/Users/shubhamarundekatey/ClaudeCode/day28/StreamDeck-Premium/mobile/node_modules/semver', dest_path='', event_type='modified', is_directory=True, is_synthetic=False)
2026-08-31 22:18:35 [DEBUG   ] NativeEvent(path="/Users/shubhamarundekatey/ClaudeCode/day28/StreamDeck-Premium/mobile/node_modules/npm-package-arg", inode=279704672, flags=20400, id=950480137): is_directory, is_inode_meta_mod
2026-08-31 22:18:35 [DEBUG   ] queue_event DirModifiedEvent(src_path='/Users/shubhamarundekatey/ClaudeCode/day28/StreamDeck-Premium/mobile/node_modules/npm-package-arg', dest_path='', event_type='modified', is_directory=True, is_synthetic=False)
2026-08-31 22:18:35 [DEBUG   ] NativeEvent(path="/Users/shubhamarundekatey/ClaudeCode/day28/StreamDeck-Premium/mobile/node_modules/npm-package-arg/lib", inode=279704676, flags=20400, id=950480189): is_directory, is_inode_meta_mod
2026-08-31 22:18:35 [DEBUG   ] queue_event DirModifiedEvent(src_path='/Users/shubhamarundekatey/ClaudeCode/day28/StreamDeck-Premium/mobile/node_modules/npm-package-arg/lib', dest_path='', event_type='modified', is_directory=True, is_synthetic=False)
2026-08-31 22:18:36 [DEBUG   ] NativeEvent(path="/Users/shubhamarundekatey/ClaudeCode/day28/StreamDeck-Premium/mobile/node_modules/npm-package-arg", inode=279704672, flags=20400, id=950480204): is_directory, is_inode_meta_mod
2026-08-31 22:18:36 [DEBUG   ] queue_event DirModifiedEvent(src_path='/Users/shubhamarundekatey/ClaudeCode/day28/StreamDeck-Premium/mobile/node_modules/npm-package-arg', dest_path='', event_type='modified', is_directory=True, is_synthetic=False)
2026-08-31 22:18:36 [DEBUG   ] NativeEvent(path="/Users/shubhamarundekatey/ClaudeCode/day28/StreamDeck-Premium/mobile/node_modules/npm-package-arg", inode=279704672, flags=20400, id=950480221): is_directory, is_inode_meta_mod
2026-08-31 22:18:36 [DEBUG   ] queue_event DirModifiedEvent(src_path='/Users/shubhamarundekatey/ClaudeCode/day28/StreamDeck-Premium/mobile/node_modules/npm-package-arg', dest_path='', event_type='modified', is_directory=True, is_synthetic=False)
2026-08-31 22:18:36 [DEBUG   ] NativeEvent(path="/Users/shubhamarundekatey/ClaudeCode/day28/StreamDeck-Premium/mobile/node_modules/hermes-parser", inode=279689016, flags=20400, id=950480245): is_directory, is_inode_meta_mod
2026-08-31 22:18:36 [DEBUG   ] queue_event DirModifiedEvent(src_path='/Users/shubhamarundekatey/ClaudeCode/day28/StreamDeck-Premium/mobile/node_modules/hermes-parser', dest_path='', event_type='modified', is_directory=True, is_synthetic=False)
2026-08-31 22:18:36 [DEBUG   ] NativeEvent(path="/Users/shubhamarundekatey/ClaudeCode/day28/StreamDeck-Premium/mobile/node_modules/hermes-parser", inode=279689016, flags=20400, id=950480260): is_directory, is_inode_meta_mod
2026-08-31 22:18:36 [DEBUG   ] queue_event DirModifiedEvent(src_path='/Users/shubhamarundekatey/ClaudeCode/day28/StreamDeck-Premium/mobile/node_modules/hermes-parser', dest_path='', event_type='modified', is_directory=True, is_synthetic=False)
2026-08-31 22:18:36 [DEBUG   ] NativeEvent(path="/Users/shubhamarundekatey/ClaudeCode/day28/StreamDeck-Premium/mobile/node_modules/hermes-parser/dist", inode=279689018, flags=20400, id=950480414): is_directory, is_inode_meta_mod
2026-08-31 22:18:36 [DEBUG   ] queue_event DirModifiedEvent(src_path='/Users/shubhamarundekatey/ClaudeCode/day28/StreamDeck-Premium/mobile/node_modules/hermes-parser/dist', dest_path='', event_type='modified', is_directory=True, is_synthetic=False)
2026-08-31 22:18:36 [DEBUG   ] NativeEvent(path="/Users/shubhamarundekatey/ClaudeCode/day28/StreamDeck-Premium/mobile/node_modules/hermes-parser/dist/transform", inode=279689074, flags=20400, id=950480420): is_directory, is_inode_meta_mod
2026-08-31 22:18:36 [DEBUG   ] queue_event DirModifiedEvent(src_path='/Users/shubhamarundekatey/ClaudeCode/day28/StreamDeck-Premium/mobile/node_modules/hermes-parser/dist/transform', dest_path='', event_type='modified', is_directory=True, is_synthetic=False)
2026-08-31 22:18:36 [DEBUG   ] NativeEvent(path="/Users/shubhamarundekatey/ClaudeCode/day28/StreamDeck-Premium/mobile/node_modules/hermes-parser/dist/transform", inode=279689074, flags=20400, id=950480426): is_directory, is_inode_meta_mod
2026-08-31 22:18:36 [DEBUG   ] queue_event DirModifiedEvent(src_path='/Users/shubhamarundekatey/ClaudeCode/day28/StreamDeck-Premium/mobile/node_modules/hermes-parser/dist/transform', dest_path='', event_type='modified', is_directory=True, is_synthetic=False)
2026-08-31 22:18:36 [DEBUG   ] NativeEvent(path="/Users/shubhamarundekatey/ClaudeCode/day28/StreamDeck-Premium/mobile/node_modules/hermes-parser/dist/transform", inode=279689074, flags=20400, id=950480444): is_directory, is_inode_meta_mod
2026-08-31 22:18:36 [DEBUG   ] queue_event DirModifiedEvent(src_path='/Users/shubhamarundekatey/ClaudeCode/day28/StreamDeck-Premium/mobile/node_modules/hermes-parser/dist/transform', dest_path='', event_type='modified', is_directory=True, is_synthetic=False)
2026-08-31 22:18:36 [DEBUG   ] NativeEvent(path="/Users/shubhamarundekatey/ClaudeCode/day28/StreamDeck-Premium/mobile/node_modules/hermes-parser/dist/transform", inode=279689074, flags=20400, id=950480456): is_directory, is_inode_meta_mod
2026-08-31 22:18:36 [DEBUG   ] queue_event DirModifiedEvent(src_path='/Users/shubhamarundekatey/ClaudeCode/day28/StreamDeck-Premium/mobile/node_modules/hermes-parser/dist/transform', dest_path='', event_type='modified', is_directory=True, is_synthetic=False)
2026-08-31 22:18:37 [DEBUG   ] NativeEvent(path="/Users/shubhamarundekatey/ClaudeCode/day28/StreamDeck-Premium/mobile/node_modules/hermes-parser/dist/transform", inode=279689074, flags=20400, id=950480462): is_directory, is_inode_meta_mod
2026-08-31 22:18:37 [DEBUG   ] queue_event DirModifiedEvent(src_path='/Users/shubhamarundekatey/ClaudeCode/day28/StreamDeck-Premium/mobile/node_modules/hermes-parser/dist/transform', dest_path='', event_type='modified', is_directory=True, is_synthetic=False)
2026-08-31 22:18:37 [DEBUG   ] NativeEvent(path="/Users/shubhamarundekatey/ClaudeCode/day28/StreamDeck-Premium/mobile/node_modules/hermes-parser/dist/transform", inode=279689074, flags=20400, id=950480561): is_directory, is_inode_meta_mod
2026-08-31 22:18:37 [DEBUG   ] queue_event DirModifiedEvent(src_path='/Users/shubhamarundekatey/ClaudeCode/day28/StreamDeck-Premium/mobile/node_modules/hermes-parser/dist/transform', dest_path='', event_type='modified', is_directory=True, is_synthetic=False)
2026-08-31 22:18:37 [DEBUG   ] NativeEvent(path="/Users/shubhamarundekatey/ClaudeCode/day28/StreamDeck-Premium/mobile/node_modules/hermes-parser/dist", inode=279689018, flags=20400, id=950480583): is_directory, is_inode_meta_mod
2026-08-31 22:18:37 [DEBUG   ] queue_event DirModifiedEvent(src_path='/Users/shubhamarundekatey/ClaudeCode/day28/StreamDeck-Premium/mobile/node_modules/hermes-parser/dist', dest_path='', event_type='modified', is_directory=True, is_synthetic=False)
2026-08-31 22:18:37 [DEBUG   ] NativeEvent(path="/Users/shubhamarundekatey/ClaudeCode/day28/StreamDeck-Premium/mobile/node_modules/hermes-parser/dist", inode=279689018, flags=20400, id=950480589): is_directory, is_inode_meta_mod
2026-08-31 22:18:37 [DEBUG   ] queue_event DirModifiedEvent(src_path='/Users/shubhamarundekatey/ClaudeCode/day28/StreamDeck-Premium/mobile/node_modules/hermes-parser/dist', dest_path='', event_type='modified', is_directory=True, is_synthetic=False)
2026-08-31 22:18:37 [DEBUG   ] NativeEvent(path="/Users/shubhamarundekatey/ClaudeCode/day28/StreamDeck-Premium/mobile/node_modules/hermes-parser/dist", inode=279689018, flags=20400, id=950480661): is_directory, is_inode_meta_mod
2026-08-31 22:18:37 [DEBUG   ] queue_event DirModifiedEvent(src_path='/Users/shubhamarundekatey/ClaudeCode/day28/StreamDeck-Premium/mobile/node_modules/hermes-parser/dist', dest_path='', event_type='modified', is_directory=True, is_synthetic=False)
2026-08-31 22:18:37 [DEBUG   ] NativeEvent(path="/Users/shubhamarundekatey/ClaudeCode/day28/StreamDeck-Premium/mobile/node_modules/hermes-parser/dist", inode=279689018, flags=20400, id=950480695): is_directory, is_inode_meta_mod
2026-08-31 22:18:37 [DEBUG   ] queue_event DirModifiedEvent(src_path='/Users/shubhamarundekatey/ClaudeCode/day28/StreamDeck-Premium/mobile/node_modules/hermes-parser/dist', dest_path='', event_type='modified', is_directory=True, is_synthetic=False)
2026-08-31 22:18:37 [DEBUG   ] NativeEvent(path="/Users/shubhamarundekatey/ClaudeCode/day28/StreamDeck-Premium/mobile/node_modules/hermes-parser/dist", inode=279689018, flags=20400, id=950480701): is_directory, is_inode_meta_mod
2026-08-31 22:18:37 [DEBUG   ] queue_event DirModifiedEvent(src_path='/Users/shubhamarundekatey/ClaudeCode/day28/StreamDeck-Premium/mobile/node_modules/hermes-parser/dist', dest_path='', event_type='modified', is_directory=True, is_synthetic=False)
2026-08-31 22:18:37 [DEBUG   ] NativeEvent(path="/Users/shubhamarundekatey/ClaudeCode/day28/StreamDeck-Premium/mobile/node_modules/hermes-parser/dist", inode=279689018, flags=20400, id=950480707): is_directory, is_inode_meta_mod
2026-08-31 22:18:37 [DEBUG   ] queue_event DirModifiedEvent(src_path='/Users/shubhamarundekatey/ClaudeCode/day28/StreamDeck-Premium/mobile/node_modules/hermes-parser/dist', dest_path='', event_type='modified', is_directory=True, is_synthetic=False)
2026-08-31 22:18:37 [DEBUG   ] NativeEvent(path="/Users/shubhamarundekatey/ClaudeCode/day28/StreamDeck-Premium/mobile/node_modules/hermes-parser/dist", inode=279689018, flags=20400, id=950480716): is_directory, is_inode_meta_mod
2026-08-31 22:18:37 [DEBUG   ] queue_event DirModifiedEvent(src_path='/Users/shubhamarundekatey/ClaudeCode/day28/StreamDeck-Premium/mobile/node_modules/hermes-parser/dist', dest_path='', event_type='modified', is_directory=True, is_synthetic=False)
2026-08-31 22:18:38 [DEBUG   ] NativeEvent(path="/Users/shubhamarundekatey/ClaudeCode/day28/StreamDeck-Premium/mobile/node_modules/hermes-parser/dist/estree", inode=279689061, flags=20400, id=950480725): is_directory, is_inode_meta_mod
2026-08-31 22:18:38 [DEBUG   ] queue_event DirModifiedEvent(src_path='/Users/shubhamarundekatey/ClaudeCode/day28/StreamDeck-Premium/mobile/node_modules/hermes-parser/dist/estree', dest_path='', event_type='modified', is_directory=True, is_synthetic=False)
2026-08-31 22:18:38 [DEBUG   ] NativeEvent(path="/Users/shubhamarundekatey/ClaudeCode/day28/StreamDeck-Premium/mobile/node_modules/hermes-parser/dist/estree", inode=279689061, flags=20400, id=950480731): is_directory, is_inode_meta_mod
2026-08-31 22:18:38 [DEBUG   ] queue_event DirModifiedEvent(src_path='/Users/shubhamarundekatey/ClaudeCode/day28/StreamDeck-Premium/mobile/node_modules/hermes-parser/dist/estree', dest_path='', event_type='modified', is_directory=True, is_synthetic=False)
2026-08-31 22:18:38 [DEBUG   ] NativeEvent(path="/Users/shubhamarundekatey/ClaudeCode/day28/StreamDeck-Premium/mobile/node_modules/hermes-parser/dist/estree", inode=279689061, flags=20400, id=950480740): is_directory, is_inode_meta_mod
2026-08-31 22:18:38 [DEBUG   ] queue_event DirModifiedEvent(src_path='/Users/shubhamarundekatey/ClaudeCode/day28/StreamDeck-Premium/mobile/node_modules/hermes-parser/dist/estree', dest_path='', event_type='modified', is_directory=True, is_synthetic=False)
2026-08-31 22:18:38 [DEBUG   ] NativeEvent(path="/Users/shubhamarundekatey/ClaudeCode/day28/StreamDeck-Premium/mobile/node_modules/hermes-parser/dist/estree", inode=279689061, flags=20400, id=950480760): is_directory, is_inode_meta_mod
2026-08-31 22:18:38 [DEBUG   ] queue_event DirModifiedEvent(src_path='/Users/shubhamarundekatey/ClaudeCode/day28/StreamDeck-Premium/mobile/node_modules/hermes-parser/dist/estree', dest_path='', event_type='modified', is_directory=True, is_synthetic=False)
2026-08-31 22:18:38 [DEBUG   ] NativeEvent(path="/Users/shubhamarundekatey/ClaudeCode/day28/StreamDeck-Premium/mobile/node_modules/hermes-parser/dist/estree", inode=279689061, flags=20400, id=950480779): is_directory, is_inode_meta_mod
2026-08-31 22:18:38 [DEBUG   ] queue_event DirModifiedEvent(src_path='/Users/shubhamarundekatey/ClaudeCode/day28/StreamDeck-Premium/mobile/node_modules/hermes-parser/dist/estree', dest_path='', event_type='modified', is_directory=True, is_synthetic=False)
2026-08-31 22:18:38 [DEBUG   ] NativeEvent(path="/Users/shubhamarundekatey/ClaudeCode/day28/StreamDeck-Premium/mobile/node_modules/hermes-parser/dist/estree", inode=279689061, flags=20400, id=950480791): is_directory, is_inode_meta_mod
2026-08-31 22:18:38 [DEBUG   ] queue_event DirModifiedEvent(src_path='/Users/shubhamarundekatey/ClaudeCode/day28/StreamDeck-Premium/mobile/node_modules/hermes-parser/dist/estree', dest_path='', event_type='modified', is_directory=True, is_synthetic=False)
2026-08-31 22:18:38 [DEBUG   ] NativeEvent(path="/Users/shubhamarundekatey/ClaudeCode/day28/StreamDeck-Premium/mobile/node_modules/hermes-parser/dist/estree", inode=279689061, flags=20400, id=950480800): is_directory, is_inode_meta_mod
2026-08-31 22:18:38 [DEBUG   ] queue_event DirModifiedEvent(src_path='/Users/shubhamarundekatey/ClaudeCode/day28/StreamDeck-Premium/mobile/node_modules/hermes-parser/dist/estree', dest_path='', event_type='modified', is_directory=True, is_synthetic=False)
2026-08-31 22:18:38 [DEBUG   ] NativeEvent(path="/Users/shubhamarundekatey/ClaudeCode/day28/StreamDeck-Premium/mobile/node_modules/hermes-parser/dist/estree", inode=279689061, flags=20400, id=950480806): is_directory, is_inode_meta_mod
2026-08-31 22:18:38 [DEBUG   ] queue_event DirModifiedEvent(src_path='/Users/shubhamarundekatey/ClaudeCode/day28/StreamDeck-Premium/mobile/node_modules/hermes-parser/dist/estree', dest_path='', event_type='modified', is_directory=True, is_synthetic=False)
2026-08-31 22:18:38 [DEBUG   ] NativeEvent(path="/Users/shubhamarundekatey/ClaudeCode/day28/StreamDeck-Premium/mobile/node_modules/hermes-parser/dist/estree", inode=279689061, flags=20400, id=950480818): is_directory, is_inode_meta_mod
2026-08-31 22:18:38 [DEBUG   ] queue_event DirModifiedEvent(src_path='/Users/shubhamarundekatey/ClaudeCode/day28/StreamDeck-Premium/mobile/node_modules/hermes-parser/dist/estree', dest_path='', event_type='modified', is_directory=True, is_synthetic=False)
2026-08-31 22:18:38 [DEBUG   ] NativeEvent(path="/Users/shubhamarundekatey/ClaudeCode/day28/StreamDeck-Premium/mobile/node_modules/hermes-parser/dist/estree", inode=279689061, flags=20400, id=950480824): is_directory, is_inode_meta_mod
2026-08-31 22:18:38 [DEBUG   ] queue_event DirModifiedEvent(src_path='/Users/shubhamarundekatey/ClaudeCode/day28/StreamDeck-Premium/mobile/node_modules/hermes-parser/dist/estree', dest_path='', event_type='modified', is_directory=True, is_synthetic=False)
2026-08-31 22:18:39 [DEBUG   ] NativeEvent(path="/Users/shubhamarundekatey/ClaudeCode/day28/StreamDeck-Premium/mobile/node_modules/hermes-parser/dist/estree", inode=279689061, flags=20400, id=950480842): is_directory, is_inode_meta_mod
2026-08-31 22:18:39 [DEBUG   ] queue_event DirModifiedEvent(src_path='/Users/shubhamarundekatey/ClaudeCode/day28/StreamDeck-Premium/mobile/node_modules/hermes-parser/dist/estree', dest_path='', event_type='modified', is_directory=True, is_synthetic=False)
2026-08-31 22:18:39 [DEBUG   ] NativeEvent(path="/Users/shubhamarundekatey/ClaudeCode/day28/StreamDeck-Premium/mobile/node_modules/hermes-parser/dist/estree", inode=279689061, flags=20400, id=950480848): is_directory, is_inode_meta_mod
2026-08-31 22:18:39 [DEBUG   ] queue_event DirModifiedEvent(src_path='/Users/shubhamarundekatey/ClaudeCode/day28/StreamDeck-Premium/mobile/node_modules/hermes-parser/dist/estree', dest_path='', event_type='modified', is_directory=True, is_synthetic=False)
2026-08-31 22:18:39 [DEBUG   ] NativeEvent(path="/Users/shubhamarundekatey/ClaudeCode/day28/StreamDeck-Premium/mobile/node_modules/hermes-parser/dist/generated", inode=279689019, flags=20400, id=950480857): is_directory, is_inode_meta_mod
2026-08-31 22:18:39 [DEBUG   ] queue_event DirModifiedEvent(src_path='/Users/shubhamarundekatey/ClaudeCode/day28/StreamDeck-Premium/mobile/node_modules/hermes-parser/dist/generated', dest_path='', event_type='modified', is_directory=True, is_synthetic=False)
2026-08-31 22:18:39 [DEBUG   ] NativeEvent(path="/Users/shubhamarundekatey/ClaudeCode/day28/StreamDeck-Premium/mobile/node_modules/hermes-parser/dist/generated", inode=279689019, flags=20400, id=950480863): is_directory, is_inode_meta_mod
2026-08-31 22:18:39 [DEBUG   ] queue_event DirModifiedEvent(src_path='/Users/shubhamarundekatey/ClaudeCode/day28/StreamDeck-Premium/mobile/node_modules/hermes-parser/dist/generated', dest_path='', event_type='modified', is_directory=True, is_synthetic=False)
2026-08-31 22:18:39 [DEBUG   ] NativeEvent(path="/Users/shubhamarundekatey/ClaudeCode/day28/StreamDeck-Premium/mobile/node_modules/hermes-parser/dist/generated", inode=279689019, flags=20400, id=950480869): is_directory, is_inode_meta_mod
2026-08-31 22:18:39 [DEBUG   ] queue_event DirModifiedEvent(src_path='/Users/shubhamarundekatey/ClaudeCode/day28/StreamDeck-Premium/mobile/node_modules/hermes-parser/dist/generated', dest_path='', event_type='modified', is_directory=True, is_synthetic=False)
2026-08-31 22:18:39 [DEBUG   ] NativeEvent(path="/Users/shubhamarundekatey/ClaudeCode/day28/StreamDeck-Premium/mobile/node_modules/hermes-parser/dist/generated", inode=279689019, flags=20400, id=950480878): is_directory, is_inode_meta_mod
2026-08-31 22:18:39 [DEBUG   ] queue_event DirModifiedEvent(src_path='/Users/shubhamarundekatey/ClaudeCode/day28/StreamDeck-Premium/mobile/node_modules/hermes-parser/dist/generated', dest_path='', event_type='modified', is_directory=True, is_synthetic=False)
2026-08-31 22:18:39 [DEBUG   ] NativeEvent(path="/Users/shubhamarundekatey/ClaudeCode/day28/StreamDeck-Premium/mobile/node_modules/hermes-parser/dist/src", inode=279689084, flags=20400, id=950480887): is_directory, is_inode_meta_mod
2026-08-31 22:18:39 [DEBUG   ] queue_event DirModifiedEvent(src_path='/Users/shubhamarundekatey/ClaudeCode/day28/StreamDeck-Premium/mobile/node_modules/hermes-parser/dist/src', dest_path='', event_type='modified', is_directory=True, is_synthetic=False)
2026-08-31 22:18:39 [DEBUG   ] NativeEvent(path="/Users/shubhamarundekatey/ClaudeCode/day28/StreamDeck-Premium/mobile/node_modules/hermes-parser/dist/src", inode=279689084, flags=20400, id=950480902): is_directory, is_inode_meta_mod
2026-08-31 22:18:39 [DEBUG   ] queue_event DirModifiedEvent(src_path='/Users/shubhamarundekatey/ClaudeCode/day28/StreamDeck-Premium/mobile/node_modules/hermes-parser/dist/src', dest_path='', event_type='modified', is_directory=True, is_synthetic=False)
2026-08-31 22:18:39 [DEBUG   ] NativeEvent(path="/Users/shubhamarundekatey/ClaudeCode/day28/StreamDeck-Premium/mobile/node_modules/hermes-parser/dist/src", inode=279689084, flags=20400, id=950480908): is_directory, is_inode_meta_mod
2026-08-31 22:18:39 [DEBUG   ] queue_event DirModifiedEvent(src_path='/Users/shubhamarundekatey/ClaudeCode/day28/StreamDeck-Premium/mobile/node_modules/hermes-parser/dist/src', dest_path='', event_type='modified', is_directory=True, is_synthetic=False)
2026-08-31 22:18:40 [DEBUG   ] NativeEvent(path="/Users/shubhamarundekatey/ClaudeCode/day28/StreamDeck-Premium/mobile/node_modules/hermes-parser/dist/src/babel", inode=279689100, flags=20400, id=950480914): is_directory, is_inode_meta_mod
2026-08-31 22:18:40 [DEBUG   ] queue_event DirModifiedEvent(src_path='/Users/shubhamarundekatey/ClaudeCode/day28/StreamDeck-Premium/mobile/node_modules/hermes-parser/dist/src/babel', dest_path='', event_type='modified', is_directory=True, is_synthetic=False)
2026-08-31 22:18:40 [DEBUG   ] NativeEvent(path="/Users/shubhamarundekatey/ClaudeCode/day28/StreamDeck-Premium/mobile/node_modules/hermes-parser/dist/src/transform", inode=279689112, flags=20400, id=950480920): is_directory, is_inode_meta_mod
2026-08-31 22:18:40 [DEBUG   ] queue_event DirModifiedEvent(src_path='/Users/shubhamarundekatey/ClaudeCode/day28/StreamDeck-Premium/mobile/node_modules/hermes-parser/dist/src/transform', dest_path='', event_type='modified', is_directory=True, is_synthetic=False)
2026-08-31 22:18:40 [DEBUG   ] NativeEvent(path="/Users/shubhamarundekatey/ClaudeCode/day28/StreamDeck-Premium/mobile/node_modules/hermes-parser/dist/src/transform", inode=279689112, flags=20400, id=950480926): is_directory, is_inode_meta_mod
2026-08-31 22:18:40 [DEBUG   ] queue_event DirModifiedEvent(src_path='/Users/shubhamarundekatey/ClaudeCode/day28/StreamDeck-Premium/mobile/node_modules/hermes-parser/dist/src/transform', dest_path='', event_type='modified', is_directory=True, is_synthetic=False)
2026-08-31 22:18:40 [DEBUG   ] NativeEvent(path="/Users/shubhamarundekatey/ClaudeCode/day28/StreamDeck-Premium/mobile/node_modules/hermes-parser/dist/src/transform", inode=279689112, flags=20400, id=950480950): is_directory, is_inode_meta_mod
2026-08-31 22:18:40 [DEBUG   ] queue_event DirModifiedEvent(src_path='/Users/shubhamarundekatey/ClaudeCode/day28/StreamDeck-Premium/mobile/node_modules/hermes-parser/dist/src/transform', dest_path='', event_type='modified', is_directory=True, is_synthetic=False)
2026-08-31 22:18:40 [DEBUG   ] NativeEvent(path="/Users/shubhamarundekatey/ClaudeCode/day28/StreamDeck-Premium/mobile/node_modules/hermes-parser/dist/src/traverse", inode=279689102, flags=20400, id=950480956): is_directory, is_inode_meta_mod
2026-08-31 22:18:40 [DEBUG   ] queue_event DirModifiedEvent(src_path='/Users/shubhamarundekatey/ClaudeCode/day28/StreamDeck-Premium/mobile/node_modules/hermes-parser/dist/src/traverse', dest_path='', event_type='modified', is_directory=True, is_synthetic=False)
2026-08-31 22:18:40 [DEBUG   ] NativeEvent(path="/Users/shubhamarundekatey/ClaudeCode/day28/StreamDeck-Premium/mobile/node_modules/hermes-parser/dist/src/traverse", inode=279689102, flags=20400, id=950480962): is_directory, is_inode_meta_mod
2026-08-31 22:18:40 [DEBUG   ] queue_event DirModifiedEvent(src_path='/Users/shubhamarundekatey/ClaudeCode/day28/StreamDeck-Premium/mobile/node_modules/hermes-parser/dist/src/traverse', dest_path='', event_type='modified', is_directory=True, is_synthetic=False)
2026-08-31 22:18:40 [DEBUG   ] NativeEvent(path="/Users/shubhamarundekatey/ClaudeCode/day28/StreamDeck-Premium/mobile/node_modules/hermes-parser/dist/src", inode=279689084, flags=20400, id=950480968): is_directory, is_inode_meta_mod
2026-08-31 22:18:40 [DEBUG   ] queue_event DirModifiedEvent(src_path='/Users/shubhamarundekatey/ClaudeCode/day28/StreamDeck-Premium/mobile/node_modules/hermes-parser/dist/src', dest_path='', event_type='modified', is_directory=True, is_synthetic=False)
2026-08-31 22:18:40 [DEBUG   ] NativeEvent(path="/Users/shubhamarundekatey/ClaudeCode/day28/StreamDeck-Premium/mobile/node_modules/hermes-parser/dist/src/estree", inode=279689105, flags=20400, id=950480974): is_directory, is_inode_meta_mod
2026-08-31 22:18:40 [DEBUG   ] queue_event DirModifiedEvent(src_path='/Users/shubhamarundekatey/ClaudeCode/day28/StreamDeck-Premium/mobile/node_modules/hermes-parser/dist/src/estree', dest_path='', event_type='modified', is_directory=True, is_synthetic=False)
2026-08-31 22:18:40 [DEBUG   ] NativeEvent(path="/Users/shubhamarundekatey/ClaudeCode/day28/StreamDeck-Premium/mobile/node_modules/hermes-parser/dist/src/estree", inode=279689105, flags=20400, id=950480980): is_directory, is_inode_meta_mod
2026-08-31 22:18:40 [DEBUG   ] queue_event DirModifiedEvent(src_path='/Users/shubhamarundekatey/ClaudeCode/day28/StreamDeck-Premium/mobile/node_modules/hermes-parser/dist/src/estree', dest_path='', event_type='modified', is_directory=True, is_synthetic=False)
2026-08-31 22:18:41 [DEBUG   ] NativeEvent(path="/Users/shubhamarundekatey/ClaudeCode/day28/StreamDeck-Premium/mobile/node_modules/hermes-parser/dist/src/estree", inode=279689105, flags=20400, id=950480986): is_directory, is_inode_meta_mod
2026-08-31 22:18:41 [DEBUG   ] queue_event DirModifiedEvent(src_path='/Users/shubhamarundekatey/ClaudeCode/day28/StreamDeck-Premium/mobile/node_modules/hermes-parser/dist/src/estree', dest_path='', event_type='modified', is_directory=True, is_synthetic=False)
2026-08-31 22:18:41 [DEBUG   ] NativeEvent(path="/Users/shubhamarundekatey/ClaudeCode/day28/StreamDeck-Premium/mobile/node_modules/hermes-parser/dist/src/estree", inode=279689105, flags=20400, id=950480992): is_directory, is_inode_meta_mod
2026-08-31 22:18:41 [DEBUG   ] queue_event DirModifiedEvent(src_path='/Users/shubhamarundekatey/ClaudeCode/day28/StreamDeck-Premium/mobile/node_modules/hermes-parser/dist/src/estree', dest_path='', event_type='modified', is_directory=True, is_synthetic=False)
2026-08-31 22:18:41 [DEBUG   ] NativeEvent(path="/Users/shubhamarundekatey/ClaudeCode/day28/StreamDeck-Premium/mobile/node_modules/hermes-parser/dist/src/estree", inode=279689105, flags=20400, id=950481050): is_directory, is_inode_meta_mod
2026-08-31 22:18:41 [DEBUG   ] queue_event DirModifiedEvent(src_path='/Users/shubhamarundekatey/ClaudeCode/day28/StreamDeck-Premium/mobile/node_modules/hermes-parser/dist/src/estree', dest_path='', event_type='modified', is_directory=True, is_synthetic=False)
2026-08-31 22:18:41 [DEBUG   ] NativeEvent(path="/Users/shubhamarundekatey/ClaudeCode/day28/StreamDeck-Premium/mobile/node_modules/hermes-parser/dist/src/estree", inode=279689105, flags=20400, id=950481056): is_directory, is_inode_meta_mod
2026-08-31 22:18:41 [DEBUG   ] queue_event DirModifiedEvent(src_path='/Users/shubhamarundekatey/ClaudeCode/day28/StreamDeck-Premium/mobile/node_modules/hermes-parser/dist/src/estree', dest_path='', event_type='modified', is_directory=True, is_synthetic=False)
2026-08-31 22:18:41 [DEBUG   ] NativeEvent(path="/Users/shubhamarundekatey/ClaudeCode/day28/StreamDeck-Premium/mobile/node_modules/hermes-parser/dist/src", inode=279689084, flags=20400, id=950481062): is_directory, is_inode_meta_mod
2026-08-31 22:18:41 [DEBUG   ] queue_event DirModifiedEvent(src_path='/Users/shubhamarundekatey/ClaudeCode/day28/StreamDeck-Premium/mobile/node_modules/hermes-parser/dist/src', dest_path='', event_type='modified', is_directory=True, is_synthetic=False)
2026-08-31 22:18:41 [DEBUG   ] NativeEvent(path="/Users/shubhamarundekatey/ClaudeCode/day28/StreamDeck-Premium/mobile/node_modules/hermes-parser/dist/src", inode=279689084, flags=20400, id=950481068): is_directory, is_inode_meta_mod
2026-08-31 22:18:41 [DEBUG   ] queue_event DirModifiedEvent(src_path='/Users/shubhamarundekatey/ClaudeCode/day28/StreamDeck-Premium/mobile/node_modules/hermes-parser/dist/src', dest_path='', event_type='modified', is_directory=True, is_synthetic=False)
2026-08-31 22:18:41 [DEBUG   ] NativeEvent(path="/Users/shubhamarundekatey/ClaudeCode/day28/StreamDeck-Premium/mobile/node_modules/hermes-parser/dist/src", inode=279689084, flags=20400, id=950481098): is_directory, is_inode_meta_mod
2026-08-31 22:18:41 [DEBUG   ] queue_event DirModifiedEvent(src_path='/Users/shubhamarundekatey/ClaudeCode/day28/StreamDeck-Premium/mobile/node_modules/hermes-parser/dist/src', dest_path='', event_type='modified', is_directory=True, is_synthetic=False)
2026-08-31 22:18:41 [DEBUG   ] NativeEvent(path="/Users/shubhamarundekatey/ClaudeCode/day28/StreamDeck-Premium/mobile/node_modules/hermes-parser/dist/src", inode=279689084, flags=20400, id=950481132): is_directory, is_inode_meta_mod
2026-08-31 22:18:41 [DEBUG   ] queue_event DirModifiedEvent(src_path='/Users/shubhamarundekatey/ClaudeCode/day28/StreamDeck-Premium/mobile/node_modules/hermes-parser/dist/src', dest_path='', event_type='modified', is_directory=True, is_synthetic=False)
2026-08-31 22:18:41 [DEBUG   ] NativeEvent(path="/Users/shubhamarundekatey/ClaudeCode/day28/StreamDeck-Premium/mobile/node_modules/hermes-parser/dist/src/generated", inode=279689085, flags=20400, id=950481147): is_directory, is_inode_meta_mod
2026-08-31 22:18:41 [DEBUG   ] queue_event DirModifiedEvent(src_path='/Users/shubhamarundekatey/ClaudeCode/day28/StreamDeck-Premium/mobile/node_modules/hermes-parser/dist/src/generated', dest_path='', event_type='modified', is_directory=True, is_synthetic=False)
2026-08-31 22:18:41 [DEBUG   ] NativeEvent(path="/Users/shubhamarundekatey/ClaudeCode/day28/StreamDeck-Premium/mobile/node_modules/hermes-parser/dist/src/generated", inode=279689085, flags=20400, id=950481153): is_directory, is_inode_meta_mod
2026-08-31 22:18:41 [DEBUG   ] queue_event DirModifiedEvent(src_path='/Users/shubhamarundekatey/ClaudeCode/day28/StreamDeck-Premium/mobile/node_modules/hermes-parser/dist/src/generated', dest_path='', event_type='modified', is_directory=True, is_synthetic=False)
2026-08-31 22:18:42 [DEBUG   ] NativeEvent(path="/Users/shubhamarundekatey/ClaudeCode/day28/StreamDeck-Premium/mobile/node_modules/hermes-parser/dist/src", inode=279689084, flags=20400, id=950481159): is_directory, is_inode_meta_mod
2026-08-31 22:18:42 [DEBUG   ] queue_event DirModifiedEvent(src_path='/Users/shubhamarundekatey/ClaudeCode/day28/StreamDeck-Premium/mobile/node_modules/hermes-parser/dist/src', dest_path='', event_type='modified', is_directory=True, is_synthetic=False)
2026-08-31 22:18:42 [DEBUG   ] NativeEvent(path="/Users/shubhamarundekatey/ClaudeCode/day28/StreamDeck-Premium/mobile/node_modules/hermes-parser/dist/src/utils", inode=279689092, flags=20400, id=950481165): is_directory, is_inode_meta_mod
2026-08-31 22:18:42 [DEBUG   ] queue_event DirModifiedEvent(src_path='/Users/shubhamarundekatey/ClaudeCode/day28/StreamDeck-Premium/mobile/node_modules/hermes-parser/dist/src/utils', dest_path='', event_type='modified', is_directory=True, is_synthetic=False)
2026-08-31 22:18:42 [DEBUG   ] NativeEvent(path="/Users/shubhamarundekatey/ClaudeCode/day28/StreamDeck-Premium/mobile/node_modules/hermes-parser/dist/src/utils", inode=279689092, flags=20400, id=950481183): is_directory, is_inode_meta_mod
2026-08-31 22:18:42 [DEBUG   ] queue_event DirModifiedEvent(src_path='/Users/shubhamarundekatey/ClaudeCode/day28/StreamDeck-Premium/mobile/node_modules/hermes-parser/dist/src/utils', dest_path='', event_type='modified', is_directory=True, is_synthetic=False)
2026-08-31 22:18:42 [DEBUG   ] NativeEvent(path="/Users/shubhamarundekatey/ClaudeCode/day28/StreamDeck-Premium/mobile/node_modules/hermes-parser/dist/src/utils", inode=279689092, flags=20400, id=950481192): is_directory, is_inode_meta_mod
2026-08-31 22:18:42 [DEBUG   ] queue_event DirModifiedEvent(src_path='/Users/shubhamarundekatey/ClaudeCode/day28/StreamDeck-Premium/mobile/node_modules/hermes-parser/dist/src/utils', dest_path='', event_type='modified', is_directory=True, is_synthetic=False)
2026-08-31 22:18:42 [DEBUG   ] NativeEvent(path="/Users/shubhamarundekatey/ClaudeCode/day28/StreamDeck-Premium/mobile/node_modules/hermes-parser/dist/src/utils", inode=279689092, flags=20400, id=950481198): is_directory, is_inode_meta_mod
2026-08-31 22:18:42 [DEBUG   ] queue_event DirModifiedEvent(src_path='/Users/shubhamarundekatey/ClaudeCode/day28/StreamDeck-Premium/mobile/node_modules/hermes-parser/dist/src/utils', dest_path='', event_type='modified', is_directory=True, is_synthetic=False)
2026-08-31 22:18:42 [DEBUG   ] NativeEvent(path="/Users/shubhamarundekatey/ClaudeCode/day28/StreamDeck-Premium/mobile/node_modules/hermes-parser/dist/src/utils", inode=279689092, flags=20400, id=950481204): is_directory, is_inode_meta_mod
2026-08-31 22:18:42 [DEBUG   ] queue_event DirModifiedEvent(src_path='/Users/shubhamarundekatey/ClaudeCode/day28/StreamDeck-Premium/mobile/node_modules/hermes-parser/dist/src/utils', dest_path='', event_type='modified', is_directory=True, is_synthetic=False)
2026-08-31 22:18:42 [DEBUG   ] NativeEvent(path="/Users/shubhamarundekatey/ClaudeCode/day28/StreamDeck-Premium/mobile/node_modules/hermes-parser/dist", inode=279689018, flags=20400, id=950481216): is_directory, is_inode_meta_mod
2026-08-31 22:18:42 [DEBUG   ] queue_event DirModifiedEvent(src_path='/Users/shubhamarundekatey/ClaudeCode/day28/StreamDeck-Premium/mobile/node_modules/hermes-parser/dist', dest_path='', event_type='modified', is_directory=True, is_synthetic=False)
2026-08-31 22:18:42 [DEBUG   ] NativeEvent(path="/Users/shubhamarundekatey/ClaudeCode/day28/StreamDeck-Premium/mobile/node_modules/hermes-parser/dist/utils", inode=279689033, flags=20400, id=950481225): is_directory, is_inode_meta_mod
2026-08-31 22:18:42 [DEBUG   ] queue_event DirModifiedEvent(src_path='/Users/shubhamarundekatey/ClaudeCode/day28/StreamDeck-Premium/mobile/node_modules/hermes-parser/dist/utils', dest_path='', event_type='modified', is_directory=True, is_synthetic=False)
2026-08-31 22:18:42 [DEBUG   ] NativeEvent(path="/Users/shubhamarundekatey/ClaudeCode/day28/StreamDeck-Premium/mobile/node_modules/hermes-parser/dist/utils", inode=279689033, flags=20400, id=950481240): is_directory, is_inode_meta_mod
2026-08-31 22:18:42 [DEBUG   ] queue_event DirModifiedEvent(src_path='/Users/shubhamarundekatey/ClaudeCode/day28/StreamDeck-Premium/mobile/node_modules/hermes-parser/dist/utils', dest_path='', event_type='modified', is_directory=True, is_synthetic=False)
2026-08-31 22:18:43 [DEBUG   ] NativeEvent(path="/Users/shubhamarundekatey/ClaudeCode/day28/StreamDeck-Premium/mobile/node_modules/hermes-parser/dist/utils", inode=279689033, flags=20400, id=950481246): is_directory, is_inode_meta_mod
2026-08-31 22:18:43 [DEBUG   ] queue_event DirModifiedEvent(src_path='/Users/shubhamarundekatey/ClaudeCode/day28/StreamDeck-Premium/mobile/node_modules/hermes-parser/dist/utils', dest_path='', event_type='modified', is_directory=True, is_synthetic=False)
2026-08-31 22:18:43 [DEBUG   ] NativeEvent(path="/Users/shubhamarundekatey/ClaudeCode/day28/StreamDeck-Premium/mobile/node_modules/hermes-parser/dist/utils", inode=279689033, flags=20400, id=950481258): is_directory, is_inode_meta_mod
2026-08-31 22:18:43 [DEBUG   ] queue_event DirModifiedEvent(src_path='/Users/shubhamarundekatey/ClaudeCode/day28/StreamDeck-Premium/mobile/node_modules/hermes-parser/dist/utils', dest_path='', event_type='modified', is_directory=True, is_synthetic=False)
2026-08-31 22:18:43 [DEBUG   ] NativeEvent(path="/Users/shubhamarundekatey/ClaudeCode/day28/StreamDeck-Premium/mobile/node_modules/hermes-parser/dist/utils", inode=279689033, flags=20400, id=950481267): is_directory, is_inode_meta_mod
2026-08-31 22:18:43 [DEBUG   ] queue_event DirModifiedEvent(src_path='/Users/shubhamarundekatey/ClaudeCode/day28/StreamDeck-Premium/mobile/node_modules/hermes-parser/dist/utils', dest_path='', event_type='modified', is_directory=True, is_synthetic=False)
2026-08-31 22:18:43 [DEBUG   ] NativeEvent(path="/Users/shubhamarundekatey/ClaudeCode/day28/StreamDeck-Premium/mobile/node_modules/hermes-parser/dist/utils", inode=279689033, flags=20400, id=950481273): is_directory, is_inode_meta_mod
2026-08-31 22:18:43 [DEBUG   ] queue_event DirModifiedEvent(src_path='/Users/shubhamarundekatey/ClaudeCode/day28/StreamDeck-Premium/mobile/node_modules/hermes-parser/dist/utils', dest_path='', event_type='modified', is_directory=True, is_synthetic=False)
2026-08-31 22:18:43 [DEBUG   ] NativeEvent(path="/Users/shubhamarundekatey/ClaudeCode/day28/StreamDeck-Premium/mobile/node_modules/hermes-parser/dist/utils", inode=279689033, flags=20400, id=950481279): is_directory, is_inode_meta_mod
2026-08-31 22:18:43 [DEBUG   ] queue_event DirModifiedEvent(src_path='/Users/shubhamarundekatey/ClaudeCode/day28/StreamDeck-Premium/mobile/node_modules/hermes-parser/dist/utils', dest_path='', event_type='modified', is_directory=True, is_synthetic=False)
2026-08-31 22:18:43 [DEBUG   ] NativeEvent(path="/Users/shubhamarundekatey/ClaudeCode/day28/StreamDeck-Premium/mobile/node_modules/hermes-parser/dist/utils", inode=279689033, flags=20400, id=950481288): is_directory, is_inode_meta_mod
2026-08-31 22:18:43 [DEBUG   ] queue_event DirModifiedEvent(src_path='/Users/shubhamarundekatey/ClaudeCode/day28/StreamDeck-Premium/mobile/node_modules/hermes-parser/dist/utils', dest_path='', event_type='modified', is_directory=True, is_synthetic=False)
2026-08-31 22:18:43 [DEBUG   ] NativeEvent(path="/Users/shubhamarundekatey/ClaudeCode/day28/StreamDeck-Premium/mobile/node_modules/hermes-parser/dist/utils", inode=279689033, flags=20400, id=950481294): is_directory, is_inode_meta_mod
2026-08-31 22:18:43 [DEBUG   ] queue_event DirModifiedEvent(src_path='/Users/shubhamarundekatey/ClaudeCode/day28/StreamDeck-Premium/mobile/node_modules/hermes-parser/dist/utils', dest_path='', event_type='modified', is_directory=True, is_synthetic=False)
2026-08-31 22:18:43 [DEBUG   ] NativeEvent(path="/Users/shubhamarundekatey/ClaudeCode/day28/StreamDeck-Premium/mobile/node_modules/hermes-parser/dist/utils", inode=279689033, flags=20400, id=950481306): is_directory, is_inode_meta_mod
2026-08-31 22:18:43 [DEBUG   ] queue_event DirModifiedEvent(src_path='/Users/shubhamarundekatey/ClaudeCode/day28/StreamDeck-Premium/mobile/node_modules/hermes-parser/dist/utils', dest_path='', event_type='modified', is_directory=True, is_synthetic=False)
2026-08-31 22:18:43 [DEBUG   ] NativeEvent(path="/Users/shubhamarundekatey/ClaudeCode/day28/StreamDeck-Premium/mobile/node_modules/hermes-parser/dist", inode=279689018, flags=20400, id=950481312): is_directory, is_inode_meta_mod
2026-08-31 22:18:43 [DEBUG   ] queue_event DirModifiedEvent(src_path='/Users/shubhamarundekatey/ClaudeCode/day28/StreamDeck-Premium/mobile/node_modules/hermes-parser/dist', dest_path='', event_type='modified', is_directory=True, is_synthetic=False)
2026-08-31 22:18:43 [DEBUG   ] NativeEvent(path="/Users/shubhamarundekatey/ClaudeCode/day28/StreamDeck-Premium/mobile/node_modules/hermes-parser/dist", inode=279689018, flags=20400, id=950481318): is_directory, is_inode_meta_mod
2026-08-31 22:18:43 [DEBUG   ] queue_event DirModifiedEvent(src_path='/Users/shubhamarundekatey/ClaudeCode/day28/StreamDeck-Premium/mobile/node_modules/hermes-parser/dist', dest_path='', event_type='modified', is_directory=True, is_synthetic=False)
2026-08-31 22:18:44 [DEBUG   ] NativeEvent(path="/Users/shubhamarundekatey/ClaudeCode/day28/StreamDeck-Premium/mobile/node_modules/hermes-parser/dist/babel", inode=279689048, flags=20400, id=950481324): is_directory, is_inode_meta_mod
2026-08-31 22:18:44 [DEBUG   ] queue_event DirModifiedEvent(src_path='/Users/shubhamarundekatey/ClaudeCode/day28/StreamDeck-Premium/mobile/node_modules/hermes-parser/dist/babel', dest_path='', event_type='modified', is_directory=True, is_synthetic=False)
2026-08-31 22:18:44 [DEBUG   ] NativeEvent(path="/Users/shubhamarundekatey/ClaudeCode/day28/StreamDeck-Premium/mobile/node_modules/hermes-parser/dist/babel", inode=279689048, flags=20400, id=950481330): is_directory, is_inode_meta_mod
2026-08-31 22:18:44 [DEBUG   ] queue_event DirModifiedEvent(src_path='/Users/shubhamarundekatey/ClaudeCode/day28/StreamDeck-Premium/mobile/node_modules/hermes-parser/dist/babel', dest_path='', event_type='modified', is_directory=True, is_synthetic=False)
2026-08-31 22:18:44 [DEBUG   ] NativeEvent(path="/Users/shubhamarundekatey/ClaudeCode/day28/StreamDeck-Premium/mobile/node_modules/hermes-parser/dist", inode=279689018, flags=20400, id=950481336): is_directory, is_inode_meta_mod
2026-08-31 22:18:44 [DEBUG   ] queue_event DirModifiedEvent(src_path='/Users/shubhamarundekatey/ClaudeCode/day28/StreamDeck-Premium/mobile/node_modules/hermes-parser/dist', dest_path='', event_type='modified', is_directory=True, is_synthetic=False)
2026-08-31 22:18:44 [DEBUG   ] NativeEvent(path="/Users/shubhamarundekatey/ClaudeCode/day28/StreamDeck-Premium/mobile/node_modules/hermes-parser/dist", inode=279689018, flags=20400, id=950481351): is_directory, is_inode_meta_mod
2026-08-31 22:18:44 [DEBUG   ] queue_event DirModifiedEvent(src_path='/Users/shubhamarundekatey/ClaudeCode/day28/StreamDeck-Premium/mobile/node_modules/hermes-parser/dist', dest_path='', event_type='modified', is_directory=True, is_synthetic=False)
2026-08-31 22:18:44 [DEBUG   ] NativeEvent(path="/Users/shubhamarundekatey/ClaudeCode/day28/StreamDeck-Premium/mobile/node_modules/hermes-parser/dist", inode=279689018, flags=20400, id=950481357): is_directory, is_inode_meta_mod
2026-08-31 22:18:44 [DEBUG   ] queue_event DirModifiedEvent(src_path='/Users/shubhamarundekatey/ClaudeCode/day28/StreamDeck-Premium/mobile/node_modules/hermes-parser/dist', dest_path='', event_type='modified', is_directory=True, is_synthetic=False)
2026-08-31 22:18:44 [DEBUG   ] NativeEvent(path="/Users/shubhamarundekatey/ClaudeCode/day28/StreamDeck-Premium/mobile/node_modules/hermes-parser/dist/traverse", inode=279689056, flags=20400, id=950481366): is_directory, is_inode_meta_mod
2026-08-31 22:18:44 [DEBUG   ] queue_event DirModifiedEvent(src_path='/Users/shubhamarundekatey/ClaudeCode/day28/StreamDeck-Premium/mobile/node_modules/hermes-parser/dist/traverse', dest_path='', event_type='modified', is_directory=True, is_synthetic=False)
2026-08-31 22:18:44 [DEBUG   ] NativeEvent(path="/Users/shubhamarundekatey/ClaudeCode/day28/StreamDeck-Premium/mobile/node_modules/hermes-parser/dist/traverse", inode=279689056, flags=20400, id=950481372): is_directory, is_inode_meta_mod
2026-08-31 22:18:44 [DEBUG   ] queue_event DirModifiedEvent(src_path='/Users/shubhamarundekatey/ClaudeCode/day28/StreamDeck-Premium/mobile/node_modules/hermes-parser/dist/traverse', dest_path='', event_type='modified', is_directory=True, is_synthetic=False)
2026-08-31 22:18:44 [DEBUG   ] NativeEvent(path="/Users/shubhamarundekatey/ClaudeCode/day28/StreamDeck-Premium/mobile/node_modules/hermes-parser/dist/traverse", inode=279689056, flags=20400, id=950481378): is_directory, is_inode_meta_mod
2026-08-31 22:18:44 [DEBUG   ] queue_event DirModifiedEvent(src_path='/Users/shubhamarundekatey/ClaudeCode/day28/StreamDeck-Premium/mobile/node_modules/hermes-parser/dist/traverse', dest_path='', event_type='modified', is_directory=True, is_synthetic=False)
2026-08-31 22:18:44 [DEBUG   ] NativeEvent(path="/Users/shubhamarundekatey/ClaudeCode/day28/StreamDeck-Premium/mobile/node_modules/hermes-parser/dist/traverse", inode=279689056, flags=20400, id=950481384): is_directory, is_inode_meta_mod
2026-08-31 22:18:44 [DEBUG   ] queue_event DirModifiedEvent(src_path='/Users/shubhamarundekatey/ClaudeCode/day28/StreamDeck-Premium/mobile/node_modules/hermes-parser/dist/traverse', dest_path='', event_type='modified', is_directory=True, is_synthetic=False)
2026-08-31 22:18:44 [DEBUG   ] NativeEvent(path="/Users/shubhamarundekatey/ClaudeCode/day28/StreamDeck-Premium/mobile/node_modules/hermes-parser/dist", inode=279689018, flags=20400, id=950481390): is_directory, is_inode_meta_mod
2026-08-31 22:18:44 [DEBUG   ] queue_event DirModifiedEvent(src_path='/Users/shubhamarundekatey/ClaudeCode/day28/StreamDeck-Premium/mobile/node_modules/hermes-parser/dist', dest_path='', event_type='modified', is_directory=True, is_synthetic=False)
2026-08-31 22:18:45 [DEBUG   ] NativeEvent(path="/Users/shubhamarundekatey/ClaudeCode/day28/StreamDeck-Premium/mobile/node_modules/hermes-parser/dist", inode=279689018, flags=20400, id=950481405): is_directory, is_inode_meta_mod
2026-08-31 22:18:45 [DEBUG   ] queue_event DirModifiedEvent(src_path='/Users/shubhamarundekatey/ClaudeCode/day28/StreamDeck-Premium/mobile/node_modules/hermes-parser/dist', dest_path='', event_type='modified', is_directory=True, is_synthetic=False)
2026-08-31 22:18:45 [DEBUG   ] NativeEvent(path="/Users/shubhamarundekatey/ClaudeCode/day28/StreamDeck-Premium/mobile/node_modules/hermes-parser/dist", inode=279689018, flags=20400, id=950481411): is_directory, is_inode_meta_mod
2026-08-31 22:18:45 [DEBUG   ] queue_event DirModifiedEvent(src_path='/Users/shubhamarundekatey/ClaudeCode/day28/StreamDeck-Premium/mobile/node_modules/hermes-parser/dist', dest_path='', event_type='modified', is_directory=True, is_synthetic=False)
2026-08-31 22:18:45 [DEBUG   ] NativeEvent(path="/Users/shubhamarundekatey/ClaudeCode/day28/StreamDeck-Premium/mobile/node_modules/hermes-parser/dist", inode=279689018, flags=20400, id=950481427): is_directory, is_inode_meta_mod
2026-08-31 22:18:45 [DEBUG   ] queue_event DirModifiedEvent(src_path='/Users/shubhamarundekatey/ClaudeCode/day28/StreamDeck-Premium/mobile/node_modules/hermes-parser/dist', dest_path='', event_type='modified', is_directory=True, is_synthetic=False)
2026-08-31 22:18:45 [DEBUG   ] NativeEvent(path="/Users/shubhamarundekatey/ClaudeCode/day28/StreamDeck-Premium/mobile/node_modules/hermes-parser/dist", inode=279689018, flags=20400, id=950481433): is_directory, is_inode_meta_mod
2026-08-31 22:18:45 [DEBUG   ] queue_event DirModifiedEvent(src_path='/Users/shubhamarundekatey/ClaudeCode/day28/StreamDeck-Premium/mobile/node_modules/hermes-parser/dist', dest_path='', event_type='modified', is_directory=True, is_synthetic=False)
2026-08-31 22:18:45 [DEBUG   ] NativeEvent(path="/Users/shubhamarundekatey/ClaudeCode/day28/StreamDeck-Premium/mobile/node_modules/hermes-parser/dist", inode=279689018, flags=20400, id=950481439): is_directory, is_inode_meta_mod
2026-08-31 22:18:45 [DEBUG   ] queue_event DirModifiedEvent(src_path='/Users/shubhamarundekatey/ClaudeCode/day28/StreamDeck-Premium/mobile/node_modules/hermes-parser/dist', dest_path='', event_type='modified', is_directory=True, is_synthetic=False)
2026-08-31 22:18:45 [DEBUG   ] NativeEvent(path="/Users/shubhamarundekatey/ClaudeCode/day28/StreamDeck-Premium/mobile/node_modules/hermes-parser/dist", inode=279689018, flags=20400, id=950481456): is_directory, is_inode_meta_mod
2026-08-31 22:18:45 [DEBUG   ] queue_event DirModifiedEvent(src_path='/Users/shubhamarundekatey/ClaudeCode/day28/StreamDeck-Premium/mobile/node_modules/hermes-parser/dist', dest_path='', event_type='modified', is_directory=True, is_synthetic=False)
2026-08-31 22:18:45 [DEBUG   ] NativeEvent(path="/Users/shubhamarundekatey/ClaudeCode/day28/StreamDeck-Premium/mobile/node_modules/hermes-parser", inode=279689016, flags=20400, id=950481482): is_directory, is_inode_meta_mod
2026-08-31 22:18:45 [DEBUG   ] queue_event DirModifiedEvent(src_path='/Users/shubhamarundekatey/ClaudeCode/day28/StreamDeck-Premium/mobile/node_modules/hermes-parser', dest_path='', event_type='modified', is_directory=True, is_synthetic=False)
2026-08-31 22:18:45 [DEBUG   ] NativeEvent(path="/Users/shubhamarundekatey/ClaudeCode/day28/StreamDeck-Premium/mobile/node_modules/on-headers", inode=279681283, flags=20400, id=950481488): is_directory, is_inode_meta_mod
2026-08-31 22:18:45 [DEBUG   ] queue_event DirModifiedEvent(src_path='/Users/shubhamarundekatey/ClaudeCode/day28/StreamDeck-Premium/mobile/node_modules/on-headers', dest_path='', event_type='modified', is_directory=True, is_synthetic=False)
2026-08-31 22:18:45 [DEBUG   ] NativeEvent(path="/Users/shubhamarundekatey/ClaudeCode/day28/StreamDeck-Premium/mobile/node_modules/on-headers", inode=279681283, flags=20400, id=950481503): is_directory, is_inode_meta_mod
2026-08-31 22:18:45 [DEBUG   ] queue_event DirModifiedEvent(src_path='/Users/shubhamarundekatey/ClaudeCode/day28/StreamDeck-Premium/mobile/node_modules/on-headers', dest_path='', event_type='modified', is_directory=True, is_synthetic=False)
2026-08-31 22:18:46 [DEBUG   ] NativeEvent(path="/Users/shubhamarundekatey/ClaudeCode/day28/StreamDeck-Premium/mobile/node_modules/on-headers", inode=279681283, flags=20400, id=950481548): is_directory, is_inode_meta_mod
2026-08-31 22:18:46 [DEBUG   ] queue_event DirModifiedEvent(src_path='/Users/shubhamarundekatey/ClaudeCode/day28/StreamDeck-Premium/mobile/node_modules/on-headers', dest_path='', event_type='modified', is_directory=True, is_synthetic=False)
2026-08-31 22:18:46 [DEBUG   ] NativeEvent(path="/Users/shubhamarundekatey/ClaudeCode/day28/StreamDeck-Premium/mobile/node_modules/on-headers", inode=279681283, flags=20400, id=950481554): is_directory, is_inode_meta_mod
2026-08-31 22:18:46 [DEBUG   ] queue_event DirModifiedEvent(src_path='/Users/shubhamarundekatey/ClaudeCode/day28/StreamDeck-Premium/mobile/node_modules/on-headers', dest_path='', event_type='modified', is_directory=True, is_synthetic=False)
2026-08-31 22:18:46 [DEBUG   ] NativeEvent(path="/Users/shubhamarundekatey/ClaudeCode/day28/StreamDeck-Premium/mobile/node_modules/on-headers", inode=279681283, flags=20400, id=950481560): is_directory, is_inode_meta_mod
2026-08-31 22:18:46 [DEBUG   ] queue_event DirModifiedEvent(src_path='/Users/shubhamarundekatey/ClaudeCode/day28/StreamDeck-Premium/mobile/node_modules/on-headers', dest_path='', event_type='modified', is_directory=True, is_synthetic=False)
2026-08-31 22:18:46 [DEBUG   ] NativeEvent(path="/Users/shubhamarundekatey/ClaudeCode/day28/StreamDeck-Premium/mobile/node_modules/react-native-get-random-values", inode=279701290, flags=20400, id=950481572): is_directory, is_inode_meta_mod
2026-08-31 22:18:46 [DEBUG   ] queue_event DirModifiedEvent(src_path='/Users/shubhamarundekatey/ClaudeCode/day28/StreamDeck-Premium/mobile/node_modules/react-native-get-random-values', dest_path='', event_type='modified', is_directory=True, is_synthetic=False)
2026-08-31 22:18:46 [DEBUG   ] NativeEvent(path="/Users/shubhamarundekatey/ClaudeCode/day28/StreamDeck-Premium/mobile/node_modules/react-native-get-random-values", inode=279701290, flags=20400, id=950481584): is_directory, is_inode_meta_mod
2026-08-31 22:18:46 [DEBUG   ] queue_event DirModifiedEvent(src_path='/Users/shubhamarundekatey/ClaudeCode/day28/StreamDeck-Premium/mobile/node_modules/react-native-get-random-values', dest_path='', event_type='modified', is_directory=True, is_synthetic=False)
2026-08-31 22:18:46 [DEBUG   ] NativeEvent(path="/Users/shubhamarundekatey/ClaudeCode/day28/StreamDeck-Premium/mobile/node_modules/react-native-get-random-values", inode=279701290, flags=20400, id=950481599): is_directory, is_inode_meta_mod
2026-08-31 22:18:46 [DEBUG   ] queue_event DirModifiedEvent(src_path='/Users/shubhamarundekatey/ClaudeCode/day28/StreamDeck-Premium/mobile/node_modules/react-native-get-random-values', dest_path='', event_type='modified', is_directory=True, is_synthetic=False)
2026-08-31 22:18:46 [DEBUG   ] NativeEvent(path="/Users/shubhamarundekatey/ClaudeCode/day28/StreamDeck-Premium/mobile/node_modules/react-native-get-random-values", inode=279701290, flags=20400, id=950481618): is_directory, is_inode_meta_mod
2026-08-31 22:18:46 [DEBUG   ] queue_event DirModifiedEvent(src_path='/Users/shubhamarundekatey/ClaudeCode/day28/StreamDeck-Premium/mobile/node_modules/react-native-get-random-values', dest_path='', event_type='modified', is_directory=True, is_synthetic=False)
2026-08-31 22:18:46 [DEBUG   ] NativeEvent(path="/Users/shubhamarundekatey/ClaudeCode/day28/StreamDeck-Premium/mobile/node_modules/react-native-get-random-values", inode=279701290, flags=20400, id=950481636): is_directory, is_inode_meta_mod
2026-08-31 22:18:46 [DEBUG   ] queue_event DirModifiedEvent(src_path='/Users/shubhamarundekatey/ClaudeCode/day28/StreamDeck-Premium/mobile/node_modules/react-native-get-random-values', dest_path='', event_type='modified', is_directory=True, is_synthetic=False)
2026-08-31 22:18:46 [DEBUG   ] NativeEvent(path="/Users/shubhamarundekatey/ClaudeCode/day28/StreamDeck-Premium/mobile/node_modules/react-native-get-random-values", inode=279701290, flags=20400, id=950481642): is_directory, is_inode_meta_mod
2026-08-31 22:18:46 [DEBUG   ] queue_event DirModifiedEvent(src_path='/Users/shubhamarundekatey/ClaudeCode/day28/StreamDeck-Premium/mobile/node_modules/react-native-get-random-values', dest_path='', event_type='modified', is_directory=True, is_synthetic=False)
2026-08-31 22:18:46 [DEBUG   ] NativeEvent(path="/Users/shubhamarundekatey/ClaudeCode/day28/StreamDeck-Premium/mobile/node_modules/react-native-get-random-values", inode=279701290, flags=20400, id=950481651): is_directory, is_inode_meta_mod
2026-08-31 22:18:46 [DEBUG   ] queue_event DirModifiedEvent(src_path='/Users/shubhamarundekatey/ClaudeCode/day28/StreamDeck-Premium/mobile/node_modules/react-native-get-random-values', dest_path='', event_type='modified', is_directory=True, is_synthetic=False)
2026-08-31 22:18:47 [DEBUG   ] NativeEvent(path="/Users/shubhamarundekatey/ClaudeCode/day28/StreamDeck-Premium/mobile/node_modules/react-native-get-random-values/android/src/main", inode=279701307, flags=20400, id=950481669): is_directory, is_inode_meta_mod
2026-08-31 22:18:47 [DEBUG   ] queue_event DirModifiedEvent(src_path='/Users/shubhamarundekatey/ClaudeCode/day28/StreamDeck-Premium/mobile/node_modules/react-native-get-random-values/android/src/main', dest_path='', event_type='modified', is_directory=True, is_synthetic=False)
2026-08-31 22:18:47 [DEBUG   ] NativeEvent(path="/Users/shubhamarundekatey/ClaudeCode/day28/StreamDeck-Premium/mobile/node_modules/react-native-get-random-values/android/src/main/java/org/linusu", inode=279701311, flags=20400, id=950481703): is_directory, is_inode_meta_mod
2026-08-31 22:18:47 [DEBUG   ] queue_event DirModifiedEvent(src_path='/Users/shubhamarundekatey/ClaudeCode/day28/StreamDeck-Premium/mobile/node_modules/react-native-get-random-values/android/src/main/java/org/linusu', dest_path='', event_type='modified', is_directory=True, is_synthetic=False)
2026-08-31 22:18:47 [DEBUG   ] NativeEvent(path="/Users/shubhamarundekatey/ClaudeCode/day28/StreamDeck-Premium/mobile/node_modules/react-native-get-random-values/android/src/main/java/org/linusu", inode=279701311, flags=20400, id=950481722): is_directory, is_inode_meta_mod
2026-08-31 22:18:47 [DEBUG   ] queue_event DirModifiedEvent(src_path='/Users/shubhamarundekatey/ClaudeCode/day28/StreamDeck-Premium/mobile/node_modules/react-native-get-random-values/android/src/main/java/org/linusu', dest_path='', event_type='modified', is_directory=True, is_synthetic=False)
2026-08-31 22:18:47 [DEBUG   ] NativeEvent(path="/Users/shubhamarundekatey/ClaudeCode/day28/StreamDeck-Premium/mobile/node_modules/react-native-get-random-values/android", inode=279701304, flags=20400, id=950481731): is_directory, is_inode_meta_mod
2026-08-31 22:18:47 [DEBUG   ] queue_event DirModifiedEvent(src_path='/Users/shubhamarundekatey/ClaudeCode/day28/StreamDeck-Premium/mobile/node_modules/react-native-get-random-values/android', dest_path='', event_type='modified', is_directory=True, is_synthetic=False)
2026-08-31 22:18:47 [DEBUG   ] NativeEvent(path="/Users/shubhamarundekatey/ClaudeCode/day28/StreamDeck-Premium/mobile/node_modules/react-native-get-random-values/ios", inode=279701295, flags=20400, id=950481737): is_directory, is_inode_meta_mod
2026-08-31 22:18:47 [DEBUG   ] queue_event DirModifiedEvent(src_path='/Users/shubhamarundekatey/ClaudeCode/day28/StreamDeck-Premium/mobile/node_modules/react-native-get-random-values/ios', dest_path='', event_type='modified', is_directory=True, is_synthetic=False)
2026-08-31 22:18:47 [DEBUG   ] NativeEvent(path="/Users/shubhamarundekatey/ClaudeCode/day28/StreamDeck-Premium/mobile/node_modules/react-native-get-random-values/ios/RNGetRandomValues.xcodeproj", inode=279701297, flags=20400, id=950481746): is_directory, is_inode_meta_mod
2026-08-31 22:18:47 [DEBUG   ] queue_event DirModifiedEvent(src_path='/Users/shubhamarundekatey/ClaudeCode/day28/StreamDeck-Premium/mobile/node_modules/react-native-get-random-values/ios/RNGetRandomValues.xcodeproj', dest_path='', event_type='modified', is_directory=True, is_synthetic=False)
2026-08-31 22:18:47 [DEBUG   ] NativeEvent(path="/Users/shubhamarundekatey/ClaudeCode/day28/StreamDeck-Premium/mobile/node_modules/react-native-get-random-values/ios/RNGetRandomValues.xcworkspace", inode=279701299, flags=20400, id=950481755): is_directory, is_inode_meta_mod
2026-08-31 22:18:47 [DEBUG   ] queue_event DirModifiedEvent(src_path='/Users/shubhamarundekatey/ClaudeCode/day28/StreamDeck-Premium/mobile/node_modules/react-native-get-random-values/ios/RNGetRandomValues.xcworkspace', dest_path='', event_type='modified', is_directory=True, is_synthetic=False)
2026-08-31 22:18:48 [DEBUG   ] NativeEvent(path="/Users/shubhamarundekatey/ClaudeCode/day28/StreamDeck-Premium/mobile/node_modules/react-native-get-random-values/ios", inode=279701295, flags=20400, id=950481761): is_directory, is_inode_meta_mod
2026-08-31 22:18:48 [DEBUG   ] queue_event DirModifiedEvent(src_path='/Users/shubhamarundekatey/ClaudeCode/day28/StreamDeck-Premium/mobile/node_modules/react-native-get-random-values/ios', dest_path='', event_type='modified', is_directory=True, is_synthetic=False)
2026-08-31 22:18:48 [DEBUG   ] NativeEvent(path="/Users/shubhamarundekatey/ClaudeCode/day28/StreamDeck-Premium/mobile/node_modules/acorn", inode=279688954, flags=20400, id=950481767): is_directory, is_inode_meta_mod
2026-08-31 22:18:48 [DEBUG   ] queue_event DirModifiedEvent(src_path='/Users/shubhamarundekatey/ClaudeCode/day28/StreamDeck-Premium/mobile/node_modules/acorn', dest_path='', event_type='modified', is_directory=True, is_synthetic=False)
2026-08-31 22:18:48 [DEBUG   ] NativeEvent(path="/Users/shubhamarundekatey/ClaudeCode/day28/StreamDeck-Premium/mobile/node_modules/acorn/bin", inode=279688956, flags=20400, id=950481773): is_directory, is_inode_meta_mod
2026-08-31 22:18:48 [DEBUG   ] queue_event DirModifiedEvent(src_path='/Users/shubhamarundekatey/ClaudeCode/day28/StreamDeck-Premium/mobile/node_modules/acorn/bin', dest_path='', event_type='modified', is_directory=True, is_synthetic=False)
2026-08-31 22:18:48 [DEBUG   ] NativeEvent(path="/Users/shubhamarundekatey/ClaudeCode/day28/StreamDeck-Premium/mobile/node_modules/acorn", inode=279688954, flags=20400, id=950481785): is_directory, is_inode_meta_mod
2026-08-31 22:18:48 [DEBUG   ] queue_event DirModifiedEvent(src_path='/Users/shubhamarundekatey/ClaudeCode/day28/StreamDeck-Premium/mobile/node_modules/acorn', dest_path='', event_type='modified', is_directory=True, is_synthetic=False)
2026-08-31 22:18:48 [DEBUG   ] NativeEvent(path="/Users/shubhamarundekatey/ClaudeCode/day28/StreamDeck-Premium/mobile/node_modules/acorn/dist", inode=279688959, flags=20400, id=950481889): is_directory, is_inode_meta_mod
2026-08-31 22:18:48 [DEBUG   ] queue_event DirModifiedEvent(src_path='/Users/shubhamarundekatey/ClaudeCode/day28/StreamDeck-Premium/mobile/node_modules/acorn/dist', dest_path='', event_type='modified', is_directory=True, is_synthetic=False)
2026-08-31 22:18:48 [DEBUG   ] NativeEvent(path="/Users/shubhamarundekatey/ClaudeCode/day28/StreamDeck-Premium/mobile/node_modules/acorn/dist", inode=279688959, flags=20400, id=950481898): is_directory, is_inode_meta_mod
2026-08-31 22:18:48 [DEBUG   ] queue_event DirModifiedEvent(src_path='/Users/shubhamarundekatey/ClaudeCode/day28/StreamDeck-Premium/mobile/node_modules/acorn/dist', dest_path='', event_type='modified', is_directory=True, is_synthetic=False)
2026-08-31 22:18:48 [DEBUG   ] NativeEvent(path="/Users/shubhamarundekatey/ClaudeCode/day28/StreamDeck-Premium/mobile/node_modules/acorn/dist", inode=279688959, flags=20400, id=950481904): is_directory, is_inode_meta_mod
2026-08-31 22:18:48 [DEBUG   ] queue_event DirModifiedEvent(src_path='/Users/shubhamarundekatey/ClaudeCode/day28/StreamDeck-Premium/mobile/node_modules/acorn/dist', dest_path='', event_type='modified', is_directory=True, is_synthetic=False)
2026-08-31 22:18:48 [DEBUG   ] NativeEvent(path="/Users/shubhamarundekatey/ClaudeCode/day28/StreamDeck-Premium/mobile/node_modules/acorn/dist", inode=279688959, flags=20400, id=950481910): is_directory, is_inode_meta_mod
2026-08-31 22:18:48 [DEBUG   ] queue_event DirModifiedEvent(src_path='/Users/shubhamarundekatey/ClaudeCode/day28/StreamDeck-Premium/mobile/node_modules/acorn/dist', dest_path='', event_type='modified', is_directory=True, is_synthetic=False)
2026-08-31 22:18:48 [DEBUG   ] NativeEvent(path="/Users/shubhamarundekatey/ClaudeCode/day28/StreamDeck-Premium/mobile/node_modules/acorn/dist", inode=279688959, flags=20400, id=950481916): is_directory, is_inode_meta_mod
2026-08-31 22:18:48 [DEBUG   ] queue_event DirModifiedEvent(src_path='/Users/shubhamarundekatey/ClaudeCode/day28/StreamDeck-Premium/mobile/node_modules/acorn/dist', dest_path='', event_type='modified', is_directory=True, is_synthetic=False)
2026-08-31 22:18:48 [DEBUG   ] NativeEvent(path="/Users/shubhamarundekatey/ClaudeCode/day28/StreamDeck-Premium/mobile/node_modules/acorn", inode=279688954, flags=20400, id=950481940): is_directory, is_inode_meta_mod
2026-08-31 22:18:48 [DEBUG   ] queue_event DirModifiedEvent(src_path='/Users/shubhamarundekatey/ClaudeCode/day28/StreamDeck-Premium/mobile/node_modules/acorn', dest_path='', event_type='modified', is_directory=True, is_synthetic=False)
2026-08-31 22:18:49 [DEBUG   ] NativeEvent(path="/Users/shubhamarundekatey/ClaudeCode/day28/StreamDeck-Premium/mobile/node_modules/acorn", inode=279688954, flags=20400, id=950481967): is_directory, is_inode_meta_mod
2026-08-31 22:18:49 [DEBUG   ] queue_event DirModifiedEvent(src_path='/Users/shubhamarundekatey/ClaudeCode/day28/StreamDeck-Premium/mobile/node_modules/acorn', dest_path='', event_type='modified', is_directory=True, is_synthetic=False)
2026-08-31 22:18:49 [DEBUG   ] NativeEvent(path="/Users/shubhamarundekatey/ClaudeCode/day28/StreamDeck-Premium/mobile/node_modules/path-parse", inode=279697508, flags=20400, id=950481999): is_directory, is_inode_meta_mod
2026-08-31 22:18:49 [DEBUG   ] queue_event DirModifiedEvent(src_path='/Users/shubhamarundekatey/ClaudeCode/day28/StreamDeck-Premium/mobile/node_modules/path-parse', dest_path='', event_type='modified', is_directory=True, is_synthetic=False)
2026-08-31 22:18:49 [DEBUG   ] NativeEvent(path="/Users/shubhamarundekatey/ClaudeCode/day28/StreamDeck-Premium/mobile/node_modules/path-parse", inode=279697508, flags=20400, id=950482030): is_directory, is_inode_meta_mod
2026-08-31 22:18:49 [DEBUG   ] queue_event DirModifiedEvent(src_path='/Users/shubhamarundekatey/ClaudeCode/day28/StreamDeck-Premium/mobile/node_modules/path-parse', dest_path='', event_type='modified', is_directory=True, is_synthetic=False)
2026-08-31 22:18:49 [DEBUG   ] NativeEvent(path="/Users/shubhamarundekatey/ClaudeCode/day28/StreamDeck-Premium/mobile/node_modules/path-parse", inode=279697508, flags=20400, id=950482128): is_directory, is_inode_meta_mod
2026-08-31 22:18:49 [DEBUG   ] queue_event DirModifiedEvent(src_path='/Users/shubhamarundekatey/ClaudeCode/day28/StreamDeck-Premium/mobile/node_modules/path-parse', dest_path='', event_type='modified', is_directory=True, is_synthetic=False)
2026-08-31 22:18:49 [DEBUG   ] NativeEvent(path="/Users/shubhamarundekatey/ClaudeCode/day28/StreamDeck-Premium/mobile/node_modules/path-parse", inode=279697508, flags=20400, id=950482162): is_directory, is_inode_meta_mod
2026-08-31 22:18:49 [DEBUG   ] queue_event DirModifiedEvent(src_path='/Users/shubhamarundekatey/ClaudeCode/day28/StreamDeck-Premium/mobile/node_modules/path-parse', dest_path='', event_type='modified', is_directory=True, is_synthetic=False)
2026-08-31 22:18:49 [DEBUG   ] NativeEvent(path="/Users/shubhamarundekatey/ClaudeCode/day28/StreamDeck-Premium/mobile/node_modules/fontfaceobserver", inode=279703258, flags=20400, id=950482177): is_directory, is_inode_meta_mod
2026-08-31 22:18:49 [DEBUG   ] queue_event DirModifiedEvent(src_path='/Users/shubhamarundekatey/ClaudeCode/day28/StreamDeck-Premium/mobile/node_modules/fontfaceobserver', dest_path='', event_type='modified', is_directory=True, is_synthetic=False)
2026-08-31 22:18:49 [DEBUG   ] NativeEvent(path="/Users/shubhamarundekatey/ClaudeCode/day28/StreamDeck-Premium/mobile/node_modules/fontfaceobserver", inode=279703258, flags=20400, id=950482183): is_directory, is_inode_meta_mod
2026-08-31 22:18:49 [DEBUG   ] queue_event DirModifiedEvent(src_path='/Users/shubhamarundekatey/ClaudeCode/day28/StreamDeck-Premium/mobile/node_modules/fontfaceobserver', dest_path='', event_type='modified', is_directory=True, is_synthetic=False)
2026-08-31 22:18:49 [DEBUG   ] NativeEvent(path="/Users/shubhamarundekatey/ClaudeCode/day28/StreamDeck-Premium/mobile/node_modules/fontfaceobserver/src", inode=279703265, flags=20400, id=950482192): is_directory, is_inode_meta_mod
2026-08-31 22:18:49 [DEBUG   ] queue_event DirModifiedEvent(src_path='/Users/shubhamarundekatey/ClaudeCode/day28/StreamDeck-Premium/mobile/node_modules/fontfaceobserver/src', dest_path='', event_type='modified', is_directory=True, is_synthetic=False)
2026-08-31 22:18:49 [DEBUG   ] NativeEvent(path="/Users/shubhamarundekatey/ClaudeCode/day28/StreamDeck-Premium/mobile/node_modules/fontfaceobserver/src", inode=279703265, flags=20400, id=950482198): is_directory, is_inode_meta_mod
2026-08-31 22:18:49 [DEBUG   ] queue_event DirModifiedEvent(src_path='/Users/shubhamarundekatey/ClaudeCode/day28/StreamDeck-Premium/mobile/node_modules/fontfaceobserver/src', dest_path='', event_type='modified', is_directory=True, is_synthetic=False)
2026-08-31 22:18:50 [DEBUG   ] NativeEvent(path="/Users/shubhamarundekatey/ClaudeCode/day28/StreamDeck-Premium/mobile/node_modules/fontfaceobserver/src", inode=279703265, flags=20400, id=950482204): is_directory, is_inode_meta_mod
2026-08-31 22:18:50 [DEBUG   ] queue_event DirModifiedEvent(src_path='/Users/shubhamarundekatey/ClaudeCode/day28/StreamDeck-Premium/mobile/node_modules/fontfaceobserver/src', dest_path='', event_type='modified', is_directory=True, is_synthetic=False)
2026-08-31 22:18:50 [DEBUG   ] NativeEvent(path="/Users/shubhamarundekatey/ClaudeCode/day28/StreamDeck-Premium/mobile/node_modules/fontfaceobserver", inode=279703258, flags=20400, id=950482210): is_directory, is_inode_meta_mod
2026-08-31 22:18:50 [DEBUG   ] queue_event DirModifiedEvent(src_path='/Users/shubhamarundekatey/ClaudeCode/day28/StreamDeck-Premium/mobile/node_modules/fontfaceobserver', dest_path='', event_type='modified', is_directory=True, is_synthetic=False)
2026-08-31 22:18:50 [DEBUG   ] NativeEvent(path="/Users/shubhamarundekatey/ClaudeCode/day28/StreamDeck-Premium/mobile/node_modules/fontfaceobserver", inode=279703258, flags=20400, id=950482225): is_directory, is_inode_meta_mod
2026-08-31 22:18:50 [DEBUG   ] queue_event DirModifiedEvent(src_path='/Users/shubhamarundekatey/ClaudeCode/day28/StreamDeck-Premium/mobile/node_modules/fontfaceobserver', dest_path='', event_type='modified', is_directory=True, is_synthetic=False)
2026-08-31 22:18:50 [DEBUG   ] NativeEvent(path="/Users/shubhamarundekatey/ClaudeCode/day28/StreamDeck-Premium/mobile/node_modules/fontfaceobserver", inode=279703258, flags=20400, id=950482231): is_directory, is_inode_meta_mod
2026-08-31 22:18:50 [DEBUG   ] queue_event DirModifiedEvent(src_path='/Users/shubhamarundekatey/ClaudeCode/day28/StreamDeck-Premium/mobile/node_modules/fontfaceobserver', dest_path='', event_type='modified', is_directory=True, is_synthetic=False)
2026-08-31 22:18:50 [DEBUG   ] NativeEvent(path="/Users/shubhamarundekatey/ClaudeCode/day28/StreamDeck-Premium/mobile/node_modules/fontfaceobserver", inode=279703258, flags=20400, id=950482237): is_directory, is_inode_meta_mod
2026-08-31 22:18:50 [DEBUG   ] queue_event DirModifiedEvent(src_path='/Users/shubhamarundekatey/ClaudeCode/day28/StreamDeck-Premium/mobile/node_modules/fontfaceobserver', dest_path='', event_type='modified', is_directory=True, is_synthetic=False)
2026-08-31 22:18:50 [DEBUG   ] NativeEvent(path="/Users/shubhamarundekatey/ClaudeCode/day28/StreamDeck-Premium/mobile/node_modules/compression", inode=279701382, flags=20400, id=950482249): is_directory, is_inode_meta_mod
2026-08-31 22:18:50 [DEBUG   ] queue_event DirModifiedEvent(src_path='/Users/shubhamarundekatey/ClaudeCode/day28/StreamDeck-Premium/mobile/node_modules/compression', dest_path='', event_type='modified', is_directory=True, is_synthetic=False)
2026-08-31 22:18:50 [DEBUG   ] NativeEvent(path="/Users/shubhamarundekatey/ClaudeCode/day28/StreamDeck-Premium/mobile/node_modules/compression", inode=279701382, flags=20400, id=950482262): is_directory, is_inode_meta_mod
2026-08-31 22:18:50 [DEBUG   ] queue_event DirModifiedEvent(src_path='/Users/shubhamarundekatey/ClaudeCode/day28/StreamDeck-Premium/mobile/node_modules/compression', dest_path='', event_type='modified', is_directory=True, is_synthetic=False)
2026-08-31 22:18:50 [DEBUG   ] NativeEvent(path="/Users/shubhamarundekatey/ClaudeCode/day28/StreamDeck-Premium/mobile/node_modules/compression", inode=279701382, flags=20400, id=950482281): is_directory, is_inode_meta_mod
2026-08-31 22:18:50 [DEBUG   ] queue_event DirModifiedEvent(src_path='/Users/shubhamarundekatey/ClaudeCode/day28/StreamDeck-Premium/mobile/node_modules/compression', dest_path='', event_type='modified', is_directory=True, is_synthetic=False)
2026-08-31 22:18:50 [DEBUG   ] NativeEvent(path="/Users/shubhamarundekatey/ClaudeCode/day28/StreamDeck-Premium/mobile/node_modules/compression", inode=279701382, flags=20400, id=950482302): is_directory, is_inode_meta_mod
2026-08-31 22:18:50 [DEBUG   ] queue_event DirModifiedEvent(src_path='/Users/shubhamarundekatey/ClaudeCode/day28/StreamDeck-Premium/mobile/node_modules/compression', dest_path='', event_type='modified', is_directory=True, is_synthetic=False)
2026-08-31 22:18:50 [DEBUG   ] NativeEvent(path="/Users/shubhamarundekatey/ClaudeCode/day28/StreamDeck-Premium/mobile/node_modules/compression/node_modules/ms", inode=279701386, flags=20400, id=950482308): is_directory, is_inode_meta_mod
2026-08-31 22:18:50 [DEBUG   ] queue_event DirModifiedEvent(src_path='/Users/shubhamarundekatey/ClaudeCode/day28/StreamDeck-Premium/mobile/node_modules/compression/node_modules/ms', dest_path='', event_type='modified', is_directory=True, is_synthetic=False)
2026-08-31 22:18:50 [DEBUG   ] NativeEvent(path="/Users/shubhamarundekatey/ClaudeCode/day28/StreamDeck-Premium/mobile/node_modules/compression/node_modules/ms", inode=279701386, flags=20400, id=950482326): is_directory, is_inode_meta_mod
2026-08-31 22:18:50 [DEBUG   ] queue_event DirModifiedEvent(src_path='/Users/shubhamarundekatey/ClaudeCode/day28/StreamDeck-Premium/mobile/node_modules/compression/node_modules/ms', dest_path='', event_type='modified', is_directory=True, is_synthetic=False)
2026-08-31 22:18:51 [DEBUG   ] NativeEvent(path="/Users/shubhamarundekatey/ClaudeCode/day28/StreamDeck-Premium/mobile/node_modules/compression/node_modules/ms", inode=279701386, flags=20400, id=950482332): is_directory, is_inode_meta_mod
2026-08-31 22:18:51 [DEBUG   ] queue_event DirModifiedEvent(src_path='/Users/shubhamarundekatey/ClaudeCode/day28/StreamDeck-Premium/mobile/node_modules/compression/node_modules/ms', dest_path='', event_type='modified', is_directory=True, is_synthetic=False)
2026-08-31 22:18:51 [DEBUG   ] NativeEvent(path="/Users/shubhamarundekatey/ClaudeCode/day28/StreamDeck-Premium/mobile/node_modules/compression/node_modules/ms", inode=279701386, flags=20400, id=950482338): is_directory, is_inode_meta_mod
2026-08-31 22:18:51 [DEBUG   ] queue_event DirModifiedEvent(src_path='/Users/shubhamarundekatey/ClaudeCode/day28/StreamDeck-Premium/mobile/node_modules/compression/node_modules/ms', dest_path='', event_type='modified', is_directory=True, is_synthetic=False)
2026-08-31 22:18:51 [DEBUG   ] NativeEvent(path="/Users/shubhamarundekatey/ClaudeCode/day28/StreamDeck-Premium/mobile/node_modules/compression/node_modules/negotiator", inode=279701391, flags=20400, id=950482347): is_directory, is_inode_meta_mod
2026-08-31 22:18:51 [DEBUG   ] queue_event DirModifiedEvent(src_path='/Users/shubhamarundekatey/ClaudeCode/day28/StreamDeck-Premium/mobile/node_modules/compression/node_modules/negotiator', dest_path='', event_type='modified', is_directory=True, is_synthetic=False)
2026-08-31 22:18:51 [DEBUG   ] NativeEvent(path="/Users/shubhamarundekatey/ClaudeCode/day28/StreamDeck-Premium/mobile/node_modules/compression/node_modules/negotiator", inode=279701391, flags=20400, id=950482359): is_directory, is_inode_meta_mod
2026-08-31 22:18:51 [DEBUG   ] queue_event DirModifiedEvent(src_path='/Users/shubhamarundekatey/ClaudeCode/day28/StreamDeck-Premium/mobile/node_modules/compression/node_modules/negotiator', dest_path='', event_type='modified', is_directory=True, is_synthetic=False)
2026-08-31 22:18:51 [DEBUG   ] NativeEvent(path="/Users/shubhamarundekatey/ClaudeCode/day28/StreamDeck-Premium/mobile/node_modules/compression/node_modules/negotiator", inode=279701391, flags=20400, id=950482365): is_directory, is_inode_meta_mod
2026-08-31 22:18:51 [DEBUG   ] queue_event DirModifiedEvent(src_path='/Users/shubhamarundekatey/ClaudeCode/day28/StreamDeck-Premium/mobile/node_modules/compression/node_modules/negotiator', dest_path='', event_type='modified', is_directory=True, is_synthetic=False)
2026-08-31 22:18:51 [DEBUG   ] NativeEvent(path="/Users/shubhamarundekatey/ClaudeCode/day28/StreamDeck-Premium/mobile/node_modules/compression/node_modules/negotiator/lib", inode=279701397, flags=20400, id=950482374): is_directory, is_inode_meta_mod
2026-08-31 22:18:51 [DEBUG   ] queue_event DirModifiedEvent(src_path='/Users/shubhamarundekatey/ClaudeCode/day28/StreamDeck-Premium/mobile/node_modules/compression/node_modules/negotiator/lib', dest_path='', event_type='modified', is_directory=True, is_synthetic=False)
2026-08-31 22:18:51 [DEBUG   ] NativeEvent(path="/Users/shubhamarundekatey/ClaudeCode/day28/StreamDeck-Premium/mobile/node_modules/compression/node_modules/negotiator/lib", inode=279701397, flags=20400, id=950482411): is_directory, is_inode_meta_mod
2026-08-31 22:18:51 [DEBUG   ] queue_event DirModifiedEvent(src_path='/Users/shubhamarundekatey/ClaudeCode/day28/StreamDeck-Premium/mobile/node_modules/compression/node_modules/negotiator/lib', dest_path='', event_type='modified', is_directory=True, is_synthetic=False)
2026-08-31 22:18:51 [DEBUG   ] NativeEvent(path="/Users/shubhamarundekatey/ClaudeCode/day28/StreamDeck-Premium/mobile/node_modules/compression/node_modules/negotiator/lib", inode=279701397, flags=20400, id=950482433): is_directory, is_inode_meta_mod
2026-08-31 22:18:51 [DEBUG   ] queue_event DirModifiedEvent(src_path='/Users/shubhamarundekatey/ClaudeCode/day28/StreamDeck-Premium/mobile/node_modules/compression/node_modules/negotiator/lib', dest_path='', event_type='modified', is_directory=True, is_synthetic=False)
2026-08-31 22:18:51 [DEBUG   ] NativeEvent(path="/Users/shubhamarundekatey/ClaudeCode/day28/StreamDeck-Premium/mobile/node_modules/compression/node_modules/negotiator/lib", inode=279701397, flags=20400, id=950482454): is_directory, is_inode_meta_mod
2026-08-31 22:18:51 [DEBUG   ] queue_event DirModifiedEvent(src_path='/Users/shubhamarundekatey/ClaudeCode/day28/StreamDeck-Premium/mobile/node_modules/compression/node_modules/negotiator/lib', dest_path='', event_type='modified', is_directory=True, is_synthetic=False)
2026-08-31 22:18:51 [DEBUG   ] NativeEvent(path="/Users/shubhamarundekatey/ClaudeCode/day28/StreamDeck-Premium/mobile/node_modules/compression/node_modules/negotiator", inode=279701391, flags=20400, id=950482463): is_directory, is_inode_meta_mod
2026-08-31 22:18:51 [DEBUG   ] queue_event DirModifiedEvent(src_path='/Users/shubhamarundekatey/ClaudeCode/day28/StreamDeck-Premium/mobile/node_modules/compression/node_modules/negotiator', dest_path='', event_type='modified', is_directory=True, is_synthetic=False)
2026-08-31 22:18:52 [DEBUG   ] NativeEvent(path="/Users/shubhamarundekatey/ClaudeCode/day28/StreamDeck-Premium/mobile/node_modules/compression/node_modules/negotiator", inode=279701391, flags=20400, id=950482479): is_directory, is_inode_meta_mod
2026-08-31 22:18:52 [DEBUG   ] queue_event DirModifiedEvent(src_path='/Users/shubhamarundekatey/ClaudeCode/day28/StreamDeck-Premium/mobile/node_modules/compression/node_modules/negotiator', dest_path='', event_type='modified', is_directory=True, is_synthetic=False)
2026-08-31 22:18:52 [DEBUG   ] NativeEvent(path="/Users/shubhamarundekatey/ClaudeCode/day28/StreamDeck-Premium/mobile/node_modules/compression/node_modules/debug", inode=279701402, flags=20400, id=950482594): is_directory, is_inode_meta_mod
2026-08-31 22:18:52 [DEBUG   ] queue_event DirModifiedEvent(src_path='/Users/shubhamarundekatey/ClaudeCode/day28/StreamDeck-Premium/mobile/node_modules/compression/node_modules/debug', dest_path='', event_type='modified', is_directory=True, is_synthetic=False)
2026-08-31 22:18:52 [DEBUG   ] NativeEvent(path="/Users/shubhamarundekatey/ClaudeCode/day28/StreamDeck-Premium/mobile/node_modules/compression/node_modules/debug", inode=279701402, flags=20400, id=950482643): is_directory, is_inode_meta_mod
2026-08-31 22:18:52 [DEBUG   ] queue_event DirModifiedEvent(src_path='/Users/shubhamarundekatey/ClaudeCode/day28/StreamDeck-Premium/mobile/node_modules/compression/node_modules/debug', dest_path='', event_type='modified', is_directory=True, is_synthetic=False)
2026-08-31 22:18:52 [DEBUG   ] NativeEvent(path="/Users/shubhamarundekatey/ClaudeCode/day28/StreamDeck-Premium/mobile/node_modules/compression/node_modules/debug", inode=279701402, flags=20400, id=950482798): is_directory, is_inode_meta_mod
2026-08-31 22:18:52 [DEBUG   ] queue_event DirModifiedEvent(src_path='/Users/shubhamarundekatey/ClaudeCode/day28/StreamDeck-Premium/mobile/node_modules/compression/node_modules/debug', dest_path='', event_type='modified', is_directory=True, is_synthetic=False)
2026-08-31 22:18:52 [DEBUG   ] NativeEvent(path="/Users/shubhamarundekatey/ClaudeCode/day28/StreamDeck-Premium/mobile/node_modules/compression/node_modules/debug", inode=279701402, flags=20400, id=950482858): is_directory, is_inode_meta_mod
2026-08-31 22:18:52 [DEBUG   ] queue_event DirModifiedEvent(src_path='/Users/shubhamarundekatey/ClaudeCode/day28/StreamDeck-Premium/mobile/node_modules/compression/node_modules/debug', dest_path='', event_type='modified', is_directory=True, is_synthetic=False)
2026-08-31 22:18:52 [DEBUG   ] NativeEvent(path="/Users/shubhamarundekatey/ClaudeCode/day28/StreamDeck-Premium/mobile/node_modules/compression/node_modules/debug", inode=279701402, flags=20400, id=950482874): is_directory, is_inode_meta_mod
2026-08-31 22:18:52 [DEBUG   ] queue_event DirModifiedEvent(src_path='/Users/shubhamarundekatey/ClaudeCode/day28/StreamDeck-Premium/mobile/node_modules/compression/node_modules/debug', dest_path='', event_type='modified', is_directory=True, is_synthetic=False)
2026-08-31 22:18:52 [DEBUG   ] NativeEvent(path="/Users/shubhamarundekatey/ClaudeCode/day28/StreamDeck-Premium/mobile/node_modules/compression/node_modules/debug", inode=279701402, flags=20400, id=950482880): is_directory, is_inode_meta_mod
2026-08-31 22:18:52 [DEBUG   ] queue_event DirModifiedEvent(src_path='/Users/shubhamarundekatey/ClaudeCode/day28/StreamDeck-Premium/mobile/node_modules/compression/node_modules/debug', dest_path='', event_type='modified', is_directory=True, is_synthetic=False)
2026-08-31 22:18:52 [DEBUG   ] NativeEvent(path="/Users/shubhamarundekatey/ClaudeCode/day28/StreamDeck-Premium/mobile/node_modules/compression/node_modules/debug", inode=279701402, flags=20400, id=950482928): is_directory, is_inode_meta_mod
2026-08-31 22:18:52 [DEBUG   ] queue_event DirModifiedEvent(src_path='/Users/shubhamarundekatey/ClaudeCode/day28/StreamDeck-Premium/mobile/node_modules/compression/node_modules/debug', dest_path='', event_type='modified', is_directory=True, is_synthetic=False)
2026-08-31 22:18:52 [DEBUG   ] NativeEvent(path="/Users/shubhamarundekatey/ClaudeCode/day28/StreamDeck-Premium/mobile/node_modules/compression/node_modules/debug", inode=279701402, flags=20400, id=950482991): is_directory, is_inode_meta_mod
2026-08-31 22:18:52 [DEBUG   ] queue_event DirModifiedEvent(src_path='/Users/shubhamarundekatey/ClaudeCode/day28/StreamDeck-Premium/mobile/node_modules/compression/node_modules/debug', dest_path='', event_type='modified', is_directory=True, is_synthetic=False)
2026-08-31 22:18:53 [DEBUG   ] NativeEvent(path="/Users/shubhamarundekatey/ClaudeCode/day28/StreamDeck-Premium/mobile/node_modules/compression/node_modules/debug", inode=279701402, flags=20400, id=950483085): is_directory, is_inode_meta_mod
2026-08-31 22:18:53 [DEBUG   ] queue_event DirModifiedEvent(src_path='/Users/shubhamarundekatey/ClaudeCode/day28/StreamDeck-Premium/mobile/node_modules/compression/node_modules/debug', dest_path='', event_type='modified', is_directory=True, is_synthetic=False)
2026-08-31 22:18:53 [DEBUG   ] NativeEvent(path="/Users/shubhamarundekatey/ClaudeCode/day28/StreamDeck-Premium/mobile/node_modules/compression/node_modules/debug", inode=279701402, flags=20400, id=950483097): is_directory, is_inode_meta_mod
2026-08-31 22:18:53 [DEBUG   ] queue_event DirModifiedEvent(src_path='/Users/shubhamarundekatey/ClaudeCode/day28/StreamDeck-Premium/mobile/node_modules/compression/node_modules/debug', dest_path='', event_type='modified', is_directory=True, is_synthetic=False)
2026-08-31 22:18:53 [DEBUG   ] NativeEvent(path="/Users/shubhamarundekatey/ClaudeCode/day28/StreamDeck-Premium/mobile/node_modules/compression/node_modules/debug/src", inode=279701415, flags=20400, id=950483106): is_directory, is_inode_meta_mod
2026-08-31 22:18:53 [DEBUG   ] queue_event DirModifiedEvent(src_path='/Users/shubhamarundekatey/ClaudeCode/day28/StreamDeck-Premium/mobile/node_modules/compression/node_modules/debug/src', dest_path='', event_type='modified', is_directory=True, is_synthetic=False)
2026-08-31 22:18:53 [DEBUG   ] NativeEvent(path="/Users/shubhamarundekatey/ClaudeCode/day28/StreamDeck-Premium/mobile/node_modules/compression/node_modules/debug/src", inode=279701415, flags=20400, id=950483146): is_directory, is_inode_meta_mod
2026-08-31 22:18:53 [DEBUG   ] queue_event DirModifiedEvent(src_path='/Users/shubhamarundekatey/ClaudeCode/day28/StreamDeck-Premium/mobile/node_modules/compression/node_modules/debug/src', dest_path='', event_type='modified', is_directory=True, is_synthetic=False)
2026-08-31 22:18:53 [DEBUG   ] NativeEvent(path="/Users/shubhamarundekatey/ClaudeCode/day28/StreamDeck-Premium/mobile/node_modules/compression/node_modules/debug/src", inode=279701415, flags=20400, id=950483199): is_directory, is_inode_meta_mod
2026-08-31 22:18:53 [DEBUG   ] queue_event DirModifiedEvent(src_path='/Users/shubhamarundekatey/ClaudeCode/day28/StreamDeck-Premium/mobile/node_modules/compression/node_modules/debug/src', dest_path='', event_type='modified', is_directory=True, is_synthetic=False)
2026-08-31 22:18:53 [DEBUG   ] NativeEvent(path="/Users/shubhamarundekatey/ClaudeCode/day28/StreamDeck-Premium/mobile/node_modules/compression/node_modules/debug/src", inode=279701415, flags=20400, id=950483243): is_directory, is_inode_meta_mod
2026-08-31 22:18:53 [DEBUG   ] queue_event DirModifiedEvent(src_path='/Users/shubhamarundekatey/ClaudeCode/day28/StreamDeck-Premium/mobile/node_modules/compression/node_modules/debug/src', dest_path='', event_type='modified', is_directory=True, is_synthetic=False)
2026-08-31 22:18:53 [DEBUG   ] NativeEvent(path="/Users/shubhamarundekatey/ClaudeCode/day28/StreamDeck-Premium/mobile/node_modules/compression/node_modules/debug/src", inode=279701415, flags=20400, id=950483376): is_directory, is_inode_meta_mod
2026-08-31 22:18:53 [DEBUG   ] queue_event DirModifiedEvent(src_path='/Users/shubhamarundekatey/ClaudeCode/day28/StreamDeck-Premium/mobile/node_modules/compression/node_modules/debug/src', dest_path='', event_type='modified', is_directory=True, is_synthetic=False)
2026-08-31 22:18:53 [DEBUG   ] NativeEvent(path="/Users/shubhamarundekatey/ClaudeCode/day28/StreamDeck-Premium/mobile/node_modules/compression/node_modules/debug", inode=279701402, flags=20400, id=950483441): is_directory, is_inode_meta_mod
2026-08-31 22:18:53 [DEBUG   ] queue_event DirModifiedEvent(src_path='/Users/shubhamarundekatey/ClaudeCode/day28/StreamDeck-Premium/mobile/node_modules/compression/node_modules/debug', dest_path='', event_type='modified', is_directory=True, is_synthetic=False)
2026-08-31 22:18:53 [DEBUG   ] NativeEvent(path="/Users/shubhamarundekatey/ClaudeCode/day28/StreamDeck-Premium/mobile/node_modules/compression/node_modules/debug", inode=279701402, flags=20400, id=950483491): is_directory, is_inode_meta_mod
2026-08-31 22:18:54 [DEBUG   ] queue_event DirModifiedEvent(src_path='/Users/shubhamarundekatey/ClaudeCode/day28/StreamDeck-Premium/mobile/node_modules/compression/node_modules/debug', dest_path='', event_type='modified', is_directory=True, is_synthetic=False)
2026-08-31 22:18:54 [DEBUG   ] NativeEvent(path="/Users/shubhamarundekatey/ClaudeCode/day28/StreamDeck-Premium/mobile/node_modules/compression", inode=279701382, flags=20400, id=950483543): is_directory, is_inode_meta_mod
2026-08-31 22:18:54 [DEBUG   ] queue_event DirModifiedEvent(src_path='/Users/shubhamarundekatey/ClaudeCode/day28/StreamDeck-Premium/mobile/node_modules/compression', dest_path='', event_type='modified', is_directory=True, is_synthetic=False)
2026-08-31 22:18:54 [DEBUG   ] NativeEvent(path="/Users/shubhamarundekatey/ClaudeCode/day28/StreamDeck-Premium/mobile/node_modules/zod", inode=279680390, flags=20400, id=950483569): is_directory, is_inode_meta_mod
2026-08-31 22:18:54 [DEBUG   ] queue_event DirModifiedEvent(src_path='/Users/shubhamarundekatey/ClaudeCode/day28/StreamDeck-Premium/mobile/node_modules/zod', dest_path='', event_type='modified', is_directory=True, is_synthetic=False)
2026-08-31 22:18:54 [DEBUG   ] NativeEvent(path="/Users/shubhamarundekatey/ClaudeCode/day28/StreamDeck-Premium/mobile/node_modules/zod", inode=279680390, flags=20400, id=950483629): is_directory, is_inode_meta_mod
2026-08-31 22:18:54 [DEBUG   ] queue_event DirModifiedEvent(src_path='/Users/shubhamarundekatey/ClaudeCode/day28/StreamDeck-Premium/mobile/node_modules/zod', dest_path='', event_type='modified', is_directory=True, is_synthetic=False)
2026-08-31 22:18:54 [DEBUG   ] NativeEvent(path="/Users/shubhamarundekatey/ClaudeCode/day28/StreamDeck-Premium/mobile/node_modules/zod", inode=279680390, flags=20400, id=950483647): is_directory, is_inode_meta_mod
2026-08-31 22:18:54 [DEBUG   ] queue_event DirModifiedEvent(src_path='/Users/shubhamarundekatey/ClaudeCode/day28/StreamDeck-Premium/mobile/node_modules/zod', dest_path='', event_type='modified', is_directory=True, is_synthetic=False)
2026-08-31 22:18:54 [DEBUG   ] NativeEvent(path="/Users/shubhamarundekatey/ClaudeCode/day28/StreamDeck-Premium/mobile/node_modules/zod", inode=279680390, flags=20400, id=950483760): is_directory, is_inode_meta_mod
2026-08-31 22:18:54 [DEBUG   ] queue_event DirModifiedEvent(src_path='/Users/shubhamarundekatey/ClaudeCode/day28/StreamDeck-Premium/mobile/node_modules/zod', dest_path='', event_type='modified', is_directory=True, is_synthetic=False)
2026-08-31 22:18:54 [DEBUG   ] NativeEvent(path="/Users/shubhamarundekatey/ClaudeCode/day28/StreamDeck-Premium/mobile/node_modules/zod", inode=279680390, flags=20400, id=950483818): is_directory, is_inode_meta_mod
2026-08-31 22:18:54 [DEBUG   ] queue_event DirModifiedEvent(src_path='/Users/shubhamarundekatey/ClaudeCode/day28/StreamDeck-Premium/mobile/node_modules/zod', dest_path='', event_type='modified', is_directory=True, is_synthetic=False)
2026-08-31 22:18:54 [DEBUG   ] NativeEvent(path="/Users/shubhamarundekatey/ClaudeCode/day28/StreamDeck-Premium/mobile/node_modules/zod", inode=279680390, flags=20400, id=950483863): is_directory, is_inode_meta_mod
2026-08-31 22:18:54 [DEBUG   ] queue_event DirModifiedEvent(src_path='/Users/shubhamarundekatey/ClaudeCode/day28/StreamDeck-Premium/mobile/node_modules/zod', dest_path='', event_type='modified', is_directory=True, is_synthetic=False)
2026-08-31 22:18:54 [DEBUG   ] NativeEvent(path="/Users/shubhamarundekatey/ClaudeCode/day28/StreamDeck-Premium/mobile/node_modules/zod", inode=279680390, flags=20400, id=950483878): is_directory, is_inode_meta_mod
2026-08-31 22:18:54 [DEBUG   ] queue_event DirModifiedEvent(src_path='/Users/shubhamarundekatey/ClaudeCode/day28/StreamDeck-Premium/mobile/node_modules/zod', dest_path='', event_type='modified', is_directory=True, is_synthetic=False)
2026-08-31 22:18:55 [DEBUG   ] NativeEvent(path="/Users/shubhamarundekatey/ClaudeCode/day28/StreamDeck-Premium/mobile/node_modules/zod/src", inode=279680756, flags=20400, id=950484007): is_directory, is_inode_meta_mod
2026-08-31 22:18:55 [DEBUG   ] queue_event DirModifiedEvent(src_path='/Users/shubhamarundekatey/ClaudeCode/day28/StreamDeck-Premium/mobile/node_modules/zod/src', dest_path='', event_type='modified', is_directory=True, is_synthetic=False)
2026-08-31 22:18:55 [DEBUG   ] NativeEvent(path="/Users/shubhamarundekatey/ClaudeCode/day28/StreamDeck-Premium/mobile/node_modules/zod/src/v4-mini", inode=279680757, flags=20400, id=950484144): is_directory, is_inode_meta_mod
2026-08-31 22:18:55 [DEBUG   ] queue_event DirModifiedEvent(src_path='/Users/shubhamarundekatey/ClaudeCode/day28/StreamDeck-Premium/mobile/node_modules/zod/src/v4-mini', dest_path='', event_type='modified', is_directory=True, is_synthetic=False)
2026-08-31 22:18:55 [DEBUG   ] NativeEvent(path="/Users/shubhamarundekatey/ClaudeCode/day28/StreamDeck-Premium/mobile/node_modules/zod/src/v3", inode=279680924, flags=20400, id=950484226): is_directory, is_inode_meta_mod
2026-08-31 22:18:55 [DEBUG   ] queue_event DirModifiedEvent(src_path='/Users/shubhamarundekatey/ClaudeCode/day28/StreamDeck-Premium/mobile/node_modules/zod/src/v3', dest_path='', event_type='modified', is_directory=True, is_synthetic=False)
2026-08-31 22:18:55 [DEBUG   ] NativeEvent(path="/Users/shubhamarundekatey/ClaudeCode/day28/StreamDeck-Premium/mobile/node_modules/zod/src/v3", inode=279680924, flags=20400, id=950484282): is_directory, is_inode_meta_mod
2026-08-31 22:18:55 [DEBUG   ] queue_event DirModifiedEvent(src_path='/Users/shubhamarundekatey/ClaudeCode/day28/StreamDeck-Premium/mobile/node_modules/zod/src/v3', dest_path='', event_type='modified', is_directory=True, is_synthetic=False)
2026-08-31 22:18:55 [DEBUG   ] NativeEvent(path="/Users/shubhamarundekatey/ClaudeCode/day28/StreamDeck-Premium/mobile/node_modules/zod/src/v3/benchmarks", inode=279681001, flags=20400, id=950484376): is_directory, is_inode_meta_mod
2026-08-31 22:18:55 [DEBUG   ] queue_event DirModifiedEvent(src_path='/Users/shubhamarundekatey/ClaudeCode/day28/StreamDeck-Premium/mobile/node_modules/zod/src/v3/benchmarks', dest_path='', event_type='modified', is_directory=True, is_synthetic=False)
2026-08-31 22:18:55 [DEBUG   ] NativeEvent(path="/Users/shubhamarundekatey/ClaudeCode/day28/StreamDeck-Premium/mobile/node_modules/zod/src/v3/benchmarks", inode=279681001, flags=20400, id=950484416): is_directory, is_inode_meta_mod
2026-08-31 22:18:55 [DEBUG   ] queue_event DirModifiedEvent(src_path='/Users/shubhamarundekatey/ClaudeCode/day28/StreamDeck-Premium/mobile/node_modules/zod/src/v3/benchmarks', dest_path='', event_type='modified', is_directory=True, is_synthetic=False)
2026-08-31 22:18:55 [DEBUG   ] NativeEvent(path="/Users/shubhamarundekatey/ClaudeCode/day28/StreamDeck-Premium/mobile/node_modules/zod/src/v3/benchmarks", inode=279681001, flags=20400, id=950484484): is_directory, is_inode_meta_mod
2026-08-31 22:18:55 [DEBUG   ] queue_event DirModifiedEvent(src_path='/Users/shubhamarundekatey/ClaudeCode/day28/StreamDeck-Premium/mobile/node_modules/zod/src/v3/benchmarks', dest_path='', event_type='modified', is_directory=True, is_synthetic=False)
2026-08-31 22:18:56 [DEBUG   ] NativeEvent(path="/Users/shubhamarundekatey/ClaudeCode/day28/StreamDeck-Premium/mobile/node_modules/zod/src/v3/benchmarks", inode=279681001, flags=20400, id=950484511): is_directory, is_inode_meta_mod
2026-08-31 22:18:56 [DEBUG   ] queue_event DirModifiedEvent(src_path='/Users/shubhamarundekatey/ClaudeCode/day28/StreamDeck-Premium/mobile/node_modules/zod/src/v3/benchmarks', dest_path='', event_type='modified', is_directory=True, is_synthetic=False)
2026-08-31 22:18:56 [DEBUG   ] NativeEvent(path="/Users/shubhamarundekatey/ClaudeCode/day28/StreamDeck-Premium/mobile/node_modules/zod/src/v3/benchmarks", inode=279681001, flags=20400, id=950484635): is_directory, is_inode_meta_mod
2026-08-31 22:18:56 [DEBUG   ] queue_event DirModifiedEvent(src_path='/Users/shubhamarundekatey/ClaudeCode/day28/StreamDeck-Premium/mobile/node_modules/zod/src/v3/benchmarks', dest_path='', event_type='modified', is_directory=True, is_synthetic=False)
2026-08-31 22:18:56 [DEBUG   ] NativeEvent(path="/Users/shubhamarundekatey/ClaudeCode/day28/StreamDeck-Premium/mobile/node_modules/zod/src/v3/benchmarks", inode=279681001, flags=20400, id=950484688): is_directory, is_inode_meta_mod
2026-08-31 22:18:56 [DEBUG   ] queue_event DirModifiedEvent(src_path='/Users/shubhamarundekatey/ClaudeCode/day28/StreamDeck-Premium/mobile/node_modules/zod/src/v3/benchmarks', dest_path='', event_type='modified', is_directory=True, is_synthetic=False)
2026-08-31 22:18:56 [DEBUG   ] NativeEvent(path="/Users/shubhamarundekatey/ClaudeCode/day28/StreamDeck-Premium/mobile/node_modules/zod/src/v3/benchmarks", inode=279681001, flags=20400, id=950484697): is_directory, is_inode_meta_mod
2026-08-31 22:18:56 [DEBUG   ] queue_event DirModifiedEvent(src_path='/Users/shubhamarundekatey/ClaudeCode/day28/StreamDeck-Premium/mobile/node_modules/zod/src/v3/benchmarks', dest_path='', event_type='modified', is_directory=True, is_synthetic=False)
2026-08-31 22:18:56 [DEBUG   ] NativeEvent(path="/Users/shubhamarundekatey/ClaudeCode/day28/StreamDeck-Premium/mobile/node_modules/zod/src/v3/benchmarks", inode=279681001, flags=20400, id=950484748): is_directory, is_inode_meta_mod
2026-08-31 22:18:56 [DEBUG   ] queue_event DirModifiedEvent(src_path='/Users/shubhamarundekatey/ClaudeCode/day28/StreamDeck-Premium/mobile/node_modules/zod/src/v3/benchmarks', dest_path='', event_type='modified', is_directory=True, is_synthetic=False)
2026-08-31 22:18:56 [DEBUG   ] NativeEvent(path="/Users/shubhamarundekatey/ClaudeCode/day28/StreamDeck-Premium/mobile/node_modules/zod/src/v3/benchmarks", inode=279681001, flags=20400, id=950484787): is_directory, is_inode_meta_mod
2026-08-31 22:18:56 [DEBUG   ] queue_event DirModifiedEvent(src_path='/Users/shubhamarundekatey/ClaudeCode/day28/StreamDeck-Premium/mobile/node_modules/zod/src/v3/benchmarks', dest_path='', event_type='modified', is_directory=True, is_synthetic=False)
2026-08-31 22:18:56 [DEBUG   ] NativeEvent(path="/Users/shubhamarundekatey/ClaudeCode/day28/StreamDeck-Premium/mobile/node_modules/zod/src/v3", inode=279680924, flags=20400, id=950484820): is_directory, is_inode_meta_mod
2026-08-31 22:18:56 [DEBUG   ] queue_event DirModifiedEvent(src_path='/Users/shubhamarundekatey/ClaudeCode/day28/StreamDeck-Premium/mobile/node_modules/zod/src/v3', dest_path='', event_type='modified', is_directory=True, is_synthetic=False)
2026-08-31 22:18:56 [DEBUG   ] NativeEvent(path="/Users/shubhamarundekatey/ClaudeCode/day28/StreamDeck-Premium/mobile/node_modules/zod/src/v3/locales", inode=279680926, flags=20400, id=950484937): is_directory, is_inode_meta_mod
2026-08-31 22:18:56 [DEBUG   ] queue_event DirModifiedEvent(src_path='/Users/shubhamarundekatey/ClaudeCode/day28/StreamDeck-Premium/mobile/node_modules/zod/src/v3/locales', dest_path='', event_type='modified', is_directory=True, is_synthetic=False)
2026-08-31 22:18:57 [DEBUG   ] NativeEvent(path="/Users/shubhamarundekatey/ClaudeCode/day28/StreamDeck-Premium/mobile/node_modules/zod/src/v3", inode=279680924, flags=20400, id=950484974): is_directory, is_inode_meta_mod
2026-08-31 22:18:57 [DEBUG   ] queue_event DirModifiedEvent(src_path='/Users/shubhamarundekatey/ClaudeCode/day28/StreamDeck-Premium/mobile/node_modules/zod/src/v3', dest_path='', event_type='modified', is_directory=True, is_synthetic=False)
2026-08-31 22:18:57 [DEBUG   ] NativeEvent(path="/Users/shubhamarundekatey/ClaudeCode/day28/StreamDeck-Premium/mobile/node_modules/zod/src/v3/tests", inode=279680929, flags=20400, id=950485108): is_directory, is_inode_meta_mod
2026-08-31 22:18:57 [DEBUG   ] queue_event DirModifiedEvent(src_path='/Users/shubhamarundekatey/ClaudeCode/day28/StreamDeck-Premium/mobile/node_modules/zod/src/v3/tests', dest_path='', event_type='modified', is_directory=True, is_synthetic=False)
2026-08-31 22:18:57 [DEBUG   ] NativeEvent(path="/Users/shubhamarundekatey/ClaudeCode/day28/StreamDeck-Premium/mobile/node_modules/zod/src/v3/tests", inode=279680929, flags=20400, id=950485124): is_directory, is_inode_meta_mod
2026-08-31 22:18:57 [DEBUG   ] queue_event DirModifiedEvent(src_path='/Users/shubhamarundekatey/ClaudeCode/day28/StreamDeck-Premium/mobile/node_modules/zod/src/v3/tests', dest_path='', event_type='modified', is_directory=True, is_synthetic=False)
2026-08-31 22:18:57 [DEBUG   ] NativeEvent(path="/Users/shubhamarundekatey/ClaudeCode/day28/StreamDeck-Premium/mobile/node_modules/zod/src/v3/tests", inode=279680929, flags=20400, id=950485211): is_directory, is_inode_meta_mod
2026-08-31 22:18:57 [DEBUG   ] queue_event DirModifiedEvent(src_path='/Users/shubhamarundekatey/ClaudeCode/day28/StreamDeck-Premium/mobile/node_modules/zod/src/v3/tests', dest_path='', event_type='modified', is_directory=True, is_synthetic=False)
2026-08-31 22:18:57 [DEBUG   ] NativeEvent(path="/Users/shubhamarundekatey/ClaudeCode/day28/StreamDeck-Premium/mobile/node_modules/zod/src/v3/tests", inode=279680929, flags=20400, id=950485305): is_directory, is_inode_meta_mod
2026-08-31 22:18:57 [DEBUG   ] queue_event DirModifiedEvent(src_path='/Users/shubhamarundekatey/ClaudeCode/day28/StreamDeck-Premium/mobile/node_modules/zod/src/v3/tests', dest_path='', event_type='modified', is_directory=True, is_synthetic=False)
2026-08-31 22:18:57 [DEBUG   ] NativeEvent(path="/Users/shubhamarundekatey/ClaudeCode/day28/StreamDeck-Premium/mobile/node_modules/zod/src/v3/tests", inode=279680929, flags=20400, id=950485377): is_directory, is_inode_meta_mod
2026-08-31 22:18:57 [DEBUG   ] queue_event DirModifiedEvent(src_path='/Users/shubhamarundekatey/ClaudeCode/day28/StreamDeck-Premium/mobile/node_modules/zod/src/v3/tests', dest_path='', event_type='modified', is_directory=True, is_synthetic=False)
2026-08-31 22:18:57 [DEBUG   ] NativeEvent(path="/Users/shubhamarundekatey/ClaudeCode/day28/StreamDeck-Premium/mobile/node_modules/zod/src/v3/tests", inode=279680929, flags=20400, id=950485463): is_directory, is_inode_meta_mod
2026-08-31 22:18:57 [DEBUG   ] queue_event DirModifiedEvent(src_path='/Users/shubhamarundekatey/ClaudeCode/day28/StreamDeck-Premium/mobile/node_modules/zod/src/v3/tests', dest_path='', event_type='modified', is_directory=True, is_synthetic=False)
2026-08-31 22:18:57 [DEBUG   ] NativeEvent(path="/Users/shubhamarundekatey/ClaudeCode/day28/StreamDeck-Premium/mobile/node_modules/zod/src/v3/tests", inode=279680929, flags=20400, id=950485539): is_directory, is_inode_meta_mod
2026-08-31 22:18:57 [DEBUG   ] queue_event DirModifiedEvent(src_path='/Users/shubhamarundekatey/ClaudeCode/day28/StreamDeck-Premium/mobile/node_modules/zod/src/v3/tests', dest_path='', event_type='modified', is_directory=True, is_synthetic=False)
2026-08-31 22:18:58 [DEBUG   ] NativeEvent(path="/Users/shubhamarundekatey/ClaudeCode/day28/StreamDeck-Premium/mobile/node_modules/zod/src/v3/tests", inode=279680929, flags=20400, id=950485634): is_directory, is_inode_meta_mod
2026-08-31 22:18:58 [DEBUG   ] queue_event DirModifiedEvent(src_path='/Users/shubhamarundekatey/ClaudeCode/day28/StreamDeck-Premium/mobile/node_modules/zod/src/v3/tests', dest_path='', event_type='modified', is_directory=True, is_synthetic=False)
2026-08-31 22:18:58 [DEBUG   ] NativeEvent(path="/Users/shubhamarundekatey/ClaudeCode/day28/StreamDeck-Premium/mobile/node_modules/zod/src/v3/tests", inode=279680929, flags=20400, id=950485658): is_directory, is_inode_meta_mod
2026-08-31 22:18:58 [DEBUG   ] queue_event DirModifiedEvent(src_path='/Users/shubhamarundekatey/ClaudeCode/day28/StreamDeck-Premium/mobile/node_modules/zod/src/v3/tests', dest_path='', event_type='modified', is_directory=True, is_synthetic=False)
2026-08-31 22:18:58 [DEBUG   ] NativeEvent(path="/Users/shubhamarundekatey/ClaudeCode/day28/StreamDeck-Premium/mobile/node_modules/zod/src/v3/tests", inode=279680929, flags=20400, id=950485721): is_directory, is_inode_meta_mod
2026-08-31 22:18:58 [DEBUG   ] queue_event DirModifiedEvent(src_path='/Users/shubhamarundekatey/ClaudeCode/day28/StreamDeck-Premium/mobile/node_modules/zod/src/v3/tests', dest_path='', event_type='modified', is_directory=True, is_synthetic=False)
2026-08-31 22:18:58 [DEBUG   ] NativeEvent(path="/Users/shubhamarundekatey/ClaudeCode/day28/StreamDeck-Premium/mobile/node_modules/zod/src/v3/tests", inode=279680929, flags=20400, id=950485788): is_directory, is_inode_meta_mod
2026-08-31 22:18:58 [DEBUG   ] queue_event DirModifiedEvent(src_path='/Users/shubhamarundekatey/ClaudeCode/day28/StreamDeck-Premium/mobile/node_modules/zod/src/v3/tests', dest_path='', event_type='modified', is_directory=True, is_synthetic=False)
2026-08-31 22:18:58 [DEBUG   ] NativeEvent(path="/Users/shubhamarundekatey/ClaudeCode/day28/StreamDeck-Premium/mobile/node_modules/zod/src/v3/tests", inode=279680929, flags=20400, id=950485823): is_directory, is_inode_meta_mod
2026-08-31 22:18:58 [DEBUG   ] queue_event DirModifiedEvent(src_path='/Users/shubhamarundekatey/ClaudeCode/day28/StreamDeck-Premium/mobile/node_modules/zod/src/v3/tests', dest_path='', event_type='modified', is_directory=True, is_synthetic=False)
2026-08-31 22:18:58 [DEBUG   ] NativeEvent(path="/Users/shubhamarundekatey/ClaudeCode/day28/StreamDeck-Premium/mobile/node_modules/zod/src/v3/tests", inode=279680929, flags=20400, id=950485890): is_directory, is_inode_meta_mod
2026-08-31 22:18:58 [DEBUG   ] queue_event DirModifiedEvent(src_path='/Users/shubhamarundekatey/ClaudeCode/day28/StreamDeck-Premium/mobile/node_modules/zod/src/v3/tests', dest_path='', event_type='modified', is_directory=True, is_synthetic=False)
2026-08-31 22:18:58 [DEBUG   ] NativeEvent(path="/Users/shubhamarundekatey/ClaudeCode/day28/StreamDeck-Premium/mobile/node_modules/zod/src/v3/tests", inode=279680929, flags=20400, id=950485934): is_directory, is_inode_meta_mod
2026-08-31 22:18:58 [DEBUG   ] queue_event DirModifiedEvent(src_path='/Users/shubhamarundekatey/ClaudeCode/day28/StreamDeck-Premium/mobile/node_modules/zod/src/v3/tests', dest_path='', event_type='modified', is_directory=True, is_synthetic=False)
2026-08-31 22:18:58 [DEBUG   ] NativeEvent(path="/Users/shubhamarundekatey/ClaudeCode/day28/StreamDeck-Premium/mobile/node_modules/zod/src/v3/tests", inode=279680929, flags=20400, id=950486125): is_directory, is_inode_meta_mod
2026-08-31 22:18:58 [DEBUG   ] queue_event DirModifiedEvent(src_path='/Users/shubhamarundekatey/ClaudeCode/day28/StreamDeck-Premium/mobile/node_modules/zod/src/v3/tests', dest_path='', event_type='modified', is_directory=True, is_synthetic=False)
2026-08-31 22:18:58 [DEBUG   ] NativeEvent(path="/Users/shubhamarundekatey/ClaudeCode/day28/StreamDeck-Premium/mobile/node_modules/zod/src/v3/tests", inode=279680929, flags=20400, id=950486317): is_directory, is_inode_meta_mod
2026-08-31 22:18:58 [DEBUG   ] queue_event DirModifiedEvent(src_path='/Users/shubhamarundekatey/ClaudeCode/day28/StreamDeck-Premium/mobile/node_modules/zod/src/v3/tests', dest_path='', event_type='modified', is_directory=True, is_synthetic=False)
2026-08-31 22:18:59 [DEBUG   ] NativeEvent(path="/Users/shubhamarundekatey/ClaudeCode/day28/StreamDeck-Premium/mobile/node_modules/zod/src/v3/tests", inode=279680929, flags=20400, id=950486489): is_directory, is_inode_meta_mod
2026-08-31 22:18:59 [DEBUG   ] queue_event DirModifiedEvent(src_path='/Users/shubhamarundekatey/ClaudeCode/day28/StreamDeck-Premium/mobile/node_modules/zod/src/v3/tests', dest_path='', event_type='modified', is_directory=True, is_synthetic=False)
2026-08-31 22:18:59 [DEBUG   ] NativeEvent(path="/Users/shubhamarundekatey/ClaudeCode/day28/StreamDeck-Premium/mobile/node_modules/zod/src/v3/tests", inode=279680929, flags=20400, id=950486708): is_directory, is_inode_meta_mod
2026-08-31 22:18:59 [DEBUG   ] queue_event DirModifiedEvent(src_path='/Users/shubhamarundekatey/ClaudeCode/day28/StreamDeck-Premium/mobile/node_modules/zod/src/v3/tests', dest_path='', event_type='modified', is_directory=True, is_synthetic=False)
2026-08-31 22:18:59 [DEBUG   ] NativeEvent(path="/Users/shubhamarundekatey/ClaudeCode/day28/StreamDeck-Premium/mobile/node_modules/zod/src/v3/tests", inode=279680929, flags=20400, id=950486759): is_directory, is_inode_meta_mod
2026-08-31 22:18:59 [DEBUG   ] queue_event DirModifiedEvent(src_path='/Users/shubhamarundekatey/ClaudeCode/day28/StreamDeck-Premium/mobile/node_modules/zod/src/v3/tests', dest_path='', event_type='modified', is_directory=True, is_synthetic=False)
2026-08-31 22:18:59 [DEBUG   ] NativeEvent(path="/Users/shubhamarundekatey/ClaudeCode/day28/StreamDeck-Premium/mobile/node_modules/zod/src/v3/tests", inode=279680929, flags=20400, id=950486807): is_directory, is_inode_meta_mod
2026-08-31 22:18:59 [DEBUG   ] queue_event DirModifiedEvent(src_path='/Users/shubhamarundekatey/ClaudeCode/day28/StreamDeck-Premium/mobile/node_modules/zod/src/v3/tests', dest_path='', event_type='modified', is_directory=True, is_synthetic=False)
2026-08-31 22:18:59 [DEBUG   ] NativeEvent(path="/Users/shubhamarundekatey/ClaudeCode/day28/StreamDeck-Premium/mobile/node_modules/zod/src/v3/tests", inode=279680929, flags=20400, id=950486877): is_directory, is_inode_meta_mod
2026-08-31 22:18:59 [DEBUG   ] queue_event DirModifiedEvent(src_path='/Users/shubhamarundekatey/ClaudeCode/day28/StreamDeck-Premium/mobile/node_modules/zod/src/v3/tests', dest_path='', event_type='modified', is_directory=True, is_synthetic=False)
2026-08-31 22:18:59 [DEBUG   ] NativeEvent(path="/Users/shubhamarundekatey/ClaudeCode/day28/StreamDeck-Premium/mobile/node_modules/zod/src/v3/tests", inode=279680929, flags=20400, id=950486909): is_directory, is_inode_meta_mod
2026-08-31 22:18:59 [DEBUG   ] queue_event DirModifiedEvent(src_path='/Users/shubhamarundekatey/ClaudeCode/day28/StreamDeck-Premium/mobile/node_modules/zod/src/v3/tests', dest_path='', event_type='modified', is_directory=True, is_synthetic=False)
2026-08-31 22:18:59 [DEBUG   ] NativeEvent(path="/Users/shubhamarundekatey/ClaudeCode/day28/StreamDeck-Premium/mobile/node_modules/zod/src/v3/tests", inode=279680929, flags=20400, id=950486990): is_directory, is_inode_meta_mod
2026-08-31 22:18:59 [DEBUG   ] queue_event DirModifiedEvent(src_path='/Users/shubhamarundekatey/ClaudeCode/day28/StreamDeck-Premium/mobile/node_modules/zod/src/v3/tests', dest_path='', event_type='modified', is_directory=True, is_synthetic=False)
2026-08-31 22:18:59 [DEBUG   ] NativeEvent(path="/Users/shubhamarundekatey/ClaudeCode/day28/StreamDeck-Premium/mobile/node_modules/zod/src/v3/tests", inode=279680929, flags=20400, id=950487056): is_directory, is_inode_meta_mod
2026-08-31 22:18:59 [DEBUG   ] queue_event DirModifiedEvent(src_path='/Users/shubhamarundekatey/ClaudeCode/day28/StreamDeck-Premium/mobile/node_modules/zod/src/v3/tests', dest_path='', event_type='modified', is_directory=True, is_synthetic=False)
2026-08-31 22:19:00 [DEBUG   ] NativeEvent(path="/Users/shubhamarundekatey/ClaudeCode/day28/StreamDeck-Premium/mobile/node_modules/zod/src/v3/tests", inode=279680929, flags=20400, id=950487098): is_directory, is_inode_meta_mod
2026-08-31 22:19:00 [DEBUG   ] queue_event DirModifiedEvent(src_path='/Users/shubhamarundekatey/ClaudeCode/day28/StreamDeck-Premium/mobile/node_modules/zod/src/v3/tests', dest_path='', event_type='modified', is_directory=True, is_synthetic=False)
2026-08-31 22:19:00 [DEBUG   ] NativeEvent(path="/Users/shubhamarundekatey/ClaudeCode/day28/StreamDeck-Premium/mobile/node_modules/zod/src/v3/tests", inode=279680929, flags=20400, id=950487169): is_directory, is_inode_meta_mod
2026-08-31 22:19:00 [DEBUG   ] queue_event DirModifiedEvent(src_path='/Users/shubhamarundekatey/ClaudeCode/day28/StreamDeck-Premium/mobile/node_modules/zod/src/v3/tests', dest_path='', event_type='modified', is_directory=True, is_synthetic=False)
2026-08-31 22:19:00 [DEBUG   ] NativeEvent(path="/Users/shubhamarundekatey/ClaudeCode/day28/StreamDeck-Premium/mobile/node_modules/zod/src/v3/tests", inode=279680929, flags=20400, id=950487232): is_directory, is_inode_meta_mod
2026-08-31 22:19:00 [DEBUG   ] queue_event DirModifiedEvent(src_path='/Users/shubhamarundekatey/ClaudeCode/day28/StreamDeck-Premium/mobile/node_modules/zod/src/v3/tests', dest_path='', event_type='modified', is_directory=True, is_synthetic=False)
2026-08-31 22:19:00 [DEBUG   ] NativeEvent(path="/Users/shubhamarundekatey/ClaudeCode/day28/StreamDeck-Premium/mobile/node_modules/zod/src/v3/tests", inode=279680929, flags=20400, id=950487293): is_directory, is_inode_meta_mod
2026-08-31 22:19:00 [DEBUG   ] queue_event DirModifiedEvent(src_path='/Users/shubhamarundekatey/ClaudeCode/day28/StreamDeck-Premium/mobile/node_modules/zod/src/v3/tests', dest_path='', event_type='modified', is_directory=True, is_synthetic=False)
2026-08-31 22:19:00 [DEBUG   ] NativeEvent(path="/Users/shubhamarundekatey/ClaudeCode/day28/StreamDeck-Premium/mobile/node_modules/zod/src/v3/tests", inode=279680929, flags=20400, id=950487369): is_directory, is_inode_meta_mod
2026-08-31 22:19:00 [DEBUG   ] queue_event DirModifiedEvent(src_path='/Users/shubhamarundekatey/ClaudeCode/day28/StreamDeck-Premium/mobile/node_modules/zod/src/v3/tests', dest_path='', event_type='modified', is_directory=True, is_synthetic=False)
2026-08-31 22:19:00 [DEBUG   ] NativeEvent(path="/Users/shubhamarundekatey/ClaudeCode/day28/StreamDeck-Premium/mobile/node_modules/zod/src/v3/tests", inode=279680929, flags=20400, id=950487393): is_directory, is_inode_meta_mod
2026-08-31 22:19:00 [DEBUG   ] queue_event DirModifiedEvent(src_path='/Users/shubhamarundekatey/ClaudeCode/day28/StreamDeck-Premium/mobile/node_modules/zod/src/v3/tests', dest_path='', event_type='modified', is_directory=True, is_synthetic=False)
2026-08-31 22:19:00 [DEBUG   ] NativeEvent(path="/Users/shubhamarundekatey/ClaudeCode/day28/StreamDeck-Premium/mobile/node_modules/zod/src/v3/tests", inode=279680929, flags=20400, id=950487494): is_directory, is_inode_meta_mod
2026-08-31 22:19:00 [DEBUG   ] queue_event DirModifiedEvent(src_path='/Users/shubhamarundekatey/ClaudeCode/day28/StreamDeck-Premium/mobile/node_modules/zod/src/v3/tests', dest_path='', event_type='modified', is_directory=True, is_synthetic=False)
2026-08-31 22:19:00 [DEBUG   ] NativeEvent(path="/Users/shubhamarundekatey/ClaudeCode/day28/StreamDeck-Premium/mobile/node_modules/zod/src/v3/tests", inode=279680929, flags=20400, id=950487516): is_directory, is_inode_meta_mod
2026-08-31 22:19:00 [DEBUG   ] queue_event DirModifiedEvent(src_path='/Users/shubhamarundekatey/ClaudeCode/day28/StreamDeck-Premium/mobile/node_modules/zod/src/v3/tests', dest_path='', event_type='modified', is_directory=True, is_synthetic=False)
2026-08-31 22:19:01 [DEBUG   ] NativeEvent(path="/Users/shubhamarundekatey/ClaudeCode/day28/StreamDeck-Premium/mobile/node_modules/zod/src/v3/tests", inode=279680929, flags=20400, id=950487582): is_directory, is_inode_meta_mod
2026-08-31 22:19:01 [DEBUG   ] queue_event DirModifiedEvent(src_path='/Users/shubhamarundekatey/ClaudeCode/day28/StreamDeck-Premium/mobile/node_modules/zod/src/v3/tests', dest_path='', event_type='modified', is_directory=True, is_synthetic=False)
2026-08-31 22:19:01 [DEBUG   ] NativeEvent(path="/Users/shubhamarundekatey/ClaudeCode/day28/StreamDeck-Premium/mobile/node_modules/zod/src/v3/tests", inode=279680929, flags=20400, id=950487615): is_directory, is_inode_meta_mod
2026-08-31 22:19:01 [DEBUG   ] queue_event DirModifiedEvent(src_path='/Users/shubhamarundekatey/ClaudeCode/day28/StreamDeck-Premium/mobile/node_modules/zod/src/v3/tests', dest_path='', event_type='modified', is_directory=True, is_synthetic=False)
2026-08-31 22:19:01 [DEBUG   ] NativeEvent(path="/Users/shubhamarundekatey/ClaudeCode/day28/StreamDeck-Premium/mobile/node_modules/zod/src/v3/tests", inode=279680929, flags=20400, id=950487722): is_directory, is_inode_meta_mod
2026-08-31 22:19:01 [DEBUG   ] queue_event DirModifiedEvent(src_path='/Users/shubhamarundekatey/ClaudeCode/day28/StreamDeck-Premium/mobile/node_modules/zod/src/v3/tests', dest_path='', event_type='modified', is_directory=True, is_synthetic=False)
2026-08-31 22:19:01 [DEBUG   ] NativeEvent(path="/Users/shubhamarundekatey/ClaudeCode/day28/StreamDeck-Premium/mobile/node_modules/zod/src/v3/tests", inode=279680929, flags=20400, id=950487731): is_directory, is_inode_meta_mod
2026-08-31 22:19:01 [DEBUG   ] queue_event DirModifiedEvent(src_path='/Users/shubhamarundekatey/ClaudeCode/day28/StreamDeck-Premium/mobile/node_modules/zod/src/v3/tests', dest_path='', event_type='modified', is_directory=True, is_synthetic=False)
2026-08-31 22:19:01 [DEBUG   ] NativeEvent(path="/Users/shubhamarundekatey/ClaudeCode/day28/StreamDeck-Premium/mobile/node_modules/zod/src/v3/tests", inode=279680929, flags=20400, id=950487770): is_directory, is_inode_meta_mod
2026-08-31 22:19:01 [DEBUG   ] queue_event DirModifiedEvent(src_path='/Users/shubhamarundekatey/ClaudeCode/day28/StreamDeck-Premium/mobile/node_modules/zod/src/v3/tests', dest_path='', event_type='modified', is_directory=True, is_synthetic=False)
2026-08-31 22:19:01 [DEBUG   ] NativeEvent(path="/Users/shubhamarundekatey/ClaudeCode/day28/StreamDeck-Premium/mobile/node_modules/zod/src/v3/tests", inode=279680929, flags=20400, id=950487821): is_directory, is_inode_meta_mod
2026-08-31 22:19:01 [DEBUG   ] queue_event DirModifiedEvent(src_path='/Users/shubhamarundekatey/ClaudeCode/day28/StreamDeck-Premium/mobile/node_modules/zod/src/v3/tests', dest_path='', event_type='modified', is_directory=True, is_synthetic=False)
2026-08-31 22:19:01 [DEBUG   ] NativeEvent(path="/Users/shubhamarundekatey/ClaudeCode/day28/StreamDeck-Premium/mobile/node_modules/zod/src/v3/tests", inode=279680929, flags=20400, id=950487859): is_directory, is_inode_meta_mod
2026-08-31 22:19:01 [DEBUG   ] queue_event DirModifiedEvent(src_path='/Users/shubhamarundekatey/ClaudeCode/day28/StreamDeck-Premium/mobile/node_modules/zod/src/v3/tests', dest_path='', event_type='modified', is_directory=True, is_synthetic=False)
2026-08-31 22:19:01 [DEBUG   ] NativeEvent(path="/Users/shubhamarundekatey/ClaudeCode/day28/StreamDeck-Premium/mobile/node_modules/zod/src/v3/tests", inode=279680929, flags=20400, id=950487927): is_directory, is_inode_meta_mod
2026-08-31 22:19:01 [DEBUG   ] queue_event DirModifiedEvent(src_path='/Users/shubhamarundekatey/ClaudeCode/day28/StreamDeck-Premium/mobile/node_modules/zod/src/v3/tests', dest_path='', event_type='modified', is_directory=True, is_synthetic=False)
2026-08-31 22:19:02 [DEBUG   ] NativeEvent(path="/Users/shubhamarundekatey/ClaudeCode/day28/StreamDeck-Premium/mobile/node_modules/zod/src/v3/tests", inode=279680929, flags=20400, id=950487946): is_directory, is_inode_meta_mod
2026-08-31 22:19:02 [DEBUG   ] queue_event DirModifiedEvent(src_path='/Users/shubhamarundekatey/ClaudeCode/day28/StreamDeck-Premium/mobile/node_modules/zod/src/v3/tests', dest_path='', event_type='modified', is_directory=True, is_synthetic=False)
2026-08-31 22:19:02 [DEBUG   ] NativeEvent(path="/Users/shubhamarundekatey/ClaudeCode/day28/StreamDeck-Premium/mobile/node_modules/zod/src/v3/tests", inode=279680929, flags=20400, id=950487998): is_directory, is_inode_meta_mod
2026-08-31 22:19:02 [DEBUG   ] queue_event DirModifiedEvent(src_path='/Users/shubhamarundekatey/ClaudeCode/day28/StreamDeck-Premium/mobile/node_modules/zod/src/v3/tests', dest_path='', event_type='modified', is_directory=True, is_synthetic=False)
2026-08-31 22:19:02 [DEBUG   ] NativeEvent(path="/Users/shubhamarundekatey/ClaudeCode/day28/StreamDeck-Premium/mobile/node_modules/zod/src/v3/tests", inode=279680929, flags=20400, id=950488062): is_directory, is_inode_meta_mod
2026-08-31 22:19:02 [DEBUG   ] queue_event DirModifiedEvent(src_path='/Users/shubhamarundekatey/ClaudeCode/day28/StreamDeck-Premium/mobile/node_modules/zod/src/v3/tests', dest_path='', event_type='modified', is_directory=True, is_synthetic=False)
2026-08-31 22:19:02 [DEBUG   ] NativeEvent(path="/Users/shubhamarundekatey/ClaudeCode/day28/StreamDeck-Premium/mobile/node_modules/zod/src/v3/tests", inode=279680929, flags=20400, id=950488082): is_directory, is_inode_meta_mod
2026-08-31 22:19:02 [DEBUG   ] queue_event DirModifiedEvent(src_path='/Users/shubhamarundekatey/ClaudeCode/day28/StreamDeck-Premium/mobile/node_modules/zod/src/v3/tests', dest_path='', event_type='modified', is_directory=True, is_synthetic=False)
2026-08-31 22:19:02 [DEBUG   ] NativeEvent(path="/Users/shubhamarundekatey/ClaudeCode/day28/StreamDeck-Premium/mobile/node_modules/zod/src/v3/tests", inode=279680929, flags=20400, id=950488088): is_directory, is_inode_meta_mod
2026-08-31 22:19:02 [DEBUG   ] queue_event DirModifiedEvent(src_path='/Users/shubhamarundekatey/ClaudeCode/day28/StreamDeck-Premium/mobile/node_modules/zod/src/v3/tests', dest_path='', event_type='modified', is_directory=True, is_synthetic=False)
2026-08-31 22:19:02 [DEBUG   ] NativeEvent(path="/Users/shubhamarundekatey/ClaudeCode/day28/StreamDeck-Premium/mobile/node_modules/zod/src/v3/tests", inode=279680929, flags=20400, id=950488107): is_directory, is_inode_meta_mod
2026-08-31 22:19:02 [DEBUG   ] queue_event DirModifiedEvent(src_path='/Users/shubhamarundekatey/ClaudeCode/day28/StreamDeck-Premium/mobile/node_modules/zod/src/v3/tests', dest_path='', event_type='modified', is_directory=True, is_synthetic=False)
2026-08-31 22:19:02 [DEBUG   ] NativeEvent(path="/Users/shubhamarundekatey/ClaudeCode/day28/StreamDeck-Premium/mobile/node_modules/zod/src/v3/tests", inode=279680929, flags=20400, id=950488116): is_directory, is_inode_meta_mod
2026-08-31 22:19:02 [DEBUG   ] queue_event DirModifiedEvent(src_path='/Users/shubhamarundekatey/ClaudeCode/day28/StreamDeck-Premium/mobile/node_modules/zod/src/v3/tests', dest_path='', event_type='modified', is_directory=True, is_synthetic=False)
2026-08-31 22:19:02 [DEBUG   ] NativeEvent(path="/Users/shubhamarundekatey/ClaudeCode/day28/StreamDeck-Premium/mobile/node_modules/zod/src/v3/tests", inode=279680929, flags=20400, id=950488122): is_directory, is_inode_meta_mod
2026-08-31 22:19:02 [DEBUG   ] queue_event DirModifiedEvent(src_path='/Users/shubhamarundekatey/ClaudeCode/day28/StreamDeck-Premium/mobile/node_modules/zod/src/v3/tests', dest_path='', event_type='modified', is_directory=True, is_synthetic=False)
2026-08-31 22:19:02 [DEBUG   ] NativeEvent(path="/Users/shubhamarundekatey/ClaudeCode/day28/StreamDeck-Premium/mobile/node_modules/zod/src/v3/tests", inode=279680929, flags=20400, id=950488131): is_directory, is_inode_meta_mod
2026-08-31 22:19:02 [DEBUG   ] queue_event DirModifiedEvent(src_path='/Users/shubhamarundekatey/ClaudeCode/day28/StreamDeck-Premium/mobile/node_modules/zod/src/v3/tests', dest_path='', event_type='modified', is_directory=True, is_synthetic=False)
2026-08-31 22:19:02 [DEBUG   ] NativeEvent(path="/Users/shubhamarundekatey/ClaudeCode/day28/StreamDeck-Premium/mobile/node_modules/zod/src/v3/tests", inode=279680929, flags=20400, id=950488148): is_directory, is_inode_meta_mod
2026-08-31 22:19:02 [DEBUG   ] queue_event DirModifiedEvent(src_path='/Users/shubhamarundekatey/ClaudeCode/day28/StreamDeck-Premium/mobile/node_modules/zod/src/v3/tests', dest_path='', event_type='modified', is_directory=True, is_synthetic=False)
2026-08-31 22:19:03 [DEBUG   ] NativeEvent(path="/Users/shubhamarundekatey/ClaudeCode/day28/StreamDeck-Premium/mobile/node_modules/zod/src/v3/tests", inode=279680929, flags=20400, id=950488157): is_directory, is_inode_meta_mod
2026-08-31 22:19:03 [DEBUG   ] queue_event DirModifiedEvent(src_path='/Users/shubhamarundekatey/ClaudeCode/day28/StreamDeck-Premium/mobile/node_modules/zod/src/v3/tests', dest_path='', event_type='modified', is_directory=True, is_synthetic=False)
2026-08-31 22:19:03 [DEBUG   ] NativeEvent(path="/Users/shubhamarundekatey/ClaudeCode/day28/StreamDeck-Premium/mobile/node_modules/zod/src/v3/tests", inode=279680929, flags=20400, id=950488180): is_directory, is_inode_meta_mod
2026-08-31 22:19:03 [DEBUG   ] queue_event DirModifiedEvent(src_path='/Users/shubhamarundekatey/ClaudeCode/day28/StreamDeck-Premium/mobile/node_modules/zod/src/v3/tests', dest_path='', event_type='modified', is_directory=True, is_synthetic=False)
2026-08-31 22:19:03 [DEBUG   ] NativeEvent(path="/Users/shubhamarundekatey/ClaudeCode/day28/StreamDeck-Premium/mobile/node_modules/zod/src/v3/tests", inode=279680929, flags=20400, id=950488186): is_directory, is_inode_meta_mod
2026-08-31 22:19:03 [DEBUG   ] queue_event DirModifiedEvent(src_path='/Users/shubhamarundekatey/ClaudeCode/day28/StreamDeck-Premium/mobile/node_modules/zod/src/v3/tests', dest_path='', event_type='modified', is_directory=True, is_synthetic=False)
2026-08-31 22:19:03 [DEBUG   ] NativeEvent(path="/Users/shubhamarundekatey/ClaudeCode/day28/StreamDeck-Premium/mobile/node_modules/zod/src/v3/tests", inode=279680929, flags=20400, id=950488192): is_directory, is_inode_meta_mod
2026-08-31 22:19:03 [DEBUG   ] queue_event DirModifiedEvent(src_path='/Users/shubhamarundekatey/ClaudeCode/day28/StreamDeck-Premium/mobile/node_modules/zod/src/v3/tests', dest_path='', event_type='modified', is_directory=True, is_synthetic=False)
2026-08-31 22:19:03 [DEBUG   ] NativeEvent(path="/Users/shubhamarundekatey/ClaudeCode/day28/StreamDeck-Premium/mobile/node_modules/zod/src/v3/tests", inode=279680929, flags=20400, id=950488220): is_directory, is_inode_meta_mod
2026-08-31 22:19:03 [DEBUG   ] queue_event DirModifiedEvent(src_path='/Users/shubhamarundekatey/ClaudeCode/day28/StreamDeck-Premium/mobile/node_modules/zod/src/v3/tests', dest_path='', event_type='modified', is_directory=True, is_synthetic=False)
2026-08-31 22:19:03 [DEBUG   ] NativeEvent(path="/Users/shubhamarundekatey/ClaudeCode/day28/StreamDeck-Premium/mobile/node_modules/zod/src/v3/tests", inode=279680929, flags=20400, id=950488229): is_directory, is_inode_meta_mod
2026-08-31 22:19:03 [DEBUG   ] queue_event DirModifiedEvent(src_path='/Users/shubhamarundekatey/ClaudeCode/day28/StreamDeck-Premium/mobile/node_modules/zod/src/v3/tests', dest_path='', event_type='modified', is_directory=True, is_synthetic=False)
2026-08-31 22:19:03 [DEBUG   ] NativeEvent(path="/Users/shubhamarundekatey/ClaudeCode/day28/StreamDeck-Premium/mobile/node_modules/zod/src/v3/tests", inode=279680929, flags=20400, id=950488245): is_directory, is_inode_meta_mod
2026-08-31 22:19:03 [DEBUG   ] queue_event DirModifiedEvent(src_path='/Users/shubhamarundekatey/ClaudeCode/day28/StreamDeck-Premium/mobile/node_modules/zod/src/v3/tests', dest_path='', event_type='modified', is_directory=True, is_synthetic=False)
2026-08-31 22:19:03 [DEBUG   ] NativeEvent(path="/Users/shubhamarundekatey/ClaudeCode/day28/StreamDeck-Premium/mobile/node_modules/zod/src/v3/tests", inode=279680929, flags=20400, id=950488266): is_directory, is_inode_meta_mod
2026-08-31 22:19:03 [DEBUG   ] queue_event DirModifiedEvent(src_path='/Users/shubhamarundekatey/ClaudeCode/day28/StreamDeck-Premium/mobile/node_modules/zod/src/v3/tests', dest_path='', event_type='modified', is_directory=True, is_synthetic=False)
2026-08-31 22:19:03 [DEBUG   ] NativeEvent(path="/Users/shubhamarundekatey/ClaudeCode/day28/StreamDeck-Premium/mobile/node_modules/zod/src/v3/tests", inode=279680929, flags=20400, id=950488272): is_directory, is_inode_meta_mod
2026-08-31 22:19:03 [DEBUG   ] queue_event DirModifiedEvent(src_path='/Users/shubhamarundekatey/ClaudeCode/day28/StreamDeck-Premium/mobile/node_modules/zod/src/v3/tests', dest_path='', event_type='modified', is_directory=True, is_synthetic=False)
2026-08-31 22:19:03 [DEBUG   ] NativeEvent(path="/Users/shubhamarundekatey/ClaudeCode/day28/StreamDeck-Premium/mobile/node_modules/zod/src/v3/tests", inode=279680929, flags=20400, id=950488289): is_directory, is_inode_meta_mod
2026-08-31 22:19:03 [DEBUG   ] queue_event DirModifiedEvent(src_path='/Users/shubhamarundekatey/ClaudeCode/day28/StreamDeck-Premium/mobile/node_modules/zod/src/v3/tests', dest_path='', event_type='modified', is_directory=True, is_synthetic=False)
2026-08-31 22:19:04 [DEBUG   ] NativeEvent(path="/Users/shubhamarundekatey/ClaudeCode/day28/StreamDeck-Premium/mobile/node_modules/zod/src/v3/tests", inode=279680929, flags=20400, id=950488333): is_directory, is_inode_meta_mod
2026-08-31 22:19:04 [DEBUG   ] queue_event DirModifiedEvent(src_path='/Users/shubhamarundekatey/ClaudeCode/day28/StreamDeck-Premium/mobile/node_modules/zod/src/v3/tests', dest_path='', event_type='modified', is_directory=True, is_synthetic=False)
2026-08-31 22:19:04 [DEBUG   ] NativeEvent(path="/Users/shubhamarundekatey/ClaudeCode/day28/StreamDeck-Premium/mobile/node_modules/zod/src/v3/helpers", inode=279681013, flags=20400, id=950488402): is_directory, is_inode_meta_mod
2026-08-31 22:19:04 [DEBUG   ] queue_event DirModifiedEvent(src_path='/Users/shubhamarundekatey/ClaudeCode/day28/StreamDeck-Premium/mobile/node_modules/zod/src/v3/helpers', dest_path='', event_type='modified', is_directory=True, is_synthetic=False)
2026-08-31 22:19:04 [DEBUG   ] NativeEvent(path="/Users/shubhamarundekatey/ClaudeCode/day28/StreamDeck-Premium/mobile/node_modules/zod/src/v3/helpers", inode=279681013, flags=20400, id=950488433): is_directory, is_inode_meta_mod
2026-08-31 22:19:04 [DEBUG   ] queue_event DirModifiedEvent(src_path='/Users/shubhamarundekatey/ClaudeCode/day28/StreamDeck-Premium/mobile/node_modules/zod/src/v3/helpers', dest_path='', event_type='modified', is_directory=True, is_synthetic=False)
2026-08-31 22:19:04 [DEBUG   ] NativeEvent(path="/Users/shubhamarundekatey/ClaudeCode/day28/StreamDeck-Premium/mobile/node_modules/zod/src/v3/helpers", inode=279681013, flags=20400, id=950488439): is_directory, is_inode_meta_mod
2026-08-31 22:19:04 [DEBUG   ] queue_event DirModifiedEvent(src_path='/Users/shubhamarundekatey/ClaudeCode/day28/StreamDeck-Premium/mobile/node_modules/zod/src/v3/helpers', dest_path='', event_type='modified', is_directory=True, is_synthetic=False)
2026-08-31 22:19:04 [DEBUG   ] NativeEvent(path="/Users/shubhamarundekatey/ClaudeCode/day28/StreamDeck-Premium/mobile/node_modules/zod/src/v3/helpers", inode=279681013, flags=20400, id=950488474): is_directory, is_inode_meta_mod
2026-08-31 22:19:04 [DEBUG   ] queue_event DirModifiedEvent(src_path='/Users/shubhamarundekatey/ClaudeCode/day28/StreamDeck-Premium/mobile/node_modules/zod/src/v3/helpers', dest_path='', event_type='modified', is_directory=True, is_synthetic=False)
2026-08-31 22:19:04 [DEBUG   ] NativeEvent(path="/Users/shubhamarundekatey/ClaudeCode/day28/StreamDeck-Premium/mobile/node_modules/zod/src/v3/helpers", inode=279681013, flags=20400, id=950488511): is_directory, is_inode_meta_mod
2026-08-31 22:19:04 [DEBUG   ] queue_event DirModifiedEvent(src_path='/Users/shubhamarundekatey/ClaudeCode/day28/StreamDeck-Premium/mobile/node_modules/zod/src/v3/helpers', dest_path='', event_type='modified', is_directory=True, is_synthetic=False)
2026-08-31 22:19:04 [DEBUG   ] NativeEvent(path="/Users/shubhamarundekatey/ClaudeCode/day28/StreamDeck-Premium/mobile/node_modules/zod/src/v3/helpers", inode=279681013, flags=20400, id=950488573): is_directory, is_inode_meta_mod
2026-08-31 22:19:04 [DEBUG   ] queue_event DirModifiedEvent(src_path='/Users/shubhamarundekatey/ClaudeCode/day28/StreamDeck-Premium/mobile/node_modules/zod/src/v3/helpers', dest_path='', event_type='modified', is_directory=True, is_synthetic=False)
2026-08-31 22:19:04 [DEBUG   ] NativeEvent(path="/Users/shubhamarundekatey/ClaudeCode/day28/StreamDeck-Premium/mobile/node_modules/zod/src/v3", inode=279680924, flags=20400, id=950488579): is_directory, is_inode_meta_mod
2026-08-31 22:19:04 [DEBUG   ] queue_event DirModifiedEvent(src_path='/Users/shubhamarundekatey/ClaudeCode/day28/StreamDeck-Premium/mobile/node_modules/zod/src/v3', dest_path='', event_type='modified', is_directory=True, is_synthetic=False)
2026-08-31 22:19:04 [DEBUG   ] NativeEvent(path="/Users/shubhamarundekatey/ClaudeCode/day28/StreamDeck-Premium/mobile/node_modules/zod/src/v3", inode=279680924, flags=20400, id=950488591): is_directory, is_inode_meta_mod
2026-08-31 22:19:04 [DEBUG   ] queue_event DirModifiedEvent(src_path='/Users/shubhamarundekatey/ClaudeCode/day28/StreamDeck-Premium/mobile/node_modules/zod/src/v3', dest_path='', event_type='modified', is_directory=True, is_synthetic=False)
2026-08-31 22:19:05 [DEBUG   ] NativeEvent(path="/Users/shubhamarundekatey/ClaudeCode/day28/StreamDeck-Premium/mobile/node_modules/zod/src/v4", inode=279680759, flags=20400, id=950488617): is_directory, is_inode_meta_mod
2026-08-31 22:19:05 [DEBUG   ] queue_event DirModifiedEvent(src_path='/Users/shubhamarundekatey/ClaudeCode/day28/StreamDeck-Premium/mobile/node_modules/zod/src/v4', dest_path='', event_type='modified', is_directory=True, is_synthetic=False)
2026-08-31 22:19:05 [DEBUG   ] NativeEvent(path="/Users/shubhamarundekatey/ClaudeCode/day28/StreamDeck-Premium/mobile/node_modules/zod/src/v4/core", inode=279680801, flags=20400, id=950488818): is_directory, is_inode_meta_mod
2026-08-31 22:19:05 [DEBUG   ] queue_event DirModifiedEvent(src_path='/Users/shubhamarundekatey/ClaudeCode/day28/StreamDeck-Premium/mobile/node_modules/zod/src/v4/core', dest_path='', event_type='modified', is_directory=True, is_synthetic=False)
2026-08-31 22:19:05 [DEBUG   ] NativeEvent(path="/Users/shubhamarundekatey/ClaudeCode/day28/StreamDeck-Premium/mobile/node_modules/zod/src/v4/core", inode=279680801, flags=20400, id=950488942): is_directory, is_inode_meta_mod
2026-08-31 22:19:05 [DEBUG   ] queue_event DirModifiedEvent(src_path='/Users/shubhamarundekatey/ClaudeCode/day28/StreamDeck-Premium/mobile/node_modules/zod/src/v4/core', dest_path='', event_type='modified', is_directory=True, is_synthetic=False)
2026-08-31 22:19:05 [DEBUG   ] NativeEvent(path="/Users/shubhamarundekatey/ClaudeCode/day28/StreamDeck-Premium/mobile/node_modules/zod/src/v4/core", inode=279680801, flags=20400, id=950488948): is_directory, is_inode_meta_mod
2026-08-31 22:19:05 [DEBUG   ] queue_event DirModifiedEvent(src_path='/Users/shubhamarundekatey/ClaudeCode/day28/StreamDeck-Premium/mobile/node_modules/zod/src/v4/core', dest_path='', event_type='modified', is_directory=True, is_synthetic=False)
2026-08-31 22:19:05 [DEBUG   ] NativeEvent(path="/Users/shubhamarundekatey/ClaudeCode/day28/StreamDeck-Premium/mobile/node_modules/zod/src/v4/core", inode=279680801, flags=20400, id=950488979): is_directory, is_inode_meta_mod
2026-08-31 22:19:05 [DEBUG   ] queue_event DirModifiedEvent(src_path='/Users/shubhamarundekatey/ClaudeCode/day28/StreamDeck-Premium/mobile/node_modules/zod/src/v4/core', dest_path='', event_type='modified', is_directory=True, is_synthetic=False)
2026-08-31 22:19:05 [DEBUG   ] NativeEvent(path="/Users/shubhamarundekatey/ClaudeCode/day28/StreamDeck-Premium/mobile/node_modules/zod/src/v4/core", inode=279680801, flags=20400, id=950488985): is_directory, is_inode_meta_mod
2026-08-31 22:19:05 [DEBUG   ] queue_event DirModifiedEvent(src_path='/Users/shubhamarundekatey/ClaudeCode/day28/StreamDeck-Premium/mobile/node_modules/zod/src/v4/core', dest_path='', event_type='modified', is_directory=True, is_synthetic=False)
2026-08-31 22:19:05 [DEBUG   ] NativeEvent(path="/Users/shubhamarundekatey/ClaudeCode/day28/StreamDeck-Premium/mobile/node_modules/zod/src/v4/core", inode=279680801, flags=20400, id=950489009): is_directory, is_inode_meta_mod
2026-08-31 22:19:05 [DEBUG   ] queue_event DirModifiedEvent(src_path='/Users/shubhamarundekatey/ClaudeCode/day28/StreamDeck-Premium/mobile/node_modules/zod/src/v4/core', dest_path='', event_type='modified', is_directory=True, is_synthetic=False)
2026-08-31 22:19:05 [DEBUG   ] NativeEvent(path="/Users/shubhamarundekatey/ClaudeCode/day28/StreamDeck-Premium/mobile/node_modules/zod/src/v4/core", inode=279680801, flags=20400, id=950489038): is_directory, is_inode_meta_mod
2026-08-31 22:19:05 [DEBUG   ] queue_event DirModifiedEvent(src_path='/Users/shubhamarundekatey/ClaudeCode/day28/StreamDeck-Premium/mobile/node_modules/zod/src/v4/core', dest_path='', event_type='modified', is_directory=True, is_synthetic=False)
2026-08-31 22:19:06 [DEBUG   ] NativeEvent(path="/Users/shubhamarundekatey/ClaudeCode/day28/StreamDeck-Premium/mobile/node_modules/zod/src/v4/core", inode=279680801, flags=20400, id=950489047): is_directory, is_inode_meta_mod
2026-08-31 22:19:06 [DEBUG   ] queue_event DirModifiedEvent(src_path='/Users/shubhamarundekatey/ClaudeCode/day28/StreamDeck-Premium/mobile/node_modules/zod/src/v4/core', dest_path='', event_type='modified', is_directory=True, is_synthetic=False)
2026-08-31 22:19:06 [DEBUG   ] NativeEvent(path="/Users/shubhamarundekatey/ClaudeCode/day28/StreamDeck-Premium/mobile/node_modules/zod/src/v4/core", inode=279680801, flags=20400, id=950489056): is_directory, is_inode_meta_mod
2026-08-31 22:19:06 [DEBUG   ] queue_event DirModifiedEvent(src_path='/Users/shubhamarundekatey/ClaudeCode/day28/StreamDeck-Premium/mobile/node_modules/zod/src/v4/core', dest_path='', event_type='modified', is_directory=True, is_synthetic=False)
2026-08-31 22:19:06 [DEBUG   ] NativeEvent(path="/Users/shubhamarundekatey/ClaudeCode/day28/StreamDeck-Premium/mobile/node_modules/zod/src/v4/core", inode=279680801, flags=20400, id=950489062): is_directory, is_inode_meta_mod
2026-08-31 22:19:06 [DEBUG   ] queue_event DirModifiedEvent(src_path='/Users/shubhamarundekatey/ClaudeCode/day28/StreamDeck-Premium/mobile/node_modules/zod/src/v4/core', dest_path='', event_type='modified', is_directory=True, is_synthetic=False)
2026-08-31 22:19:06 [DEBUG   ] NativeEvent(path="/Users/shubhamarundekatey/ClaudeCode/day28/StreamDeck-Premium/mobile/node_modules/zod/src/v4/core", inode=279680801, flags=20400, id=950489160): is_directory, is_inode_meta_mod
2026-08-31 22:19:06 [DEBUG   ] queue_event DirModifiedEvent(src_path='/Users/shubhamarundekatey/ClaudeCode/day28/StreamDeck-Premium/mobile/node_modules/zod/src/v4/core', dest_path='', event_type='modified', is_directory=True, is_synthetic=False)
2026-08-31 22:19:06 [DEBUG   ] NativeEvent(path="/Users/shubhamarundekatey/ClaudeCode/day28/StreamDeck-Premium/mobile/node_modules/zod/src/v4/core", inode=279680801, flags=20400, id=950489181): is_directory, is_inode_meta_mod
2026-08-31 22:19:06 [DEBUG   ] queue_event DirModifiedEvent(src_path='/Users/shubhamarundekatey/ClaudeCode/day28/StreamDeck-Premium/mobile/node_modules/zod/src/v4/core', dest_path='', event_type='modified', is_directory=True, is_synthetic=False)
2026-08-31 22:19:06 [DEBUG   ] NativeEvent(path="/Users/shubhamarundekatey/ClaudeCode/day28/StreamDeck-Premium/mobile/node_modules/zod/src/v4/core", inode=279680801, flags=20400, id=950489227): is_directory, is_inode_meta_mod
2026-08-31 22:19:06 [DEBUG   ] queue_event DirModifiedEvent(src_path='/Users/shubhamarundekatey/ClaudeCode/day28/StreamDeck-Premium/mobile/node_modules/zod/src/v4/core', dest_path='', event_type='modified', is_directory=True, is_synthetic=False)
2026-08-31 22:19:06 [DEBUG   ] NativeEvent(path="/Users/shubhamarundekatey/ClaudeCode/day28/StreamDeck-Premium/mobile/node_modules/zod/src/v4/core", inode=279680801, flags=20400, id=950489233): is_directory, is_inode_meta_mod
2026-08-31 22:19:06 [DEBUG   ] queue_event DirModifiedEvent(src_path='/Users/shubhamarundekatey/ClaudeCode/day28/StreamDeck-Premium/mobile/node_modules/zod/src/v4/core', dest_path='', event_type='modified', is_directory=True, is_synthetic=False)
2026-08-31 22:19:06 [DEBUG   ] NativeEvent(path="/Users/shubhamarundekatey/ClaudeCode/day28/StreamDeck-Premium/mobile/node_modules/zod/src/v4/core", inode=279680801, flags=20400, id=950489276): is_directory, is_inode_meta_mod
2026-08-31 22:19:06 [DEBUG   ] queue_event DirModifiedEvent(src_path='/Users/shubhamarundekatey/ClaudeCode/day28/StreamDeck-Premium/mobile/node_modules/zod/src/v4/core', dest_path='', event_type='modified', is_directory=True, is_synthetic=False)
2026-08-31 22:19:06 [DEBUG   ] NativeEvent(path="/Users/shubhamarundekatey/ClaudeCode/day28/StreamDeck-Premium/mobile/node_modules/zod/src/v4/core", inode=279680801, flags=20400, id=950489282): is_directory, is_inode_meta_mod
2026-08-31 22:19:06 [DEBUG   ] queue_event DirModifiedEvent(src_path='/Users/shubhamarundekatey/ClaudeCode/day28/StreamDeck-Premium/mobile/node_modules/zod/src/v4/core', dest_path='', event_type='modified', is_directory=True, is_synthetic=False)
2026-08-31 22:19:06 [DEBUG   ] NativeEvent(path="/Users/shubhamarundekatey/ClaudeCode/day28/StreamDeck-Premium/mobile/node_modules/zod/src/v4/core/tests", inode=279680810, flags=20400, id=950489312): is_directory, is_inode_meta_mod
2026-08-31 22:19:06 [DEBUG   ] queue_event DirModifiedEvent(src_path='/Users/shubhamarundekatey/ClaudeCode/day28/StreamDeck-Premium/mobile/node_modules/zod/src/v4/core/tests', dest_path='', event_type='modified', is_directory=True, is_synthetic=False)
2026-08-31 22:19:07 [DEBUG   ] NativeEvent(path="/Users/shubhamarundekatey/ClaudeCode/day28/StreamDeck-Premium/mobile/node_modules/zod/src/v4/core/tests/locales", inode=279680811, flags=20400, id=950489329): is_directory, is_inode_meta_mod
2026-08-31 22:19:07 [DEBUG   ] queue_event DirModifiedEvent(src_path='/Users/shubhamarundekatey/ClaudeCode/day28/StreamDeck-Premium/mobile/node_modules/zod/src/v4/core/tests/locales', dest_path='', event_type='modified', is_directory=True, is_synthetic=False)
2026-08-31 22:19:07 [DEBUG   ] NativeEvent(path="/Users/shubhamarundekatey/ClaudeCode/day28/StreamDeck-Premium/mobile/node_modules/zod/src/v4/core/tests/locales", inode=279680811, flags=20400, id=950489346): is_directory, is_inode_meta_mod
2026-08-31 22:19:07 [DEBUG   ] queue_event DirModifiedEvent(src_path='/Users/shubhamarundekatey/ClaudeCode/day28/StreamDeck-Premium/mobile/node_modules/zod/src/v4/core/tests/locales', dest_path='', event_type='modified', is_directory=True, is_synthetic=False)
2026-08-31 22:19:07 [DEBUG   ] NativeEvent(path="/Users/shubhamarundekatey/ClaudeCode/day28/StreamDeck-Premium/mobile/node_modules/zod/src/v4/core/tests/locales", inode=279680811, flags=20400, id=950489363): is_directory, is_inode_meta_mod
2026-08-31 22:19:07 [DEBUG   ] queue_event DirModifiedEvent(src_path='/Users/shubhamarundekatey/ClaudeCode/day28/StreamDeck-Premium/mobile/node_modules/zod/src/v4/core/tests/locales', dest_path='', event_type='modified', is_directory=True, is_synthetic=False)
2026-08-31 22:19:07 [DEBUG   ] NativeEvent(path="/Users/shubhamarundekatey/ClaudeCode/day28/StreamDeck-Premium/mobile/node_modules/zod/src/v4/core/tests/locales", inode=279680811, flags=20400, id=950489372): is_directory, is_inode_meta_mod
2026-08-31 22:19:07 [DEBUG   ] queue_event DirModifiedEvent(src_path='/Users/shubhamarundekatey/ClaudeCode/day28/StreamDeck-Premium/mobile/node_modules/zod/src/v4/core/tests/locales', dest_path='', event_type='modified', is_directory=True, is_synthetic=False)
2026-08-31 22:19:07 [DEBUG   ] NativeEvent(path="/Users/shubhamarundekatey/ClaudeCode/day28/StreamDeck-Premium/mobile/node_modules/zod/src/v4/core", inode=279680801, flags=20400, id=950489396): is_directory, is_inode_meta_mod
2026-08-31 22:19:07 [DEBUG   ] queue_event DirModifiedEvent(src_path='/Users/shubhamarundekatey/ClaudeCode/day28/StreamDeck-Premium/mobile/node_modules/zod/src/v4/core', dest_path='', event_type='modified', is_directory=True, is_synthetic=False)
2026-08-31 22:19:07 [DEBUG   ] NativeEvent(path="/Users/shubhamarundekatey/ClaudeCode/day28/StreamDeck-Premium/mobile/node_modules/zod/src/v4/core", inode=279680801, flags=20400, id=950489402): is_directory, is_inode_meta_mod
2026-08-31 22:19:07 [DEBUG   ] queue_event DirModifiedEvent(src_path='/Users/shubhamarundekatey/ClaudeCode/day28/StreamDeck-Premium/mobile/node_modules/zod/src/v4/core', dest_path='', event_type='modified', is_directory=True, is_synthetic=False)
2026-08-31 22:19:07 [DEBUG   ] NativeEvent(path="/Users/shubhamarundekatey/ClaudeCode/day28/StreamDeck-Premium/mobile/node_modules/zod/src/v4/classic", inode=279680848, flags=20400, id=950489419): is_directory, is_inode_meta_mod
2026-08-31 22:19:07 [DEBUG   ] queue_event DirModifiedEvent(src_path='/Users/shubhamarundekatey/ClaudeCode/day28/StreamDeck-Premium/mobile/node_modules/zod/src/v4/classic', dest_path='', event_type='modified', is_directory=True, is_synthetic=False)
2026-08-31 22:19:07 [DEBUG   ] NativeEvent(path="/Users/shubhamarundekatey/ClaudeCode/day28/StreamDeck-Premium/mobile/node_modules/zod/src/v4/classic", inode=279680848, flags=20400, id=950489535): is_directory, is_inode_meta_mod
2026-08-31 22:19:07 [DEBUG   ] queue_event DirModifiedEvent(src_path='/Users/shubhamarundekatey/ClaudeCode/day28/StreamDeck-Premium/mobile/node_modules/zod/src/v4/classic', dest_path='', event_type='modified', is_directory=True, is_synthetic=False)
2026-08-31 22:19:07 [DEBUG   ] NativeEvent(path="/Users/shubhamarundekatey/ClaudeCode/day28/StreamDeck-Premium/mobile/node_modules/zod/src/v4/classic", inode=279680848, flags=20400, id=950489557): is_directory, is_inode_meta_mod
2026-08-31 22:19:07 [DEBUG   ] queue_event DirModifiedEvent(src_path='/Users/shubhamarundekatey/ClaudeCode/day28/StreamDeck-Premium/mobile/node_modules/zod/src/v4/classic', dest_path='', event_type='modified', is_directory=True, is_synthetic=False)
2026-08-31 22:19:08 [DEBUG   ] NativeEvent(path="/Users/shubhamarundekatey/ClaudeCode/day28/StreamDeck-Premium/mobile/node_modules/zod/src/v4/classic", inode=279680848, flags=20400, id=950489577): is_directory, is_inode_meta_mod
2026-08-31 22:19:08 [DEBUG   ] queue_event DirModifiedEvent(src_path='/Users/shubhamarundekatey/ClaudeCode/day28/StreamDeck-Premium/mobile/node_modules/zod/src/v4/classic', dest_path='', event_type='modified', is_directory=True, is_synthetic=False)
2026-08-31 22:19:08 [DEBUG   ] NativeEvent(path="/Users/shubhamarundekatey/ClaudeCode/day28/StreamDeck-Premium/mobile/node_modules/zod/src/v4/classic", inode=279680848, flags=20400, id=950489609): is_directory, is_inode_meta_mod
2026-08-31 22:19:08 [DEBUG   ] queue_event DirModifiedEvent(src_path='/Users/shubhamarundekatey/ClaudeCode/day28/StreamDeck-Premium/mobile/node_modules/zod/src/v4/classic', dest_path='', event_type='modified', is_directory=True, is_synthetic=False)
2026-08-31 22:19:08 [DEBUG   ] NativeEvent(path="/Users/shubhamarundekatey/ClaudeCode/day28/StreamDeck-Premium/mobile/node_modules/zod/src/v4/classic", inode=279680848, flags=20400, id=950489717): is_directory, is_inode_meta_mod
2026-08-31 22:19:08 [DEBUG   ] queue_event DirModifiedEvent(src_path='/Users/shubhamarundekatey/ClaudeCode/day28/StreamDeck-Premium/mobile/node_modules/zod/src/v4/classic', dest_path='', event_type='modified', is_directory=True, is_synthetic=False)
2026-08-31 22:19:08 [DEBUG   ] NativeEvent(path="/Users/shubhamarundekatey/ClaudeCode/day28/StreamDeck-Premium/mobile/node_modules/zod/src/v4/classic", inode=279680848, flags=20400, id=950489799): is_directory, is_inode_meta_mod
2026-08-31 22:19:08 [DEBUG   ] queue_event DirModifiedEvent(src_path='/Users/shubhamarundekatey/ClaudeCode/day28/StreamDeck-Premium/mobile/node_modules/zod/src/v4/classic', dest_path='', event_type='modified', is_directory=True, is_synthetic=False)
2026-08-31 22:19:08 [DEBUG   ] NativeEvent(path="/Users/shubhamarundekatey/ClaudeCode/day28/StreamDeck-Premium/mobile/node_modules/zod/src/v4/classic/tests", inode=279680853, flags=20400, id=950489905): is_directory, is_inode_meta_mod
2026-08-31 22:19:08 [DEBUG   ] queue_event DirModifiedEvent(src_path='/Users/shubhamarundekatey/ClaudeCode/day28/StreamDeck-Premium/mobile/node_modules/zod/src/v4/classic/tests', dest_path='', event_type='modified', is_directory=True, is_synthetic=False)
2026-08-31 22:19:08 [DEBUG   ] NativeEvent(path="/Users/shubhamarundekatey/ClaudeCode/day28/StreamDeck-Premium/mobile/node_modules/zod/src/v4/classic/tests", inode=279680853, flags=20400, id=950490073): is_directory, is_inode_meta_mod
2026-08-31 22:19:08 [DEBUG   ] queue_event DirModifiedEvent(src_path='/Users/shubhamarundekatey/ClaudeCode/day28/StreamDeck-Premium/mobile/node_modules/zod/src/v4/classic/tests', dest_path='', event_type='modified', is_directory=True, is_synthetic=False)
2026-08-31 22:19:08 [DEBUG   ] NativeEvent(path="/Users/shubhamarundekatey/ClaudeCode/day28/StreamDeck-Premium/mobile/node_modules/zod/src/v4/classic/tests", inode=279680853, flags=20400, id=950490264): is_directory, is_inode_meta_mod
2026-08-31 22:19:08 [DEBUG   ] queue_event DirModifiedEvent(src_path='/Users/shubhamarundekatey/ClaudeCode/day28/StreamDeck-Premium/mobile/node_modules/zod/src/v4/classic/tests', dest_path='', event_type='modified', is_directory=True, is_synthetic=False)
2026-08-31 22:19:08 [DEBUG   ] NativeEvent(path="/Users/shubhamarundekatey/ClaudeCode/day28/StreamDeck-Premium/mobile/node_modules/zod/src/v4/classic/tests", inode=279680853, flags=20400, id=950490295): is_directory, is_inode_meta_mod
2026-08-31 22:19:08 [DEBUG   ] queue_event DirModifiedEvent(src_path='/Users/shubhamarundekatey/ClaudeCode/day28/StreamDeck-Premium/mobile/node_modules/zod/src/v4/classic/tests', dest_path='', event_type='modified', is_directory=True, is_synthetic=False)
2026-08-31 22:19:09 [DEBUG   ] NativeEvent(path="/Users/shubhamarundekatey/ClaudeCode/day28/StreamDeck-Premium/mobile/node_modules/zod/src/v4/classic/tests", inode=279680853, flags=20400, id=950490431): is_directory, is_inode_meta_mod
2026-08-31 22:19:09 [DEBUG   ] queue_event DirModifiedEvent(src_path='/Users/shubhamarundekatey/ClaudeCode/day28/StreamDeck-Premium/mobile/node_modules/zod/src/v4/classic/tests', dest_path='', event_type='modified', is_directory=True, is_synthetic=False)
2026-08-31 22:19:09 [DEBUG   ] NativeEvent(path="/Users/shubhamarundekatey/ClaudeCode/day28/StreamDeck-Premium/mobile/node_modules/zod/src/v4/classic/tests", inode=279680853, flags=20400, id=950490588): is_directory, is_inode_meta_mod
2026-08-31 22:19:09 [DEBUG   ] queue_event DirModifiedEvent(src_path='/Users/shubhamarundekatey/ClaudeCode/day28/StreamDeck-Premium/mobile/node_modules/zod/src/v4/classic/tests', dest_path='', event_type='modified', is_directory=True, is_synthetic=False)
2026-08-31 22:19:09 [DEBUG   ] NativeEvent(path="/Users/shubhamarundekatey/ClaudeCode/day28/StreamDeck-Premium/mobile/node_modules/zod/src/v4/classic/tests", inode=279680853, flags=20400, id=950490815): is_directory, is_inode_meta_mod
2026-08-31 22:19:09 [DEBUG   ] queue_event DirModifiedEvent(src_path='/Users/shubhamarundekatey/ClaudeCode/day28/StreamDeck-Premium/mobile/node_modules/zod/src/v4/classic/tests', dest_path='', event_type='modified', is_directory=True, is_synthetic=False)
2026-08-31 22:19:09 [DEBUG   ] NativeEvent(path="/Users/shubhamarundekatey/ClaudeCode/day28/StreamDeck-Premium/mobile/node_modules/zod/src/v4/classic/tests", inode=279680853, flags=20400, id=950490912): is_directory, is_inode_meta_mod
2026-08-31 22:19:09 [DEBUG   ] queue_event DirModifiedEvent(src_path='/Users/shubhamarundekatey/ClaudeCode/day28/StreamDeck-Premium/mobile/node_modules/zod/src/v4/classic/tests', dest_path='', event_type='modified', is_directory=True, is_synthetic=False)
2026-08-31 22:19:09 [DEBUG   ] NativeEvent(path="/Users/shubhamarundekatey/ClaudeCode/day28/StreamDeck-Premium/mobile/node_modules/zod/src/v4/classic/tests", inode=279680853, flags=20400, id=950491055): is_directory, is_inode_meta_mod
2026-08-31 22:19:09 [DEBUG   ] queue_event DirModifiedEvent(src_path='/Users/shubhamarundekatey/ClaudeCode/day28/StreamDeck-Premium/mobile/node_modules/zod/src/v4/classic/tests', dest_path='', event_type='modified', is_directory=True, is_synthetic=False)
2026-08-31 22:19:09 [DEBUG   ] NativeEvent(path="/Users/shubhamarundekatey/ClaudeCode/day28/StreamDeck-Premium/mobile/node_modules/zod/src/v4/classic/tests", inode=279680853, flags=20400, id=950491223): is_directory, is_inode_meta_mod
2026-08-31 22:19:09 [DEBUG   ] queue_event DirModifiedEvent(src_path='/Users/shubhamarundekatey/ClaudeCode/day28/StreamDeck-Premium/mobile/node_modules/zod/src/v4/classic/tests', dest_path='', event_type='modified', is_directory=True, is_synthetic=False)
2026-08-31 22:19:09 [DEBUG   ] NativeEvent(path="/Users/shubhamarundekatey/ClaudeCode/day28/StreamDeck-Premium/mobile/node_modules/zod/src/v4/classic/tests", inode=279680853, flags=20400, id=950491448): is_directory, is_inode_meta_mod
2026-08-31 22:19:09 [DEBUG   ] queue_event DirModifiedEvent(src_path='/Users/shubhamarundekatey/ClaudeCode/day28/StreamDeck-Premium/mobile/node_modules/zod/src/v4/classic/tests', dest_path='', event_type='modified', is_directory=True, is_synthetic=False)
2026-08-31 22:19:09 [DEBUG   ] NativeEvent(path="/Users/shubhamarundekatey/ClaudeCode/day28/StreamDeck-Premium/mobile/node_modules/zod/src/v4/classic/tests", inode=279680853, flags=20400, id=950491466): is_directory, is_inode_meta_mod
2026-08-31 22:19:09 [DEBUG   ] queue_event DirModifiedEvent(src_path='/Users/shubhamarundekatey/ClaudeCode/day28/StreamDeck-Premium/mobile/node_modules/zod/src/v4/classic/tests', dest_path='', event_type='modified', is_directory=True, is_synthetic=False)
2026-08-31 22:19:10 [DEBUG   ] NativeEvent(path="/Users/shubhamarundekatey/ClaudeCode/day28/StreamDeck-Premium/mobile/node_modules/zod/src/v4/classic/tests", inode=279680853, flags=20400, id=950491481): is_directory, is_inode_meta_mod
2026-08-31 22:19:10 [DEBUG   ] queue_event DirModifiedEvent(src_path='/Users/shubhamarundekatey/ClaudeCode/day28/StreamDeck-Premium/mobile/node_modules/zod/src/v4/classic/tests', dest_path='', event_type='modified', is_directory=True, is_synthetic=False)
2026-08-31 22:19:10 [DEBUG   ] NativeEvent(path="/Users/shubhamarundekatey/ClaudeCode/day28/StreamDeck-Premium/mobile/node_modules/zod/src/v4/classic/tests", inode=279680853, flags=20400, id=950491586): is_directory, is_inode_meta_mod
2026-08-31 22:19:10 [DEBUG   ] queue_event DirModifiedEvent(src_path='/Users/shubhamarundekatey/ClaudeCode/day28/StreamDeck-Premium/mobile/node_modules/zod/src/v4/classic/tests', dest_path='', event_type='modified', is_directory=True, is_synthetic=False)
2026-08-31 22:19:10 [DEBUG   ] NativeEvent(path="/Users/shubhamarundekatey/ClaudeCode/day28/StreamDeck-Premium/mobile/node_modules/zod/src/v4/classic/tests", inode=279680853, flags=20400, id=950491648): is_directory, is_inode_meta_mod
2026-08-31 22:19:10 [DEBUG   ] queue_event DirModifiedEvent(src_path='/Users/shubhamarundekatey/ClaudeCode/day28/StreamDeck-Premium/mobile/node_modules/zod/src/v4/classic/tests', dest_path='', event_type='modified', is_directory=True, is_synthetic=False)
2026-08-31 22:19:10 [DEBUG   ] NativeEvent(path="/Users/shubhamarundekatey/ClaudeCode/day28/StreamDeck-Premium/mobile/node_modules/zod/src/v4/classic/tests", inode=279680853, flags=20400, id=950491675): is_directory, is_inode_meta_mod
2026-08-31 22:19:10 [DEBUG   ] queue_event DirModifiedEvent(src_path='/Users/shubhamarundekatey/ClaudeCode/day28/StreamDeck-Premium/mobile/node_modules/zod/src/v4/classic/tests', dest_path='', event_type='modified', is_directory=True, is_synthetic=False)
2026-08-31 22:19:10 [DEBUG   ] NativeEvent(path="/Users/shubhamarundekatey/ClaudeCode/day28/StreamDeck-Premium/mobile/node_modules/zod/src/v4/classic/tests", inode=279680853, flags=20400, id=950491699): is_directory, is_inode_meta_mod
2026-08-31 22:19:10 [DEBUG   ] queue_event DirModifiedEvent(src_path='/Users/shubhamarundekatey/ClaudeCode/day28/StreamDeck-Premium/mobile/node_modules/zod/src/v4/classic/tests', dest_path='', event_type='modified', is_directory=True, is_synthetic=False)
2026-08-31 22:19:10 [DEBUG   ] NativeEvent(path="/Users/shubhamarundekatey/ClaudeCode/day28/StreamDeck-Premium/mobile/node_modules/zod/src/v4/classic/tests", inode=279680853, flags=20400, id=950491733): is_directory, is_inode_meta_mod
2026-08-31 22:19:10 [DEBUG   ] queue_event DirModifiedEvent(src_path='/Users/shubhamarundekatey/ClaudeCode/day28/StreamDeck-Premium/mobile/node_modules/zod/src/v4/classic/tests', dest_path='', event_type='modified', is_directory=True, is_synthetic=False)
2026-08-31 22:19:10 [DEBUG   ] NativeEvent(path="/Users/shubhamarundekatey/ClaudeCode/day28/StreamDeck-Premium/mobile/node_modules/zod/src/v4/classic/tests", inode=279680853, flags=20400, id=950491739): is_directory, is_inode_meta_mod
2026-08-31 22:19:10 [DEBUG   ] queue_event DirModifiedEvent(src_path='/Users/shubhamarundekatey/ClaudeCode/day28/StreamDeck-Premium/mobile/node_modules/zod/src/v4/classic/tests', dest_path='', event_type='modified', is_directory=True, is_synthetic=False)
2026-08-31 22:19:11 [DEBUG   ] NativeEvent(path="/Users/shubhamarundekatey/ClaudeCode/day28/StreamDeck-Premium/mobile/node_modules/zod/src/v4/classic/tests", inode=279680853, flags=20400, id=950491828): is_directory, is_inode_meta_mod
2026-08-31 22:19:11 [DEBUG   ] queue_event DirModifiedEvent(src_path='/Users/shubhamarundekatey/ClaudeCode/day28/StreamDeck-Premium/mobile/node_modules/zod/src/v4/classic/tests', dest_path='', event_type='modified', is_directory=True, is_synthetic=False)
2026-08-31 22:19:11 [DEBUG   ] NativeEvent(path="/Users/shubhamarundekatey/ClaudeCode/day28/StreamDeck-Premium/mobile/node_modules/zod/src/v4/classic/tests", inode=279680853, flags=20400, id=950491978): is_directory, is_inode_meta_mod
2026-08-31 22:19:11 [DEBUG   ] queue_event DirModifiedEvent(src_path='/Users/shubhamarundekatey/ClaudeCode/day28/StreamDeck-Premium/mobile/node_modules/zod/src/v4/classic/tests', dest_path='', event_type='modified', is_directory=True, is_synthetic=False)
2026-08-31 22:19:11 [DEBUG   ] NativeEvent(path="/Users/shubhamarundekatey/ClaudeCode/day28/StreamDeck-Premium/mobile/node_modules/zod/src/v4/classic/tests", inode=279680853, flags=20400, id=950492090): is_directory, is_inode_meta_mod
2026-08-31 22:19:11 [DEBUG   ] queue_event DirModifiedEvent(src_path='/Users/shubhamarundekatey/ClaudeCode/day28/StreamDeck-Premium/mobile/node_modules/zod/src/v4/classic/tests', dest_path='', event_type='modified', is_directory=True, is_synthetic=False)
2026-08-31 22:19:11 [DEBUG   ] NativeEvent(path="/Users/shubhamarundekatey/ClaudeCode/day28/StreamDeck-Premium/mobile/node_modules/zod/src/v4/classic/tests", inode=279680853, flags=20400, id=950492235): is_directory, is_inode_meta_mod
2026-08-31 22:19:11 [DEBUG   ] queue_event DirModifiedEvent(src_path='/Users/shubhamarundekatey/ClaudeCode/day28/StreamDeck-Premium/mobile/node_modules/zod/src/v4/classic/tests', dest_path='', event_type='modified', is_directory=True, is_synthetic=False)
2026-08-31 22:19:11 [DEBUG   ] NativeEvent(path="/Users/shubhamarundekatey/ClaudeCode/day28/StreamDeck-Premium/mobile/node_modules/zod/src/v4/classic/tests", inode=279680853, flags=20400, id=950492289): is_directory, is_inode_meta_mod
2026-08-31 22:19:11 [DEBUG   ] queue_event DirModifiedEvent(src_path='/Users/shubhamarundekatey/ClaudeCode/day28/StreamDeck-Premium/mobile/node_modules/zod/src/v4/classic/tests', dest_path='', event_type='modified', is_directory=True, is_synthetic=False)
2026-08-31 22:19:11 [DEBUG   ] NativeEvent(path="/Users/shubhamarundekatey/ClaudeCode/day28/StreamDeck-Premium/mobile/node_modules/zod/src/v4/classic/tests", inode=279680853, flags=20400, id=950492468): is_directory, is_inode_meta_mod
2026-08-31 22:19:11 [DEBUG   ] queue_event DirModifiedEvent(src_path='/Users/shubhamarundekatey/ClaudeCode/day28/StreamDeck-Premium/mobile/node_modules/zod/src/v4/classic/tests', dest_path='', event_type='modified', is_directory=True, is_synthetic=False)
2026-08-31 22:19:11 [DEBUG   ] NativeEvent(path="/Users/shubhamarundekatey/ClaudeCode/day28/StreamDeck-Premium/mobile/node_modules/zod/src/v4/classic/tests", inode=279680853, flags=20400, id=950492548): is_directory, is_inode_meta_mod
2026-08-31 22:19:11 [DEBUG   ] queue_event DirModifiedEvent(src_path='/Users/shubhamarundekatey/ClaudeCode/day28/StreamDeck-Premium/mobile/node_modules/zod/src/v4/classic/tests', dest_path='', event_type='modified', is_directory=True, is_synthetic=False)
2026-08-31 22:19:11 [DEBUG   ] NativeEvent(path="/Users/shubhamarundekatey/ClaudeCode/day28/StreamDeck-Premium/mobile/node_modules/zod/src/v4/classic/tests", inode=279680853, flags=20400, id=950492617): is_directory, is_inode_meta_mod
2026-08-31 22:19:11 [DEBUG   ] queue_event DirModifiedEvent(src_path='/Users/shubhamarundekatey/ClaudeCode/day28/StreamDeck-Premium/mobile/node_modules/zod/src/v4/classic/tests', dest_path='', event_type='modified', is_directory=True, is_synthetic=False)
2026-08-31 22:19:12 [DEBUG   ] NativeEvent(path="/Users/shubhamarundekatey/ClaudeCode/day28/StreamDeck-Premium/mobile/node_modules/zod/src/v4/classic/tests", inode=279680853, flags=20400, id=950492738): is_directory, is_inode_meta_mod
2026-08-31 22:19:12 [DEBUG   ] queue_event DirModifiedEvent(src_path='/Users/shubhamarundekatey/ClaudeCode/day28/StreamDeck-Premium/mobile/node_modules/zod/src/v4/classic/tests', dest_path='', event_type='modified', is_directory=True, is_synthetic=False)
2026-08-31 22:19:12 [DEBUG   ] NativeEvent(path="/Users/shubhamarundekatey/ClaudeCode/day28/StreamDeck-Premium/mobile/node_modules/zod/src/v4/classic/tests", inode=279680853, flags=20400, id=950492784): is_directory, is_inode_meta_mod
2026-08-31 22:19:12 [DEBUG   ] queue_event DirModifiedEvent(src_path='/Users/shubhamarundekatey/ClaudeCode/day28/StreamDeck-Premium/mobile/node_modules/zod/src/v4/classic/tests', dest_path='', event_type='modified', is_directory=True, is_synthetic=False)
2026-08-31 22:19:12 [DEBUG   ] NativeEvent(path="/Users/shubhamarundekatey/ClaudeCode/day28/StreamDeck-Premium/mobile/node_modules/zod/src/v4/classic/tests", inode=279680853, flags=20400, id=950492846): is_directory, is_inode_meta_mod
2026-08-31 22:19:12 [DEBUG   ] queue_event DirModifiedEvent(src_path='/Users/shubhamarundekatey/ClaudeCode/day28/StreamDeck-Premium/mobile/node_modules/zod/src/v4/classic/tests', dest_path='', event_type='modified', is_directory=True, is_synthetic=False)
2026-08-31 22:19:12 [DEBUG   ] NativeEvent(path="/Users/shubhamarundekatey/ClaudeCode/day28/StreamDeck-Premium/mobile/node_modules/zod/src/v4/classic/tests", inode=279680853, flags=20400, id=950492911): is_directory, is_inode_meta_mod
2026-08-31 22:19:12 [DEBUG   ] queue_event DirModifiedEvent(src_path='/Users/shubhamarundekatey/ClaudeCode/day28/StreamDeck-Premium/mobile/node_modules/zod/src/v4/classic/tests', dest_path='', event_type='modified', is_directory=True, is_synthetic=False)
2026-08-31 22:19:12 [DEBUG   ] NativeEvent(path="/Users/shubhamarundekatey/ClaudeCode/day28/StreamDeck-Premium/mobile/node_modules/zod/src/v4/classic/tests", inode=279680853, flags=20400, id=950492923): is_directory, is_inode_meta_mod
2026-08-31 22:19:12 [DEBUG   ] queue_event DirModifiedEvent(src_path='/Users/shubhamarundekatey/ClaudeCode/day28/StreamDeck-Premium/mobile/node_modules/zod/src/v4/classic/tests', dest_path='', event_type='modified', is_directory=True, is_synthetic=False)
2026-08-31 22:19:12 [DEBUG   ] NativeEvent(path="/Users/shubhamarundekatey/ClaudeCode/day28/StreamDeck-Premium/mobile/node_modules/zod/src/v4/classic/tests", inode=279680853, flags=20400, id=950492967): is_directory, is_inode_meta_mod
2026-08-31 22:19:12 [DEBUG   ] queue_event DirModifiedEvent(src_path='/Users/shubhamarundekatey/ClaudeCode/day28/StreamDeck-Premium/mobile/node_modules/zod/src/v4/classic/tests', dest_path='', event_type='modified', is_directory=True, is_synthetic=False)
2026-08-31 22:19:12 [DEBUG   ] NativeEvent(path="/Users/shubhamarundekatey/ClaudeCode/day28/StreamDeck-Premium/mobile/node_modules/zod/src/v4/classic/tests", inode=279680853, flags=20400, id=950493032): is_directory, is_inode_meta_mod
2026-08-31 22:19:12 [DEBUG   ] queue_event DirModifiedEvent(src_path='/Users/shubhamarundekatey/ClaudeCode/day28/StreamDeck-Premium/mobile/node_modules/zod/src/v4/classic/tests', dest_path='', event_type='modified', is_directory=True, is_synthetic=False)
2026-08-31 22:19:12 [DEBUG   ] NativeEvent(path="/Users/shubhamarundekatey/ClaudeCode/day28/StreamDeck-Premium/mobile/node_modules/zod/src/v4/classic/tests", inode=279680853, flags=20400, id=950493065): is_directory, is_inode_meta_mod
2026-08-31 22:19:12 [DEBUG   ] queue_event DirModifiedEvent(src_path='/Users/shubhamarundekatey/ClaudeCode/day28/StreamDeck-Premium/mobile/node_modules/zod/src/v4/classic/tests', dest_path='', event_type='modified', is_directory=True, is_synthetic=False)
2026-08-31 22:19:12 [DEBUG   ] NativeEvent(path="/Users/shubhamarundekatey/ClaudeCode/day28/StreamDeck-Premium/mobile/node_modules/zod/src/v4/classic/tests", inode=279680853, flags=20400, id=950493137): is_directory, is_inode_meta_mod
2026-08-31 22:19:12 [DEBUG   ] queue_event DirModifiedEvent(src_path='/Users/shubhamarundekatey/ClaudeCode/day28/StreamDeck-Premium/mobile/node_modules/zod/src/v4/classic/tests', dest_path='', event_type='modified', is_directory=True, is_synthetic=False)
2026-08-31 22:19:12 [DEBUG   ] NativeEvent(path="/Users/shubhamarundekatey/ClaudeCode/day28/StreamDeck-Premium/mobile/node_modules/zod/src/v4/classic/tests", inode=279680853, flags=20400, id=950493143): is_directory, is_inode_meta_mod
2026-08-31 22:19:12 [DEBUG   ] queue_event DirModifiedEvent(src_path='/Users/shubhamarundekatey/ClaudeCode/day28/StreamDeck-Premium/mobile/node_modules/zod/src/v4/classic/tests', dest_path='', event_type='modified', is_directory=True, is_synthetic=False)
2026-08-31 22:19:12 [DEBUG   ] NativeEvent(path="/Users/shubhamarundekatey/ClaudeCode/day28/StreamDeck-Premium/mobile/node_modules/zod/src/v4/classic/tests", inode=279680853, flags=20400, id=950493149): is_directory, is_inode_meta_mod
2026-08-31 22:19:12 [DEBUG   ] queue_event DirModifiedEvent(src_path='/Users/shubhamarundekatey/ClaudeCode/day28/StreamDeck-Premium/mobile/node_modules/zod/src/v4/classic/tests', dest_path='', event_type='modified', is_directory=True, is_synthetic=False)
2026-08-31 22:19:13 [DEBUG   ] NativeEvent(path="/Users/shubhamarundekatey/ClaudeCode/day28/StreamDeck-Premium/mobile/node_modules/zod/src/v4/classic/tests", inode=279680853, flags=20400, id=950493155): is_directory, is_inode_meta_mod
2026-08-31 22:19:13 [DEBUG   ] queue_event DirModifiedEvent(src_path='/Users/shubhamarundekatey/ClaudeCode/day28/StreamDeck-Premium/mobile/node_modules/zod/src/v4/classic/tests', dest_path='', event_type='modified', is_directory=True, is_synthetic=False)
2026-08-31 22:19:13 [DEBUG   ] NativeEvent(path="/Users/shubhamarundekatey/ClaudeCode/day28/StreamDeck-Premium/mobile/node_modules/zod/src/v4/classic/tests", inode=279680853, flags=20400, id=950493161): is_directory, is_inode_meta_mod
2026-08-31 22:19:13 [DEBUG   ] queue_event DirModifiedEvent(src_path='/Users/shubhamarundekatey/ClaudeCode/day28/StreamDeck-Premium/mobile/node_modules/zod/src/v4/classic/tests', dest_path='', event_type='modified', is_directory=True, is_synthetic=False)
2026-08-31 22:19:13 [DEBUG   ] NativeEvent(path="/Users/shubhamarundekatey/ClaudeCode/day28/StreamDeck-Premium/mobile/node_modules/zod/src/v4/classic/tests", inode=279680853, flags=20400, id=950493190): is_directory, is_inode_meta_mod
2026-08-31 22:19:13 [DEBUG   ] queue_event DirModifiedEvent(src_path='/Users/shubhamarundekatey/ClaudeCode/day28/StreamDeck-Premium/mobile/node_modules/zod/src/v4/classic/tests', dest_path='', event_type='modified', is_directory=True, is_synthetic=False)
2026-08-31 22:19:13 [DEBUG   ] NativeEvent(path="/Users/shubhamarundekatey/ClaudeCode/day28/StreamDeck-Premium/mobile/node_modules/zod/src/v4/classic/tests", inode=279680853, flags=20400, id=950493207): is_directory, is_inode_meta_mod
2026-08-31 22:19:13 [DEBUG   ] queue_event DirModifiedEvent(src_path='/Users/shubhamarundekatey/ClaudeCode/day28/StreamDeck-Premium/mobile/node_modules/zod/src/v4/classic/tests', dest_path='', event_type='modified', is_directory=True, is_synthetic=False)
2026-08-31 22:19:13 [DEBUG   ] NativeEvent(path="/Users/shubhamarundekatey/ClaudeCode/day28/StreamDeck-Premium/mobile/node_modules/zod/src/v4/classic/tests", inode=279680853, flags=20400, id=950493220): is_directory, is_inode_meta_mod
2026-08-31 22:19:13 [DEBUG   ] queue_event DirModifiedEvent(src_path='/Users/shubhamarundekatey/ClaudeCode/day28/StreamDeck-Premium/mobile/node_modules/zod/src/v4/classic/tests', dest_path='', event_type='modified', is_directory=True, is_synthetic=False)
2026-08-31 22:19:13 [DEBUG   ] NativeEvent(path="/Users/shubhamarundekatey/ClaudeCode/day28/StreamDeck-Premium/mobile/node_modules/zod/src/v4/classic/tests", inode=279680853, flags=20400, id=950493268): is_directory, is_inode_meta_mod
2026-08-31 22:19:13 [DEBUG   ] queue_event DirModifiedEvent(src_path='/Users/shubhamarundekatey/ClaudeCode/day28/StreamDeck-Premium/mobile/node_modules/zod/src/v4/classic/tests', dest_path='', event_type='modified', is_directory=True, is_synthetic=False)
2026-08-31 22:19:13 [DEBUG   ] NativeEvent(path="/Users/shubhamarundekatey/ClaudeCode/day28/StreamDeck-Premium/mobile/node_modules/zod/src/v4/classic/tests", inode=279680853, flags=20400, id=950493295): is_directory, is_inode_meta_mod
2026-08-31 22:19:13 [DEBUG   ] queue_event DirModifiedEvent(src_path='/Users/shubhamarundekatey/ClaudeCode/day28/StreamDeck-Premium/mobile/node_modules/zod/src/v4/classic/tests', dest_path='', event_type='modified', is_directory=True, is_synthetic=False)
2026-08-31 22:19:13 [DEBUG   ] NativeEvent(path="/Users/shubhamarundekatey/ClaudeCode/day28/StreamDeck-Premium/mobile/node_modules/zod/src/v4/classic/tests", inode=279680853, flags=20400, id=950493310): is_directory, is_inode_meta_mod
2026-08-31 22:19:13 [DEBUG   ] queue_event DirModifiedEvent(src_path='/Users/shubhamarundekatey/ClaudeCode/day28/StreamDeck-Premium/mobile/node_modules/zod/src/v4/classic/tests', dest_path='', event_type='modified', is_directory=True, is_synthetic=False)
2026-08-31 22:19:13 [DEBUG   ] NativeEvent(path="/Users/shubhamarundekatey/ClaudeCode/day28/StreamDeck-Premium/mobile/node_modules/zod/src/v4/classic/tests", inode=279680853, flags=20400, id=950493327): is_directory, is_inode_meta_mod
2026-08-31 22:19:13 [DEBUG   ] queue_event DirModifiedEvent(src_path='/Users/shubhamarundekatey/ClaudeCode/day28/StreamDeck-Premium/mobile/node_modules/zod/src/v4/classic/tests', dest_path='', event_type='modified', is_directory=True, is_synthetic=False)
2026-08-31 22:19:14 [DEBUG   ] NativeEvent(path="/Users/shubhamarundekatey/ClaudeCode/day28/StreamDeck-Premium/mobile/node_modules/zod/src/v4/classic/tests", inode=279680853, flags=20400, id=950493333): is_directory, is_inode_meta_mod
2026-08-31 22:19:14 [DEBUG   ] queue_event DirModifiedEvent(src_path='/Users/shubhamarundekatey/ClaudeCode/day28/StreamDeck-Premium/mobile/node_modules/zod/src/v4/classic/tests', dest_path='', event_type='modified', is_directory=True, is_synthetic=False)
2026-08-31 22:19:14 [DEBUG   ] NativeEvent(path="/Users/shubhamarundekatey/ClaudeCode/day28/StreamDeck-Premium/mobile/node_modules/zod/src/v4/classic/tests", inode=279680853, flags=20400, id=950493339): is_directory, is_inode_meta_mod
2026-08-31 22:19:14 [DEBUG   ] queue_event DirModifiedEvent(src_path='/Users/shubhamarundekatey/ClaudeCode/day28/StreamDeck-Premium/mobile/node_modules/zod/src/v4/classic/tests', dest_path='', event_type='modified', is_directory=True, is_synthetic=False)
2026-08-31 22:19:14 [DEBUG   ] NativeEvent(path="/Users/shubhamarundekatey/ClaudeCode/day28/StreamDeck-Premium/mobile/node_modules/zod/src/v4/classic/tests", inode=279680853, flags=20400, id=950493369): is_directory, is_inode_meta_mod
2026-08-31 22:19:14 [DEBUG   ] queue_event DirModifiedEvent(src_path='/Users/shubhamarundekatey/ClaudeCode/day28/StreamDeck-Premium/mobile/node_modules/zod/src/v4/classic/tests', dest_path='', event_type='modified', is_directory=True, is_synthetic=False)
2026-08-31 22:19:14 [DEBUG   ] NativeEvent(path="/Users/shubhamarundekatey/ClaudeCode/day28/StreamDeck-Premium/mobile/node_modules/zod/src/v4/classic/tests", inode=279680853, flags=20400, id=950493375): is_directory, is_inode_meta_mod
2026-08-31 22:19:14 [DEBUG   ] queue_event DirModifiedEvent(src_path='/Users/shubhamarundekatey/ClaudeCode/day28/StreamDeck-Premium/mobile/node_modules/zod/src/v4/classic/tests', dest_path='', event_type='modified', is_directory=True, is_synthetic=False)
2026-08-31 22:19:14 [DEBUG   ] NativeEvent(path="/Users/shubhamarundekatey/ClaudeCode/day28/StreamDeck-Premium/mobile/node_modules/zod/src/v4/classic/tests", inode=279680853, flags=20400, id=950493381): is_directory, is_inode_meta_mod
2026-08-31 22:19:14 [DEBUG   ] queue_event DirModifiedEvent(src_path='/Users/shubhamarundekatey/ClaudeCode/day28/StreamDeck-Premium/mobile/node_modules/zod/src/v4/classic/tests', dest_path='', event_type='modified', is_directory=True, is_synthetic=False)
2026-08-31 22:19:14 [DEBUG   ] NativeEvent(path="/Users/shubhamarundekatey/ClaudeCode/day28/StreamDeck-Premium/mobile/node_modules/zod/src/v4/classic/tests", inode=279680853, flags=20400, id=950493404): is_directory, is_inode_meta_mod
2026-08-31 22:19:14 [DEBUG   ] queue_event DirModifiedEvent(src_path='/Users/shubhamarundekatey/ClaudeCode/day28/StreamDeck-Premium/mobile/node_modules/zod/src/v4/classic/tests', dest_path='', event_type='modified', is_directory=True, is_synthetic=False)
2026-08-31 22:19:14 [DEBUG   ] NativeEvent(path="/Users/shubhamarundekatey/ClaudeCode/day28/StreamDeck-Premium/mobile/node_modules/zod/src/v4/classic/tests", inode=279680853, flags=20400, id=950493410): is_directory, is_inode_meta_mod
2026-08-31 22:19:14 [DEBUG   ] queue_event DirModifiedEvent(src_path='/Users/shubhamarundekatey/ClaudeCode/day28/StreamDeck-Premium/mobile/node_modules/zod/src/v4/classic/tests', dest_path='', event_type='modified', is_directory=True, is_synthetic=False)
2026-08-31 22:19:14 [DEBUG   ] NativeEvent(path="/Users/shubhamarundekatey/ClaudeCode/day28/StreamDeck-Premium/mobile/node_modules/zod/src/v4/classic/tests", inode=279680853, flags=20400, id=950493422): is_directory, is_inode_meta_mod
2026-08-31 22:19:14 [DEBUG   ] queue_event DirModifiedEvent(src_path='/Users/shubhamarundekatey/ClaudeCode/day28/StreamDeck-Premium/mobile/node_modules/zod/src/v4/classic/tests', dest_path='', event_type='modified', is_directory=True, is_synthetic=False)
2026-08-31 22:19:14 [DEBUG   ] NativeEvent(path="/Users/shubhamarundekatey/ClaudeCode/day28/StreamDeck-Premium/mobile/node_modules/zod/src/v4/classic/tests", inode=279680853, flags=20400, id=950493439): is_directory, is_inode_meta_mod
2026-08-31 22:19:14 [DEBUG   ] queue_event DirModifiedEvent(src_path='/Users/shubhamarundekatey/ClaudeCode/day28/StreamDeck-Premium/mobile/node_modules/zod/src/v4/classic/tests', dest_path='', event_type='modified', is_directory=True, is_synthetic=False)
2026-08-31 22:19:14 [DEBUG   ] NativeEvent(path="/Users/shubhamarundekatey/ClaudeCode/day28/StreamDeck-Premium/mobile/node_modules/zod/src/v4/classic/tests", inode=279680853, flags=20400, id=950493445): is_directory, is_inode_meta_mod
2026-08-31 22:19:14 [DEBUG   ] queue_event DirModifiedEvent(src_path='/Users/shubhamarundekatey/ClaudeCode/day28/StreamDeck-Premium/mobile/node_modules/zod/src/v4/classic/tests', dest_path='', event_type='modified', is_directory=True, is_synthetic=False)
2026-08-31 22:19:14 [DEBUG   ] NativeEvent(path="/Users/shubhamarundekatey/ClaudeCode/day28/StreamDeck-Premium/mobile/node_modules/zod/src/v4/classic/tests", inode=279680853, flags=20400, id=950493454): is_directory, is_inode_meta_mod
2026-08-31 22:19:14 [DEBUG   ] queue_event DirModifiedEvent(src_path='/Users/shubhamarundekatey/ClaudeCode/day28/StreamDeck-Premium/mobile/node_modules/zod/src/v4/classic/tests', dest_path='', event_type='modified', is_directory=True, is_synthetic=False)
2026-08-31 22:19:14 [DEBUG   ] NativeEvent(path="/Users/shubhamarundekatey/ClaudeCode/day28/StreamDeck-Premium/mobile/node_modules/zod/src/v4/classic/tests", inode=279680853, flags=20400, id=950493469): is_directory, is_inode_meta_mod
2026-08-31 22:19:14 [DEBUG   ] queue_event DirModifiedEvent(src_path='/Users/shubhamarundekatey/ClaudeCode/day28/StreamDeck-Premium/mobile/node_modules/zod/src/v4/classic/tests', dest_path='', event_type='modified', is_directory=True, is_synthetic=False)
2026-08-31 22:19:15 [DEBUG   ] NativeEvent(path="/Users/shubhamarundekatey/ClaudeCode/day28/StreamDeck-Premium/mobile/node_modules/zod/src/v4/classic/tests", inode=279680853, flags=20400, id=950493475): is_directory, is_inode_meta_mod
2026-08-31 22:19:15 [DEBUG   ] queue_event DirModifiedEvent(src_path='/Users/shubhamarundekatey/ClaudeCode/day28/StreamDeck-Premium/mobile/node_modules/zod/src/v4/classic/tests', dest_path='', event_type='modified', is_directory=True, is_synthetic=False)
2026-08-31 22:19:15 [DEBUG   ] NativeEvent(path="/Users/shubhamarundekatey/ClaudeCode/day28/StreamDeck-Premium/mobile/node_modules/zod/src/v4/classic/tests", inode=279680853, flags=20400, id=950493481): is_directory, is_inode_meta_mod
2026-08-31 22:19:15 [DEBUG   ] queue_event DirModifiedEvent(src_path='/Users/shubhamarundekatey/ClaudeCode/day28/StreamDeck-Premium/mobile/node_modules/zod/src/v4/classic/tests', dest_path='', event_type='modified', is_directory=True, is_synthetic=False)
2026-08-31 22:19:15 [DEBUG   ] NativeEvent(path="/Users/shubhamarundekatey/ClaudeCode/day28/StreamDeck-Premium/mobile/node_modules/zod/src/v4/classic/tests", inode=279680853, flags=20400, id=950493487): is_directory, is_inode_meta_mod
2026-08-31 22:19:15 [DEBUG   ] queue_event DirModifiedEvent(src_path='/Users/shubhamarundekatey/ClaudeCode/day28/StreamDeck-Premium/mobile/node_modules/zod/src/v4/classic/tests', dest_path='', event_type='modified', is_directory=True, is_synthetic=False)
2026-08-31 22:19:15 [DEBUG   ] NativeEvent(path="/Users/shubhamarundekatey/ClaudeCode/day28/StreamDeck-Premium/mobile/node_modules/zod/src/v4/classic/tests", inode=279680853, flags=20400, id=950493493): is_directory, is_inode_meta_mod
2026-08-31 22:19:15 [DEBUG   ] queue_event DirModifiedEvent(src_path='/Users/shubhamarundekatey/ClaudeCode/day28/StreamDeck-Premium/mobile/node_modules/zod/src/v4/classic/tests', dest_path='', event_type='modified', is_directory=True, is_synthetic=False)
2026-08-31 22:19:15 [DEBUG   ] NativeEvent(path="/Users/shubhamarundekatey/ClaudeCode/day28/StreamDeck-Premium/mobile/node_modules/zod/src/v4/classic/tests", inode=279680853, flags=20400, id=950493508): is_directory, is_inode_meta_mod
2026-08-31 22:19:15 [DEBUG   ] queue_event DirModifiedEvent(src_path='/Users/shubhamarundekatey/ClaudeCode/day28/StreamDeck-Premium/mobile/node_modules/zod/src/v4/classic/tests', dest_path='', event_type='modified', is_directory=True, is_synthetic=False)
2026-08-31 22:19:15 [DEBUG   ] NativeEvent(path="/Users/shubhamarundekatey/ClaudeCode/day28/StreamDeck-Premium/mobile/node_modules/zod/src/v4/classic", inode=279680848, flags=20400, id=950493514): is_directory, is_inode_meta_mod
2026-08-31 22:19:15 [DEBUG   ] queue_event DirModifiedEvent(src_path='/Users/shubhamarundekatey/ClaudeCode/day28/StreamDeck-Premium/mobile/node_modules/zod/src/v4/classic', dest_path='', event_type='modified', is_directory=True, is_synthetic=False)
2026-08-31 22:19:15 [DEBUG   ] NativeEvent(path="/Users/shubhamarundekatey/ClaudeCode/day28/StreamDeck-Premium/mobile/node_modules/zod/src/v4/classic", inode=279680848, flags=20400, id=950493523): is_directory, is_inode_meta_mod
2026-08-31 22:19:15 [DEBUG   ] queue_event DirModifiedEvent(src_path='/Users/shubhamarundekatey/ClaudeCode/day28/StreamDeck-Premium/mobile/node_modules/zod/src/v4/classic', dest_path='', event_type='modified', is_directory=True, is_synthetic=False)
2026-08-31 22:19:15 [DEBUG   ] NativeEvent(path="/Users/shubhamarundekatey/ClaudeCode/day28/StreamDeck-Premium/mobile/node_modules/zod/src/v4/locales", inode=279680760, flags=20400, id=950493555): is_directory, is_inode_meta_mod
2026-08-31 22:19:15 [DEBUG   ] queue_event DirModifiedEvent(src_path='/Users/shubhamarundekatey/ClaudeCode/day28/StreamDeck-Premium/mobile/node_modules/zod/src/v4/locales', dest_path='', event_type='modified', is_directory=True, is_synthetic=False)
2026-08-31 22:19:15 [DEBUG   ] NativeEvent(path="/Users/shubhamarundekatey/ClaudeCode/day28/StreamDeck-Premium/mobile/node_modules/zod/src/v4/locales", inode=279680760, flags=20400, id=950493605): is_directory, is_inode_meta_mod
2026-08-31 22:19:15 [DEBUG   ] queue_event DirModifiedEvent(src_path='/Users/shubhamarundekatey/ClaudeCode/day28/StreamDeck-Premium/mobile/node_modules/zod/src/v4/locales', dest_path='', event_type='modified', is_directory=True, is_synthetic=False)
2026-08-31 22:19:15 [DEBUG   ] NativeEvent(path="/Users/shubhamarundekatey/ClaudeCode/day28/StreamDeck-Premium/mobile/node_modules/zod/src/v4/locales", inode=279680760, flags=20400, id=950493625): is_directory, is_inode_meta_mod
2026-08-31 22:19:15 [DEBUG   ] queue_event DirModifiedEvent(src_path='/Users/shubhamarundekatey/ClaudeCode/day28/StreamDeck-Premium/mobile/node_modules/zod/src/v4/locales', dest_path='', event_type='modified', is_directory=True, is_synthetic=False)
2026-08-31 22:19:15 [DEBUG   ] NativeEvent(path="/Users/shubhamarundekatey/ClaudeCode/day28/StreamDeck-Premium/mobile/node_modules/zod/src/v4/locales", inode=279680760, flags=20400, id=950493640): is_directory, is_inode_meta_mod
2026-08-31 22:19:15 [DEBUG   ] queue_event DirModifiedEvent(src_path='/Users/shubhamarundekatey/ClaudeCode/day28/StreamDeck-Premium/mobile/node_modules/zod/src/v4/locales', dest_path='', event_type='modified', is_directory=True, is_synthetic=False)
2026-08-31 22:19:15 [DEBUG   ] NativeEvent(path="/Users/shubhamarundekatey/ClaudeCode/day28/StreamDeck-Premium/mobile/node_modules/zod/src/v4/locales", inode=279680760, flags=20400, id=950493646): is_directory, is_inode_meta_mod
2026-08-31 22:19:15 [DEBUG   ] queue_event DirModifiedEvent(src_path='/Users/shubhamarundekatey/ClaudeCode/day28/StreamDeck-Premium/mobile/node_modules/zod/src/v4/locales', dest_path='', event_type='modified', is_directory=True, is_synthetic=False)
2026-08-31 22:19:16 [DEBUG   ] NativeEvent(path="/Users/shubhamarundekatey/ClaudeCode/day28/StreamDeck-Premium/mobile/node_modules/zod/src/v4/locales", inode=279680760, flags=20400, id=950493652): is_directory, is_inode_meta_mod
2026-08-31 22:19:16 [DEBUG   ] queue_event DirModifiedEvent(src_path='/Users/shubhamarundekatey/ClaudeCode/day28/StreamDeck-Premium/mobile/node_modules/zod/src/v4/locales', dest_path='', event_type='modified', is_directory=True, is_synthetic=False)
2026-08-31 22:19:16 [DEBUG   ] NativeEvent(path="/Users/shubhamarundekatey/ClaudeCode/day28/StreamDeck-Premium/mobile/node_modules/zod/src/v4/locales", inode=279680760, flags=20400, id=950493658): is_directory, is_inode_meta_mod
2026-08-31 22:19:16 [DEBUG   ] queue_event DirModifiedEvent(src_path='/Users/shubhamarundekatey/ClaudeCode/day28/StreamDeck-Premium/mobile/node_modules/zod/src/v4/locales', dest_path='', event_type='modified', is_directory=True, is_synthetic=False)
2026-08-31 22:19:16 [DEBUG   ] NativeEvent(path="/Users/shubhamarundekatey/ClaudeCode/day28/StreamDeck-Premium/mobile/node_modules/zod/src/v4/locales", inode=279680760, flags=20400, id=950493670): is_directory, is_inode_meta_mod
2026-08-31 22:19:16 [DEBUG   ] queue_event DirModifiedEvent(src_path='/Users/shubhamarundekatey/ClaudeCode/day28/StreamDeck-Premium/mobile/node_modules/zod/src/v4/locales', dest_path='', event_type='modified', is_directory=True, is_synthetic=False)
2026-08-31 22:19:16 [DEBUG   ] NativeEvent(path="/Users/shubhamarundekatey/ClaudeCode/day28/StreamDeck-Premium/mobile/node_modules/zod/src/v4/locales", inode=279680760, flags=20400, id=950493679): is_directory, is_inode_meta_mod
2026-08-31 22:19:16 [DEBUG   ] queue_event DirModifiedEvent(src_path='/Users/shubhamarundekatey/ClaudeCode/day28/StreamDeck-Premium/mobile/node_modules/zod/src/v4/locales', dest_path='', event_type='modified', is_directory=True, is_synthetic=False)
2026-08-31 22:19:16 [DEBUG   ] NativeEvent(path="/Users/shubhamarundekatey/ClaudeCode/day28/StreamDeck-Premium/mobile/node_modules/zod/src/v4/locales", inode=279680760, flags=20400, id=950493706): is_directory, is_inode_meta_mod
2026-08-31 22:19:16 [DEBUG   ] queue_event DirModifiedEvent(src_path='/Users/shubhamarundekatey/ClaudeCode/day28/StreamDeck-Premium/mobile/node_modules/zod/src/v4/locales', dest_path='', event_type='modified', is_directory=True, is_synthetic=False)
2026-08-31 22:19:16 [DEBUG   ] NativeEvent(path="/Users/shubhamarundekatey/ClaudeCode/day28/StreamDeck-Premium/mobile/node_modules/zod/src/v4/locales", inode=279680760, flags=20400, id=950493759): is_directory, is_inode_meta_mod
2026-08-31 22:19:16 [DEBUG   ] queue_event DirModifiedEvent(src_path='/Users/shubhamarundekatey/ClaudeCode/day28/StreamDeck-Premium/mobile/node_modules/zod/src/v4/locales', dest_path='', event_type='modified', is_directory=True, is_synthetic=False)
2026-08-31 22:19:16 [DEBUG   ] NativeEvent(path="/Users/shubhamarundekatey/ClaudeCode/day28/StreamDeck-Premium/mobile/node_modules/zod/src/v4/locales", inode=279680760, flags=20400, id=950493765): is_directory, is_inode_meta_mod
2026-08-31 22:19:16 [DEBUG   ] queue_event DirModifiedEvent(src_path='/Users/shubhamarundekatey/ClaudeCode/day28/StreamDeck-Premium/mobile/node_modules/zod/src/v4/locales', dest_path='', event_type='modified', is_directory=True, is_synthetic=False)
2026-08-31 22:19:16 [DEBUG   ] NativeEvent(path="/Users/shubhamarundekatey/ClaudeCode/day28/StreamDeck-Premium/mobile/node_modules/zod/src/v4/locales", inode=279680760, flags=20400, id=950493780): is_directory, is_inode_meta_mod
2026-08-31 22:19:16 [DEBUG   ] queue_event DirModifiedEvent(src_path='/Users/shubhamarundekatey/ClaudeCode/day28/StreamDeck-Premium/mobile/node_modules/zod/src/v4/locales', dest_path='', event_type='modified', is_directory=True, is_synthetic=False)
2026-08-31 22:19:16 [DEBUG   ] NativeEvent(path="/Users/shubhamarundekatey/ClaudeCode/day28/StreamDeck-Premium/mobile/node_modules/zod/src/v4/locales", inode=279680760, flags=20400, id=950493786): is_directory, is_inode_meta_mod
2026-08-31 22:19:16 [DEBUG   ] queue_event DirModifiedEvent(src_path='/Users/shubhamarundekatey/ClaudeCode/day28/StreamDeck-Premium/mobile/node_modules/zod/src/v4/locales', dest_path='', event_type='modified', is_directory=True, is_synthetic=False)
2026-08-31 22:19:16 [DEBUG   ] NativeEvent(path="/Users/shubhamarundekatey/ClaudeCode/day28/StreamDeck-Premium/mobile/node_modules/zod/src/v4/locales", inode=279680760, flags=20400, id=950493798): is_directory, is_inode_meta_mod
2026-08-31 22:19:16 [DEBUG   ] queue_event DirModifiedEvent(src_path='/Users/shubhamarundekatey/ClaudeCode/day28/StreamDeck-Premium/mobile/node_modules/zod/src/v4/locales', dest_path='', event_type='modified', is_directory=True, is_synthetic=False)
2026-08-31 22:19:17 [DEBUG   ] NativeEvent(path="/Users/shubhamarundekatey/ClaudeCode/day28/StreamDeck-Premium/mobile/node_modules/zod/src/v4/locales", inode=279680760, flags=20400, id=950493804): is_directory, is_inode_meta_mod
2026-08-31 22:19:17 [DEBUG   ] queue_event DirModifiedEvent(src_path='/Users/shubhamarundekatey/ClaudeCode/day28/StreamDeck-Premium/mobile/node_modules/zod/src/v4/locales', dest_path='', event_type='modified', is_directory=True, is_synthetic=False)
2026-08-31 22:19:17 [DEBUG   ] NativeEvent(path="/Users/shubhamarundekatey/ClaudeCode/day28/StreamDeck-Premium/mobile/node_modules/zod/src/v4/locales", inode=279680760, flags=20400, id=950493810): is_directory, is_inode_meta_mod
2026-08-31 22:19:17 [DEBUG   ] queue_event DirModifiedEvent(src_path='/Users/shubhamarundekatey/ClaudeCode/day28/StreamDeck-Premium/mobile/node_modules/zod/src/v4/locales', dest_path='', event_type='modified', is_directory=True, is_synthetic=False)
2026-08-31 22:19:17 [DEBUG   ] NativeEvent(path="/Users/shubhamarundekatey/ClaudeCode/day28/StreamDeck-Premium/mobile/node_modules/zod/src/v4/locales", inode=279680760, flags=20400, id=950493828): is_directory, is_inode_meta_mod
2026-08-31 22:19:17 [DEBUG   ] queue_event DirModifiedEvent(src_path='/Users/shubhamarundekatey/ClaudeCode/day28/StreamDeck-Premium/mobile/node_modules/zod/src/v4/locales', dest_path='', event_type='modified', is_directory=True, is_synthetic=False)
2026-08-31 22:19:17 [DEBUG   ] NativeEvent(path="/Users/shubhamarundekatey/ClaudeCode/day28/StreamDeck-Premium/mobile/node_modules/zod/src/v4/locales", inode=279680760, flags=20400, id=950493840): is_directory, is_inode_meta_mod
2026-08-31 22:19:17 [DEBUG   ] queue_event DirModifiedEvent(src_path='/Users/shubhamarundekatey/ClaudeCode/day28/StreamDeck-Premium/mobile/node_modules/zod/src/v4/locales', dest_path='', event_type='modified', is_directory=True, is_synthetic=False)
2026-08-31 22:19:17 [DEBUG   ] NativeEvent(path="/Users/shubhamarundekatey/ClaudeCode/day28/StreamDeck-Premium/mobile/node_modules/zod/src/v4/locales", inode=279680760, flags=20400, id=950493882): is_directory, is_inode_meta_mod
2026-08-31 22:19:17 [DEBUG   ] queue_event DirModifiedEvent(src_path='/Users/shubhamarundekatey/ClaudeCode/day28/StreamDeck-Premium/mobile/node_modules/zod/src/v4/locales', dest_path='', event_type='modified', is_directory=True, is_synthetic=False)
2026-08-31 22:19:17 [DEBUG   ] NativeEvent(path="/Users/shubhamarundekatey/ClaudeCode/day28/StreamDeck-Premium/mobile/node_modules/zod/src/v4/locales", inode=279680760, flags=20400, id=950493938): is_directory, is_inode_meta_mod
2026-08-31 22:19:17 [DEBUG   ] queue_event DirModifiedEvent(src_path='/Users/shubhamarundekatey/ClaudeCode/day28/StreamDeck-Premium/mobile/node_modules/zod/src/v4/locales', dest_path='', event_type='modified', is_directory=True, is_synthetic=False)
2026-08-31 22:19:17 [DEBUG   ] NativeEvent(path="/Users/shubhamarundekatey/ClaudeCode/day28/StreamDeck-Premium/mobile/node_modules/zod/src/v4/locales", inode=279680760, flags=20400, id=950494010): is_directory, is_inode_meta_mod
2026-08-31 22:19:17 [DEBUG   ] queue_event DirModifiedEvent(src_path='/Users/shubhamarundekatey/ClaudeCode/day28/StreamDeck-Premium/mobile/node_modules/zod/src/v4/locales', dest_path='', event_type='modified', is_directory=True, is_synthetic=False)
2026-08-31 22:19:17 [DEBUG   ] NativeEvent(path="/Users/shubhamarundekatey/ClaudeCode/day28/StreamDeck-Premium/mobile/node_modules/zod/src/v4/locales", inode=279680760, flags=20400, id=950494090): is_directory, is_inode_meta_mod
2026-08-31 22:19:17 [DEBUG   ] queue_event DirModifiedEvent(src_path='/Users/shubhamarundekatey/ClaudeCode/day28/StreamDeck-Premium/mobile/node_modules/zod/src/v4/locales', dest_path='', event_type='modified', is_directory=True, is_synthetic=False)
2026-08-31 22:19:17 [DEBUG   ] NativeEvent(path="/Users/shubhamarundekatey/ClaudeCode/day28/StreamDeck-Premium/mobile/node_modules/zod/src/v4/locales", inode=279680760, flags=20400, id=950494282): is_directory, is_inode_meta_mod
2026-08-31 22:19:17 [DEBUG   ] queue_event DirModifiedEvent(src_path='/Users/shubhamarundekatey/ClaudeCode/day28/StreamDeck-Premium/mobile/node_modules/zod/src/v4/locales', dest_path='', event_type='modified', is_directory=True, is_synthetic=False)
2026-08-31 22:19:17 [DEBUG   ] NativeEvent(path="/Users/shubhamarundekatey/ClaudeCode/day28/StreamDeck-Premium/mobile/node_modules/zod/src/v4/locales", inode=279680760, flags=20400, id=950494431): is_directory, is_inode_meta_mod
2026-08-31 22:19:17 [DEBUG   ] queue_event DirModifiedEvent(src_path='/Users/shubhamarundekatey/ClaudeCode/day28/StreamDeck-Premium/mobile/node_modules/zod/src/v4/locales', dest_path='', event_type='modified', is_directory=True, is_synthetic=False)
2026-08-31 22:19:18 [DEBUG   ] NativeEvent(path="/Users/shubhamarundekatey/ClaudeCode/day28/StreamDeck-Premium/mobile/node_modules/zod/src/v4/locales", inode=279680760, flags=20400, id=950494721): is_directory, is_inode_meta_mod
2026-08-31 22:19:18 [DEBUG   ] queue_event DirModifiedEvent(src_path='/Users/shubhamarundekatey/ClaudeCode/day28/StreamDeck-Premium/mobile/node_modules/zod/src/v4/locales', dest_path='', event_type='modified', is_directory=True, is_synthetic=False)
2026-08-31 22:19:18 [DEBUG   ] NativeEvent(path="/Users/shubhamarundekatey/ClaudeCode/day28/StreamDeck-Premium/mobile/node_modules/zod/src/v4/locales", inode=279680760, flags=20400, id=950494882): is_directory, is_inode_meta_mod
2026-08-31 22:19:18 [DEBUG   ] queue_event DirModifiedEvent(src_path='/Users/shubhamarundekatey/ClaudeCode/day28/StreamDeck-Premium/mobile/node_modules/zod/src/v4/locales', dest_path='', event_type='modified', is_directory=True, is_synthetic=False)
2026-08-31 22:19:18 [DEBUG   ] NativeEvent(path="/Users/shubhamarundekatey/ClaudeCode/day28/StreamDeck-Premium/mobile/node_modules/zod/src/v4/locales", inode=279680760, flags=20400, id=950495065): is_directory, is_inode_meta_mod
2026-08-31 22:19:18 [DEBUG   ] queue_event DirModifiedEvent(src_path='/Users/shubhamarundekatey/ClaudeCode/day28/StreamDeck-Premium/mobile/node_modules/zod/src/v4/locales', dest_path='', event_type='modified', is_directory=True, is_synthetic=False)
2026-08-31 22:19:18 [DEBUG   ] NativeEvent(path="/Users/shubhamarundekatey/ClaudeCode/day28/StreamDeck-Premium/mobile/node_modules/zod/src/v4/locales", inode=279680760, flags=20400, id=950495171): is_directory, is_inode_meta_mod
2026-08-31 22:19:18 [DEBUG   ] queue_event DirModifiedEvent(src_path='/Users/shubhamarundekatey/ClaudeCode/day28/StreamDeck-Premium/mobile/node_modules/zod/src/v4/locales', dest_path='', event_type='modified', is_directory=True, is_synthetic=False)
2026-08-31 22:19:18 [DEBUG   ] NativeEvent(path="/Users/shubhamarundekatey/ClaudeCode/day28/StreamDeck-Premium/mobile/node_modules/zod/src/v4/locales", inode=279680760, flags=20400, id=950495329): is_directory, is_inode_meta_mod
2026-08-31 22:19:18 [DEBUG   ] queue_event DirModifiedEvent(src_path='/Users/shubhamarundekatey/ClaudeCode/day28/StreamDeck-Premium/mobile/node_modules/zod/src/v4/locales', dest_path='', event_type='modified', is_directory=True, is_synthetic=False)
2026-08-31 22:19:18 [DEBUG   ] NativeEvent(path="/Users/shubhamarundekatey/ClaudeCode/day28/StreamDeck-Premium/mobile/node_modules/zod/src/v4/locales", inode=279680760, flags=20400, id=950495375): is_directory, is_inode_meta_mod
2026-08-31 22:19:18 [DEBUG   ] queue_event DirModifiedEvent(src_path='/Users/shubhamarundekatey/ClaudeCode/day28/StreamDeck-Premium/mobile/node_modules/zod/src/v4/locales', dest_path='', event_type='modified', is_directory=True, is_synthetic=False)
2026-08-31 22:19:18 [DEBUG   ] NativeEvent(path="/Users/shubhamarundekatey/ClaudeCode/day28/StreamDeck-Premium/mobile/node_modules/zod/src/v4/locales", inode=279680760, flags=20400, id=950495424): is_directory, is_inode_meta_mod
2026-08-31 22:19:18 [DEBUG   ] queue_event DirModifiedEvent(src_path='/Users/shubhamarundekatey/ClaudeCode/day28/StreamDeck-Premium/mobile/node_modules/zod/src/v4/locales', dest_path='', event_type='modified', is_directory=True, is_synthetic=False)
2026-08-31 22:19:18 [DEBUG   ] NativeEvent(path="/Users/shubhamarundekatey/ClaudeCode/day28/StreamDeck-Premium/mobile/node_modules/zod/src/v4/locales", inode=279680760, flags=20400, id=950495433): is_directory, is_inode_meta_mod
2026-08-31 22:19:18 [DEBUG   ] queue_event DirModifiedEvent(src_path='/Users/shubhamarundekatey/ClaudeCode/day28/StreamDeck-Premium/mobile/node_modules/zod/src/v4/locales', dest_path='', event_type='modified', is_directory=True, is_synthetic=False)
2026-08-31 22:19:18 [DEBUG   ] NativeEvent(path="/Users/shubhamarundekatey/ClaudeCode/day28/StreamDeck-Premium/mobile/node_modules/zod/src/v4/locales", inode=279680760, flags=20400, id=950495445): is_directory, is_inode_meta_mod
2026-08-31 22:19:18 [DEBUG   ] queue_event DirModifiedEvent(src_path='/Users/shubhamarundekatey/ClaudeCode/day28/StreamDeck-Premium/mobile/node_modules/zod/src/v4/locales', dest_path='', event_type='modified', is_directory=True, is_synthetic=False)
2026-08-31 22:19:18 [DEBUG   ] NativeEvent(path="/Users/shubhamarundekatey/ClaudeCode/day28/StreamDeck-Premium/mobile/node_modules/zod/src/v4/locales", inode=279680760, flags=20400, id=950495451): is_directory, is_inode_meta_mod
2026-08-31 22:19:18 [DEBUG   ] queue_event DirModifiedEvent(src_path='/Users/shubhamarundekatey/ClaudeCode/day28/StreamDeck-Premium/mobile/node_modules/zod/src/v4/locales', dest_path='', event_type='modified', is_directory=True, is_synthetic=False)
2026-08-31 22:19:19 [DEBUG   ] NativeEvent(path="/Users/shubhamarundekatey/ClaudeCode/day28/StreamDeck-Premium/mobile/node_modules/zod/src/v4/locales", inode=279680760, flags=20400, id=950495457): is_directory, is_inode_meta_mod
2026-08-31 22:19:19 [DEBUG   ] queue_event DirModifiedEvent(src_path='/Users/shubhamarundekatey/ClaudeCode/day28/StreamDeck-Premium/mobile/node_modules/zod/src/v4/locales', dest_path='', event_type='modified', is_directory=True, is_synthetic=False)
2026-08-31 22:19:19 [DEBUG   ] NativeEvent(path="/Users/shubhamarundekatey/ClaudeCode/day28/StreamDeck-Premium/mobile/node_modules/zod/src/v4/locales", inode=279680760, flags=20400, id=950495463): is_directory, is_inode_meta_mod
2026-08-31 22:19:19 [DEBUG   ] queue_event DirModifiedEvent(src_path='/Users/shubhamarundekatey/ClaudeCode/day28/StreamDeck-Premium/mobile/node_modules/zod/src/v4/locales', dest_path='', event_type='modified', is_directory=True, is_synthetic=False)
2026-08-31 22:19:19 [DEBUG   ] NativeEvent(path="/Users/shubhamarundekatey/ClaudeCode/day28/StreamDeck-Premium/mobile/node_modules/zod/src/v4/locales", inode=279680760, flags=20400, id=950495488): is_directory, is_inode_meta_mod
2026-08-31 22:19:19 [DEBUG   ] queue_event DirModifiedEvent(src_path='/Users/shubhamarundekatey/ClaudeCode/day28/StreamDeck-Premium/mobile/node_modules/zod/src/v4/locales', dest_path='', event_type='modified', is_directory=True, is_synthetic=False)
2026-08-31 22:19:19 [DEBUG   ] NativeEvent(path="/Users/shubhamarundekatey/ClaudeCode/day28/StreamDeck-Premium/mobile/node_modules/zod/src/v4/locales", inode=279680760, flags=20400, id=950495546): is_directory, is_inode_meta_mod
2026-08-31 22:19:19 [DEBUG   ] queue_event DirModifiedEvent(src_path='/Users/shubhamarundekatey/ClaudeCode/day28/StreamDeck-Premium/mobile/node_modules/zod/src/v4/locales', dest_path='', event_type='modified', is_directory=True, is_synthetic=False)
2026-08-31 22:19:19 [DEBUG   ] NativeEvent(path="/Users/shubhamarundekatey/ClaudeCode/day28/StreamDeck-Premium/mobile/node_modules/zod/src/v4/locales", inode=279680760, flags=20400, id=950495638): is_directory, is_inode_meta_mod
2026-08-31 22:19:19 [DEBUG   ] queue_event DirModifiedEvent(src_path='/Users/shubhamarundekatey/ClaudeCode/day28/StreamDeck-Premium/mobile/node_modules/zod/src/v4/locales', dest_path='', event_type='modified', is_directory=True, is_synthetic=False)
2026-08-31 22:19:19 [DEBUG   ] NativeEvent(path="/Users/shubhamarundekatey/ClaudeCode/day28/StreamDeck-Premium/mobile/node_modules/zod/src/v4/mini", inode=279680827, flags=20400, id=950495684): is_directory, is_inode_meta_mod
2026-08-31 22:19:19 [DEBUG   ] queue_event DirModifiedEvent(src_path='/Users/shubhamarundekatey/ClaudeCode/day28/StreamDeck-Premium/mobile/node_modules/zod/src/v4/mini', dest_path='', event_type='modified', is_directory=True, is_synthetic=False)
2026-08-31 22:19:19 [DEBUG   ] NativeEvent(path="/Users/shubhamarundekatey/ClaudeCode/day28/StreamDeck-Premium/mobile/node_modules/zod/src/v4/mini", inode=279680827, flags=20400, id=950495693): is_directory, is_inode_meta_mod
2026-08-31 22:19:19 [DEBUG   ] queue_event DirModifiedEvent(src_path='/Users/shubhamarundekatey/ClaudeCode/day28/StreamDeck-Premium/mobile/node_modules/zod/src/v4/mini', dest_path='', event_type='modified', is_directory=True, is_synthetic=False)
2026-08-31 22:19:19 [DEBUG   ] NativeEvent(path="/Users/shubhamarundekatey/ClaudeCode/day28/StreamDeck-Premium/mobile/node_modules/zod/src/v4/mini", inode=279680827, flags=20400, id=950495705): is_directory, is_inode_meta_mod
2026-08-31 22:19:19 [DEBUG   ] queue_event DirModifiedEvent(src_path='/Users/shubhamarundekatey/ClaudeCode/day28/StreamDeck-Premium/mobile/node_modules/zod/src/v4/mini', dest_path='', event_type='modified', is_directory=True, is_synthetic=False)
2026-08-31 22:19:19 [DEBUG   ] NativeEvent(path="/Users/shubhamarundekatey/ClaudeCode/day28/StreamDeck-Premium/mobile/node_modules/zod/src/v4/mini", inode=279680827, flags=20400, id=950495711): is_directory, is_inode_meta_mod
2026-08-31 22:19:19 [DEBUG   ] queue_event DirModifiedEvent(src_path='/Users/shubhamarundekatey/ClaudeCode/day28/StreamDeck-Premium/mobile/node_modules/zod/src/v4/mini', dest_path='', event_type='modified', is_directory=True, is_synthetic=False)
2026-08-31 22:19:20 [DEBUG   ] NativeEvent(path="/Users/shubhamarundekatey/ClaudeCode/day28/StreamDeck-Premium/mobile/node_modules/zod/src/v4/mini/tests", inode=279680831, flags=20400, id=950495717): is_directory, is_inode_meta_mod
2026-08-31 22:19:20 [DEBUG   ] queue_event DirModifiedEvent(src_path='/Users/shubhamarundekatey/ClaudeCode/day28/StreamDeck-Premium/mobile/node_modules/zod/src/v4/mini/tests', dest_path='', event_type='modified', is_directory=True, is_synthetic=False)
2026-08-31 22:19:20 [DEBUG   ] NativeEvent(path="/Users/shubhamarundekatey/ClaudeCode/day28/StreamDeck-Premium/mobile/node_modules/zod/src/v4/mini/tests", inode=279680831, flags=20400, id=950495741): is_directory, is_inode_meta_mod
2026-08-31 22:19:20 [DEBUG   ] queue_event DirModifiedEvent(src_path='/Users/shubhamarundekatey/ClaudeCode/day28/StreamDeck-Premium/mobile/node_modules/zod/src/v4/mini/tests', dest_path='', event_type='modified', is_directory=True, is_synthetic=False)
2026-08-31 22:19:20 [DEBUG   ] NativeEvent(path="/Users/shubhamarundekatey/ClaudeCode/day28/StreamDeck-Premium/mobile/node_modules/zod/src/v4/mini/tests", inode=279680831, flags=20400, id=950495886): is_directory, is_inode_meta_mod
2026-08-31 22:19:20 [DEBUG   ] queue_event DirModifiedEvent(src_path='/Users/shubhamarundekatey/ClaudeCode/day28/StreamDeck-Premium/mobile/node_modules/zod/src/v4/mini/tests', dest_path='', event_type='modified', is_directory=True, is_synthetic=False)
2026-08-31 22:19:20 [DEBUG   ] NativeEvent(path="/Users/shubhamarundekatey/ClaudeCode/day28/StreamDeck-Premium/mobile/node_modules/zod/src/v4/mini/tests", inode=279680831, flags=20400, id=950496296): is_directory, is_inode_meta_mod
2026-08-31 22:19:20 [DEBUG   ] queue_event DirModifiedEvent(src_path='/Users/shubhamarundekatey/ClaudeCode/day28/StreamDeck-Premium/mobile/node_modules/zod/src/v4/mini/tests', dest_path='', event_type='modified', is_directory=True, is_synthetic=False)
2026-08-31 22:19:20 [DEBUG   ] NativeEvent(path="/Users/shubhamarundekatey/ClaudeCode/day28/StreamDeck-Premium/mobile/node_modules/zod/src/v4/mini/tests", inode=279680831, flags=20400, id=950496356): is_directory, is_inode_meta_mod
2026-08-31 22:19:20 [DEBUG   ] queue_event DirModifiedEvent(src_path='/Users/shubhamarundekatey/ClaudeCode/day28/StreamDeck-Premium/mobile/node_modules/zod/src/v4/mini/tests', dest_path='', event_type='modified', is_directory=True, is_synthetic=False)
2026-08-31 22:19:20 [DEBUG   ] NativeEvent(path="/Users/shubhamarundekatey/ClaudeCode/day28/StreamDeck-Premium/mobile/node_modules/zod/src/v4/mini/tests", inode=279680831, flags=20400, id=950496413): is_directory, is_inode_meta_mod
2026-08-31 22:19:20 [DEBUG   ] queue_event DirModifiedEvent(src_path='/Users/shubhamarundekatey/ClaudeCode/day28/StreamDeck-Premium/mobile/node_modules/zod/src/v4/mini/tests', dest_path='', event_type='modified', is_directory=True, is_synthetic=False)
2026-08-31 22:19:21 [DEBUG   ] NativeEvent(path="/Users/shubhamarundekatey/ClaudeCode/day28/StreamDeck-Premium/mobile/node_modules/zod/src/v4/mini/tests", inode=279680831, flags=20400, id=950496500): is_directory, is_inode_meta_mod
2026-08-31 22:19:21 [DEBUG   ] queue_event DirModifiedEvent(src_path='/Users/shubhamarundekatey/ClaudeCode/day28/StreamDeck-Premium/mobile/node_modules/zod/src/v4/mini/tests', dest_path='', event_type='modified', is_directory=True, is_synthetic=False)
2026-08-31 22:19:21 [DEBUG   ] NativeEvent(path="/Users/shubhamarundekatey/ClaudeCode/day28/StreamDeck-Premium/mobile/node_modules/zod/src/v4/mini/tests", inode=279680831, flags=20400, id=950496529): is_directory, is_inode_meta_mod
2026-08-31 22:19:21 [DEBUG   ] queue_event DirModifiedEvent(src_path='/Users/shubhamarundekatey/ClaudeCode/day28/StreamDeck-Premium/mobile/node_modules/zod/src/v4/mini/tests', dest_path='', event_type='modified', is_directory=True, is_synthetic=False)
2026-08-31 22:19:21 [DEBUG   ] NativeEvent(path="/Users/shubhamarundekatey/ClaudeCode/day28/StreamDeck-Premium/mobile/node_modules/zod/src/v4/mini/tests", inode=279680831, flags=20400, id=950496541): is_directory, is_inode_meta_mod
2026-08-31 22:19:21 [DEBUG   ] queue_event DirModifiedEvent(src_path='/Users/shubhamarundekatey/ClaudeCode/day28/StreamDeck-Premium/mobile/node_modules/zod/src/v4/mini/tests', dest_path='', event_type='modified', is_directory=True, is_synthetic=False)
2026-08-31 22:19:21 [DEBUG   ] NativeEvent(path="/Users/shubhamarundekatey/ClaudeCode/day28/StreamDeck-Premium/mobile/node_modules/zod/src/v4/mini/tests", inode=279680831, flags=20400, id=950496547): is_directory, is_inode_meta_mod
2026-08-31 22:19:21 [DEBUG   ] queue_event DirModifiedEvent(src_path='/Users/shubhamarundekatey/ClaudeCode/day28/StreamDeck-Premium/mobile/node_modules/zod/src/v4/mini/tests', dest_path='', event_type='modified', is_directory=True, is_synthetic=False)
2026-08-31 22:19:21 [DEBUG   ] NativeEvent(path="/Users/shubhamarundekatey/ClaudeCode/day28/StreamDeck-Premium/mobile/node_modules/zod/src/v4/mini/tests", inode=279680831, flags=20400, id=950496553): is_directory, is_inode_meta_mod
2026-08-31 22:19:21 [DEBUG   ] queue_event DirModifiedEvent(src_path='/Users/shubhamarundekatey/ClaudeCode/day28/StreamDeck-Premium/mobile/node_modules/zod/src/v4/mini/tests', dest_path='', event_type='modified', is_directory=True, is_synthetic=False)
2026-08-31 22:19:21 [DEBUG   ] NativeEvent(path="/Users/shubhamarundekatey/ClaudeCode/day28/StreamDeck-Premium/mobile/node_modules/zod/src/v4/mini/tests", inode=279680831, flags=20400, id=950496559): is_directory, is_inode_meta_mod
2026-08-31 22:19:21 [DEBUG   ] queue_event DirModifiedEvent(src_path='/Users/shubhamarundekatey/ClaudeCode/day28/StreamDeck-Premium/mobile/node_modules/zod/src/v4/mini/tests', dest_path='', event_type='modified', is_directory=True, is_synthetic=False)
2026-08-31 22:19:21 [DEBUG   ] NativeEvent(path="/Users/shubhamarundekatey/ClaudeCode/day28/StreamDeck-Premium/mobile/node_modules/zod/src/v4/mini", inode=279680827, flags=20400, id=950496565): is_directory, is_inode_meta_mod
2026-08-31 22:19:21 [DEBUG   ] queue_event DirModifiedEvent(src_path='/Users/shubhamarundekatey/ClaudeCode/day28/StreamDeck-Premium/mobile/node_modules/zod/src/v4/mini', dest_path='', event_type='modified', is_directory=True, is_synthetic=False)
2026-08-31 22:19:21 [DEBUG   ] NativeEvent(path="/Users/shubhamarundekatey/ClaudeCode/day28/StreamDeck-Premium/mobile/node_modules/zod/src/v4/mini", inode=279680827, flags=20400, id=950496627): is_directory, is_inode_meta_mod
2026-08-31 22:19:21 [DEBUG   ] queue_event DirModifiedEvent(src_path='/Users/shubhamarundekatey/ClaudeCode/day28/StreamDeck-Premium/mobile/node_modules/zod/src/v4/mini', dest_path='', event_type='modified', is_directory=True, is_synthetic=False)
2026-08-31 22:19:21 [DEBUG   ] NativeEvent(path="/Users/shubhamarundekatey/ClaudeCode/day28/StreamDeck-Premium/mobile/node_modules/zod/src/v4/mini", inode=279680827, flags=20400, id=950496647): is_directory, is_inode_meta_mod
2026-08-31 22:19:21 [DEBUG   ] queue_event DirModifiedEvent(src_path='/Users/shubhamarundekatey/ClaudeCode/day28/StreamDeck-Premium/mobile/node_modules/zod/src/v4/mini', dest_path='', event_type='modified', is_directory=True, is_synthetic=False)
2026-08-31 22:19:21 [DEBUG   ] NativeEvent(path="/Users/shubhamarundekatey/ClaudeCode/day28/StreamDeck-Premium/mobile/node_modules/zod/v3", inode=279680699, flags=20400, id=950496842): is_directory, is_inode_meta_mod
2026-08-31 22:19:21 [DEBUG   ] queue_event DirModifiedEvent(src_path='/Users/shubhamarundekatey/ClaudeCode/day28/StreamDeck-Premium/mobile/node_modules/zod/v3', dest_path='', event_type='modified', is_directory=True, is_synthetic=False)
2026-08-31 22:19:22 [DEBUG   ] NativeEvent(path="/Users/shubhamarundekatey/ClaudeCode/day28/StreamDeck-Premium/mobile/node_modules/zod/v3", inode=279680699, flags=20400, id=950496967): is_directory, is_inode_meta_mod
2026-08-31 22:19:22 [DEBUG   ] queue_event DirModifiedEvent(src_path='/Users/shubhamarundekatey/ClaudeCode/day28/StreamDeck-Premium/mobile/node_modules/zod/v3', dest_path='', event_type='modified', is_directory=True, is_synthetic=False)
2026-08-31 22:19:22 [DEBUG   ] NativeEvent(path="/Users/shubhamarundekatey/ClaudeCode/day28/StreamDeck-Premium/mobile/node_modules/zod/v3", inode=279680699, flags=20400, id=950496976): is_directory, is_inode_meta_mod
2026-08-31 22:19:22 [DEBUG   ] queue_event DirModifiedEvent(src_path='/Users/shubhamarundekatey/ClaudeCode/day28/StreamDeck-Premium/mobile/node_modules/zod/v3', dest_path='', event_type='modified', is_directory=True, is_synthetic=False)
2026-08-31 22:19:22 [DEBUG   ] NativeEvent(path="/Users/shubhamarundekatey/ClaudeCode/day28/StreamDeck-Premium/mobile/node_modules/zod/v3", inode=279680699, flags=20400, id=950497096): is_directory, is_inode_meta_mod
2026-08-31 22:19:22 [DEBUG   ] queue_event DirModifiedEvent(src_path='/Users/shubhamarundekatey/ClaudeCode/day28/StreamDeck-Premium/mobile/node_modules/zod/v3', dest_path='', event_type='modified', is_directory=True, is_synthetic=False)
2026-08-31 22:19:22 [DEBUG   ] NativeEvent(path="/Users/shubhamarundekatey/ClaudeCode/day28/StreamDeck-Premium/mobile/node_modules/zod/v3", inode=279680699, flags=20400, id=950497102): is_directory, is_inode_meta_mod
2026-08-31 22:19:22 [DEBUG   ] queue_event DirModifiedEvent(src_path='/Users/shubhamarundekatey/ClaudeCode/day28/StreamDeck-Premium/mobile/node_modules/zod/v3', dest_path='', event_type='modified', is_directory=True, is_synthetic=False)
2026-08-31 22:19:22 [DEBUG   ] NativeEvent(path="/Users/shubhamarundekatey/ClaudeCode/day28/StreamDeck-Premium/mobile/node_modules/zod/v3/helpers", inode=279680729, flags=20400, id=950497135): is_directory, is_inode_meta_mod
2026-08-31 22:19:22 [DEBUG   ] queue_event DirModifiedEvent(src_path='/Users/shubhamarundekatey/ClaudeCode/day28/StreamDeck-Premium/mobile/node_modules/zod/v3/helpers', dest_path='', event_type='modified', is_directory=True, is_synthetic=False)
2026-08-31 22:19:22 [DEBUG   ] NativeEvent(path="/Users/shubhamarundekatey/ClaudeCode/day28/StreamDeck-Premium/mobile/node_modules/zod/v3/helpers", inode=279680729, flags=20400, id=950497170): is_directory, is_inode_meta_mod
2026-08-31 22:19:22 [DEBUG   ] queue_event DirModifiedEvent(src_path='/Users/shubhamarundekatey/ClaudeCode/day28/StreamDeck-Premium/mobile/node_modules/zod/v3/helpers', dest_path='', event_type='modified', is_directory=True, is_synthetic=False)
2026-08-31 22:19:22 [DEBUG   ] NativeEvent(path="/Users/shubhamarundekatey/ClaudeCode/day28/StreamDeck-Premium/mobile/node_modules/zod/v3/helpers", inode=279680729, flags=20400, id=950497176): is_directory, is_inode_meta_mod
2026-08-31 22:19:22 [DEBUG   ] queue_event DirModifiedEvent(src_path='/Users/shubhamarundekatey/ClaudeCode/day28/StreamDeck-Premium/mobile/node_modules/zod/v3/helpers', dest_path='', event_type='modified', is_directory=True, is_synthetic=False)
2026-08-31 22:19:22 [DEBUG   ] NativeEvent(path="/Users/shubhamarundekatey/ClaudeCode/day28/StreamDeck-Premium/mobile/node_modules/zod/v3/helpers", inode=279680729, flags=20400, id=950497241): is_directory, is_inode_meta_mod
2026-08-31 22:19:22 [DEBUG   ] queue_event DirModifiedEvent(src_path='/Users/shubhamarundekatey/ClaudeCode/day28/StreamDeck-Premium/mobile/node_modules/zod/v3/helpers', dest_path='', event_type='modified', is_directory=True, is_synthetic=False)
2026-08-31 22:19:22 [DEBUG   ] NativeEvent(path="/Users/shubhamarundekatey/ClaudeCode/day28/StreamDeck-Premium/mobile/node_modules/zod/v3/helpers", inode=279680729, flags=20400, id=950497343): is_directory, is_inode_meta_mod
2026-08-31 22:19:22 [DEBUG   ] queue_event DirModifiedEvent(src_path='/Users/shubhamarundekatey/ClaudeCode/day28/StreamDeck-Premium/mobile/node_modules/zod/v3/helpers', dest_path='', event_type='modified', is_directory=True, is_synthetic=False)
2026-08-31 22:19:22 [DEBUG   ] NativeEvent(path="/Users/shubhamarundekatey/ClaudeCode/day28/StreamDeck-Premium/mobile/node_modules/zod/v3/helpers", inode=279680729, flags=20400, id=950497466): is_directory, is_inode_meta_mod
2026-08-31 22:19:22 [DEBUG   ] queue_event DirModifiedEvent(src_path='/Users/shubhamarundekatey/ClaudeCode/day28/StreamDeck-Premium/mobile/node_modules/zod/v3/helpers', dest_path='', event_type='modified', is_directory=True, is_synthetic=False)
2026-08-31 22:19:23 [DEBUG   ] NativeEvent(path="/Users/shubhamarundekatey/ClaudeCode/day28/StreamDeck-Premium/mobile/node_modules/zod/v3/helpers", inode=279680729, flags=20400, id=950497472): is_directory, is_inode_meta_mod
2026-08-31 22:19:23 [DEBUG   ] queue_event DirModifiedEvent(src_path='/Users/shubhamarundekatey/ClaudeCode/day28/StreamDeck-Premium/mobile/node_modules/zod/v3/helpers', dest_path='', event_type='modified', is_directory=True, is_synthetic=False)
2026-08-31 22:19:23 [DEBUG   ] NativeEvent(path="/Users/shubhamarundekatey/ClaudeCode/day28/StreamDeck-Premium/mobile/node_modules/zod/v3/helpers", inode=279680729, flags=20400, id=950497562): is_directory, is_inode_meta_mod
2026-08-31 22:19:23 [DEBUG   ] queue_event DirModifiedEvent(src_path='/Users/shubhamarundekatey/ClaudeCode/day28/StreamDeck-Premium/mobile/node_modules/zod/v3/helpers', dest_path='', event_type='modified', is_directory=True, is_synthetic=False)
2026-08-31 22:19:23 [DEBUG   ] NativeEvent(path="/Users/shubhamarundekatey/ClaudeCode/day28/StreamDeck-Premium/mobile/node_modules/zod/v3/helpers", inode=279680729, flags=20400, id=950497606): is_directory, is_inode_meta_mod
2026-08-31 22:19:23 [DEBUG   ] queue_event DirModifiedEvent(src_path='/Users/shubhamarundekatey/ClaudeCode/day28/StreamDeck-Premium/mobile/node_modules/zod/v3/helpers', dest_path='', event_type='modified', is_directory=True, is_synthetic=False)
2026-08-31 22:19:23 [DEBUG   ] NativeEvent(path="/Users/shubhamarundekatey/ClaudeCode/day28/StreamDeck-Premium/mobile/node_modules/zod/v3/helpers", inode=279680729, flags=20400, id=950497629): is_directory, is_inode_meta_mod
2026-08-31 22:19:23 [DEBUG   ] queue_event DirModifiedEvent(src_path='/Users/shubhamarundekatey/ClaudeCode/day28/StreamDeck-Premium/mobile/node_modules/zod/v3/helpers', dest_path='', event_type='modified', is_directory=True, is_synthetic=False)
2026-08-31 22:19:23 [DEBUG   ] NativeEvent(path="/Users/shubhamarundekatey/ClaudeCode/day28/StreamDeck-Premium/mobile/node_modules/zod/v3/helpers", inode=279680729, flags=20400, id=950497699): is_directory, is_inode_meta_mod
2026-08-31 22:19:23 [DEBUG   ] queue_event DirModifiedEvent(src_path='/Users/shubhamarundekatey/ClaudeCode/day28/StreamDeck-Premium/mobile/node_modules/zod/v3/helpers', dest_path='', event_type='modified', is_directory=True, is_synthetic=False)
2026-08-31 22:19:23 [DEBUG   ] NativeEvent(path="/Users/shubhamarundekatey/ClaudeCode/day28/StreamDeck-Premium/mobile/node_modules/zod/v3/helpers", inode=279680729, flags=20400, id=950497782): is_directory, is_inode_meta_mod
2026-08-31 22:19:23 [DEBUG   ] queue_event DirModifiedEvent(src_path='/Users/shubhamarundekatey/ClaudeCode/day28/StreamDeck-Premium/mobile/node_modules/zod/v3/helpers', dest_path='', event_type='modified', is_directory=True, is_synthetic=False)
2026-08-31 22:19:23 [DEBUG   ] NativeEvent(path="/Users/shubhamarundekatey/ClaudeCode/day28/StreamDeck-Premium/mobile/node_modules/zod/v3/helpers", inode=279680729, flags=20400, id=950497798): is_directory, is_inode_meta_mod
2026-08-31 22:19:23 [DEBUG   ] queue_event DirModifiedEvent(src_path='/Users/shubhamarundekatey/ClaudeCode/day28/StreamDeck-Premium/mobile/node_modules/zod/v3/helpers', dest_path='', event_type='modified', is_directory=True, is_synthetic=False)
2026-08-31 22:19:23 [DEBUG   ] NativeEvent(path="/Users/shubhamarundekatey/ClaudeCode/day28/StreamDeck-Premium/mobile/node_modules/zod/v3/helpers", inode=279680729, flags=20400, id=950497844): is_directory, is_inode_meta_mod
2026-08-31 22:19:23 [DEBUG   ] queue_event DirModifiedEvent(src_path='/Users/shubhamarundekatey/ClaudeCode/day28/StreamDeck-Premium/mobile/node_modules/zod/v3/helpers', dest_path='', event_type='modified', is_directory=True, is_synthetic=False)
2026-08-31 22:19:23 [DEBUG   ] NativeEvent(path="/Users/shubhamarundekatey/ClaudeCode/day28/StreamDeck-Premium/mobile/node_modules/zod/v3/helpers", inode=279680729, flags=20400, id=950497901): is_directory, is_inode_meta_mod
2026-08-31 22:19:23 [DEBUG   ] queue_event DirModifiedEvent(src_path='/Users/shubhamarundekatey/ClaudeCode/day28/StreamDeck-Premium/mobile/node_modules/zod/v3/helpers', dest_path='', event_type='modified', is_directory=True, is_synthetic=False)
2026-08-31 22:19:24 [DEBUG   ] NativeEvent(path="/Users/shubhamarundekatey/ClaudeCode/day28/StreamDeck-Premium/mobile/node_modules/zod/v3/helpers", inode=279680729, flags=20400, id=950497971): is_directory, is_inode_meta_mod
2026-08-31 22:19:24 [DEBUG   ] queue_event DirModifiedEvent(src_path='/Users/shubhamarundekatey/ClaudeCode/day28/StreamDeck-Premium/mobile/node_modules/zod/v3/helpers', dest_path='', event_type='modified', is_directory=True, is_synthetic=False)
2026-08-31 22:19:24 [DEBUG   ] NativeEvent(path="/Users/shubhamarundekatey/ClaudeCode/day28/StreamDeck-Premium/mobile/node_modules/zod/v3/helpers", inode=279680729, flags=20400, id=950498002): is_directory, is_inode_meta_mod
2026-08-31 22:19:24 [DEBUG   ] queue_event DirModifiedEvent(src_path='/Users/shubhamarundekatey/ClaudeCode/day28/StreamDeck-Premium/mobile/node_modules/zod/v3/helpers', dest_path='', event_type='modified', is_directory=True, is_synthetic=False)
2026-08-31 22:19:24 [DEBUG   ] NativeEvent(path="/Users/shubhamarundekatey/ClaudeCode/day28/StreamDeck-Premium/mobile/node_modules/zod/v3/helpers", inode=279680729, flags=20400, id=950498088): is_directory, is_inode_meta_mod
2026-08-31 22:19:24 [DEBUG   ] queue_event DirModifiedEvent(src_path='/Users/shubhamarundekatey/ClaudeCode/day28/StreamDeck-Premium/mobile/node_modules/zod/v3/helpers', dest_path='', event_type='modified', is_directory=True, is_synthetic=False)
2026-08-31 22:19:24 [DEBUG   ] NativeEvent(path="/Users/shubhamarundekatey/ClaudeCode/day28/StreamDeck-Premium/mobile/node_modules/zod/v3/helpers", inode=279680729, flags=20400, id=950498097): is_directory, is_inode_meta_mod
2026-08-31 22:19:24 [DEBUG   ] queue_event DirModifiedEvent(src_path='/Users/shubhamarundekatey/ClaudeCode/day28/StreamDeck-Premium/mobile/node_modules/zod/v3/helpers', dest_path='', event_type='modified', is_directory=True, is_synthetic=False)
2026-08-31 22:19:24 [DEBUG   ] NativeEvent(path="/Users/shubhamarundekatey/ClaudeCode/day28/StreamDeck-Premium/mobile/node_modules/zod/v3/helpers", inode=279680729, flags=20400, id=950498115): is_directory, is_inode_meta_mod
2026-08-31 22:19:24 [DEBUG   ] queue_event DirModifiedEvent(src_path='/Users/shubhamarundekatey/ClaudeCode/day28/StreamDeck-Premium/mobile/node_modules/zod/v3/helpers', dest_path='', event_type='modified', is_directory=True, is_synthetic=False)
2026-08-31 22:19:24 [DEBUG   ] NativeEvent(path="/Users/shubhamarundekatey/ClaudeCode/day28/StreamDeck-Premium/mobile/node_modules/zod/v3/helpers", inode=279680729, flags=20400, id=950498130): is_directory, is_inode_meta_mod
2026-08-31 22:19:24 [DEBUG   ] queue_event DirModifiedEvent(src_path='/Users/shubhamarundekatey/ClaudeCode/day28/StreamDeck-Premium/mobile/node_modules/zod/v3/helpers', dest_path='', event_type='modified', is_directory=True, is_synthetic=False)
2026-08-31 22:19:24 [DEBUG   ] NativeEvent(path="/Users/shubhamarundekatey/ClaudeCode/day28/StreamDeck-Premium/mobile/node_modules/zod/v3/helpers", inode=279680729, flags=20400, id=950498139): is_directory, is_inode_meta_mod
2026-08-31 22:19:24 [DEBUG   ] queue_event DirModifiedEvent(src_path='/Users/shubhamarundekatey/ClaudeCode/day28/StreamDeck-Premium/mobile/node_modules/zod/v3/helpers', dest_path='', event_type='modified', is_directory=True, is_synthetic=False)
2026-08-31 22:19:24 [DEBUG   ] NativeEvent(path="/Users/shubhamarundekatey/ClaudeCode/day28/StreamDeck-Premium/mobile/node_modules/zod/v3/helpers", inode=279680729, flags=20400, id=950498145): is_directory, is_inode_meta_mod
2026-08-31 22:19:24 [DEBUG   ] queue_event DirModifiedEvent(src_path='/Users/shubhamarundekatey/ClaudeCode/day28/StreamDeck-Premium/mobile/node_modules/zod/v3/helpers', dest_path='', event_type='modified', is_directory=True, is_synthetic=False)
2026-08-31 22:19:24 [DEBUG   ] NativeEvent(path="/Users/shubhamarundekatey/ClaudeCode/day28/StreamDeck-Premium/mobile/node_modules/zod/v3/helpers", inode=279680729, flags=20400, id=950498154): is_directory, is_inode_meta_mod
2026-08-31 22:19:24 [DEBUG   ] queue_event DirModifiedEvent(src_path='/Users/shubhamarundekatey/ClaudeCode/day28/StreamDeck-Premium/mobile/node_modules/zod/v3/helpers', dest_path='', event_type='modified', is_directory=True, is_synthetic=False)
2026-08-31 22:19:24 [DEBUG   ] NativeEvent(path="/Users/shubhamarundekatey/ClaudeCode/day28/StreamDeck-Premium/mobile/node_modules/zod/v3", inode=279680699, flags=20400, id=950498163): is_directory, is_inode_meta_mod
2026-08-31 22:19:24 [DEBUG   ] queue_event DirModifiedEvent(src_path='/Users/shubhamarundekatey/ClaudeCode/day28/StreamDeck-Premium/mobile/node_modules/zod/v3', dest_path='', event_type='modified', is_directory=True, is_synthetic=False)
2026-08-31 22:19:24 [DEBUG   ] NativeEvent(path="/Users/shubhamarundekatey/ClaudeCode/day28/StreamDeck-Premium/mobile/node_modules/zod/v3", inode=279680699, flags=20400, id=950498178): is_directory, is_inode_meta_mod
2026-08-31 22:19:24 [DEBUG   ] queue_event DirModifiedEvent(src_path='/Users/shubhamarundekatey/ClaudeCode/day28/StreamDeck-Premium/mobile/node_modules/zod/v3', dest_path='', event_type='modified', is_directory=True, is_synthetic=False)
2026-08-31 22:19:24 [DEBUG   ] NativeEvent(path="/Users/shubhamarundekatey/ClaudeCode/day28/StreamDeck-Premium/mobile/node_modules/zod/v3", inode=279680699, flags=20400, id=950498187): is_directory, is_inode_meta_mod
2026-08-31 22:19:24 [DEBUG   ] queue_event DirModifiedEvent(src_path='/Users/shubhamarundekatey/ClaudeCode/day28/StreamDeck-Premium/mobile/node_modules/zod/v3', dest_path='', event_type='modified', is_directory=True, is_synthetic=False)
2026-08-31 22:19:25 [DEBUG   ] NativeEvent(path="/Users/shubhamarundekatey/ClaudeCode/day28/StreamDeck-Premium/mobile/node_modules/zod/v3", inode=279680699, flags=20400, id=950498196): is_directory, is_inode_meta_mod
2026-08-31 22:19:25 [DEBUG   ] queue_event DirModifiedEvent(src_path='/Users/shubhamarundekatey/ClaudeCode/day28/StreamDeck-Premium/mobile/node_modules/zod/v3', dest_path='', event_type='modified', is_directory=True, is_synthetic=False)
2026-08-31 22:19:25 [DEBUG   ] NativeEvent(path="/Users/shubhamarundekatey/ClaudeCode/day28/StreamDeck-Premium/mobile/node_modules/zod/v3/locales", inode=279680702, flags=20400, id=950498202): is_directory, is_inode_meta_mod
2026-08-31 22:19:25 [DEBUG   ] queue_event DirModifiedEvent(src_path='/Users/shubhamarundekatey/ClaudeCode/day28/StreamDeck-Premium/mobile/node_modules/zod/v3/locales', dest_path='', event_type='modified', is_directory=True, is_synthetic=False)
2026-08-31 22:19:25 [DEBUG   ] NativeEvent(path="/Users/shubhamarundekatey/ClaudeCode/day28/StreamDeck-Premium/mobile/node_modules/zod/v3/locales", inode=279680702, flags=20400, id=950498208): is_directory, is_inode_meta_mod
2026-08-31 22:19:25 [DEBUG   ] queue_event DirModifiedEvent(src_path='/Users/shubhamarundekatey/ClaudeCode/day28/StreamDeck-Premium/mobile/node_modules/zod/v3/locales', dest_path='', event_type='modified', is_directory=True, is_synthetic=False)
2026-08-31 22:19:25 [DEBUG   ] NativeEvent(path="/Users/shubhamarundekatey/ClaudeCode/day28/StreamDeck-Premium/mobile/node_modules/zod/v3/locales", inode=279680702, flags=20400, id=950498214): is_directory, is_inode_meta_mod
2026-08-31 22:19:25 [DEBUG   ] queue_event DirModifiedEvent(src_path='/Users/shubhamarundekatey/ClaudeCode/day28/StreamDeck-Premium/mobile/node_modules/zod/v3/locales', dest_path='', event_type='modified', is_directory=True, is_synthetic=False)
2026-08-31 22:19:25 [DEBUG   ] NativeEvent(path="/Users/shubhamarundekatey/ClaudeCode/day28/StreamDeck-Premium/mobile/node_modules/zod/v3/locales", inode=279680702, flags=20400, id=950498223): is_directory, is_inode_meta_mod
2026-08-31 22:19:25 [DEBUG   ] queue_event DirModifiedEvent(src_path='/Users/shubhamarundekatey/ClaudeCode/day28/StreamDeck-Premium/mobile/node_modules/zod/v3/locales', dest_path='', event_type='modified', is_directory=True, is_synthetic=False)
2026-08-31 22:19:25 [DEBUG   ] NativeEvent(path="/Users/shubhamarundekatey/ClaudeCode/day28/StreamDeck-Premium/mobile/node_modules/zod/v3", inode=279680699, flags=20400, id=950498229): is_directory, is_inode_meta_mod
2026-08-31 22:19:25 [DEBUG   ] queue_event DirModifiedEvent(src_path='/Users/shubhamarundekatey/ClaudeCode/day28/StreamDeck-Premium/mobile/node_modules/zod/v3', dest_path='', event_type='modified', is_directory=True, is_synthetic=False)
2026-08-31 22:19:25 [DEBUG   ] NativeEvent(path="/Users/shubhamarundekatey/ClaudeCode/day28/StreamDeck-Premium/mobile/node_modules/zod/v3", inode=279680699, flags=20400, id=950498244): is_directory, is_inode_meta_mod
2026-08-31 22:19:25 [DEBUG   ] queue_event DirModifiedEvent(src_path='/Users/shubhamarundekatey/ClaudeCode/day28/StreamDeck-Premium/mobile/node_modules/zod/v3', dest_path='', event_type='modified', is_directory=True, is_synthetic=False)
2026-08-31 22:19:25 [DEBUG   ] NativeEvent(path="/Users/shubhamarundekatey/ClaudeCode/day28/StreamDeck-Premium/mobile/node_modules/zod/v3", inode=279680699, flags=20400, id=950498250): is_directory, is_inode_meta_mod
2026-08-31 22:19:25 [DEBUG   ] queue_event DirModifiedEvent(src_path='/Users/shubhamarundekatey/ClaudeCode/day28/StreamDeck-Premium/mobile/node_modules/zod/v3', dest_path='', event_type='modified', is_directory=True, is_synthetic=False)
2026-08-31 22:19:25 [DEBUG   ] NativeEvent(path="/Users/shubhamarundekatey/ClaudeCode/day28/StreamDeck-Premium/mobile/node_modules/zod/v3", inode=279680699, flags=20400, id=950498265): is_directory, is_inode_meta_mod
2026-08-31 22:19:25 [DEBUG   ] queue_event DirModifiedEvent(src_path='/Users/shubhamarundekatey/ClaudeCode/day28/StreamDeck-Premium/mobile/node_modules/zod/v3', dest_path='', event_type='modified', is_directory=True, is_synthetic=False)
2026-08-31 22:19:25 [DEBUG   ] NativeEvent(path="/Users/shubhamarundekatey/ClaudeCode/day28/StreamDeck-Premium/mobile/node_modules/zod/v3", inode=279680699, flags=20400, id=950498280): is_directory, is_inode_meta_mod
2026-08-31 22:19:25 [DEBUG   ] queue_event DirModifiedEvent(src_path='/Users/shubhamarundekatey/ClaudeCode/day28/StreamDeck-Premium/mobile/node_modules/zod/v3', dest_path='', event_type='modified', is_directory=True, is_synthetic=False)
2026-08-31 22:19:25 [DEBUG   ] NativeEvent(path="/Users/shubhamarundekatey/ClaudeCode/day28/StreamDeck-Premium/mobile/node_modules/zod/v3", inode=279680699, flags=20400, id=950498307): is_directory, is_inode_meta_mod
2026-08-31 22:19:25 [DEBUG   ] queue_event DirModifiedEvent(src_path='/Users/shubhamarundekatey/ClaudeCode/day28/StreamDeck-Premium/mobile/node_modules/zod/v3', dest_path='', event_type='modified', is_directory=True, is_synthetic=False)
2026-08-31 22:19:26 [DEBUG   ] NativeEvent(path="/Users/shubhamarundekatey/ClaudeCode/day28/StreamDeck-Premium/mobile/node_modules/zod/v3", inode=279680699, flags=20400, id=950498333): is_directory, is_inode_meta_mod
2026-08-31 22:19:26 [DEBUG   ] queue_event DirModifiedEvent(src_path='/Users/shubhamarundekatey/ClaudeCode/day28/StreamDeck-Premium/mobile/node_modules/zod/v3', dest_path='', event_type='modified', is_directory=True, is_synthetic=False)
2026-08-31 22:19:26 [DEBUG   ] NativeEvent(path="/Users/shubhamarundekatey/ClaudeCode/day28/StreamDeck-Premium/mobile/node_modules/zod/v3", inode=279680699, flags=20400, id=950498342): is_directory, is_inode_meta_mod
2026-08-31 22:19:26 [DEBUG   ] queue_event DirModifiedEvent(src_path='/Users/shubhamarundekatey/ClaudeCode/day28/StreamDeck-Premium/mobile/node_modules/zod/v3', dest_path='', event_type='modified', is_directory=True, is_synthetic=False)
2026-08-31 22:19:26 [DEBUG   ] NativeEvent(path="/Users/shubhamarundekatey/ClaudeCode/day28/StreamDeck-Premium/mobile/node_modules/zod/v3", inode=279680699, flags=20400, id=950498363): is_directory, is_inode_meta_mod
2026-08-31 22:19:26 [DEBUG   ] queue_event DirModifiedEvent(src_path='/Users/shubhamarundekatey/ClaudeCode/day28/StreamDeck-Premium/mobile/node_modules/zod/v3', dest_path='', event_type='modified', is_directory=True, is_synthetic=False)
2026-08-31 22:19:26 [DEBUG   ] NativeEvent(path="/Users/shubhamarundekatey/ClaudeCode/day28/StreamDeck-Premium/mobile/node_modules/zod/v3", inode=279680699, flags=20400, id=950498381): is_directory, is_inode_meta_mod
2026-08-31 22:19:26 [DEBUG   ] queue_event DirModifiedEvent(src_path='/Users/shubhamarundekatey/ClaudeCode/day28/StreamDeck-Premium/mobile/node_modules/zod/v3', dest_path='', event_type='modified', is_directory=True, is_synthetic=False)
2026-08-31 22:19:26 [DEBUG   ] NativeEvent(path="/Users/shubhamarundekatey/ClaudeCode/day28/StreamDeck-Premium/mobile/node_modules/zod/v3", inode=279680699, flags=20400, id=950498421): is_directory, is_inode_meta_mod
2026-08-31 22:19:26 [DEBUG   ] queue_event DirModifiedEvent(src_path='/Users/shubhamarundekatey/ClaudeCode/day28/StreamDeck-Premium/mobile/node_modules/zod/v3', dest_path='', event_type='modified', is_directory=True, is_synthetic=False)
2026-08-31 22:19:26 [DEBUG   ] NativeEvent(path="/Users/shubhamarundekatey/ClaudeCode/day28/StreamDeck-Premium/mobile/node_modules/zod/v3", inode=279680699, flags=20400, id=950498445): is_directory, is_inode_meta_mod
2026-08-31 22:19:26 [DEBUG   ] queue_event DirModifiedEvent(src_path='/Users/shubhamarundekatey/ClaudeCode/day28/StreamDeck-Premium/mobile/node_modules/zod/v3', dest_path='', event_type='modified', is_directory=True, is_synthetic=False)
2026-08-31 22:19:27 [DEBUG   ] NativeEvent(path="/Users/shubhamarundekatey/ClaudeCode/day28/StreamDeck-Premium/mobile/node_modules/zod/v3", inode=279680699, flags=20400, id=950498477): is_directory, is_inode_meta_mod
2026-08-31 22:19:27 [DEBUG   ] queue_event DirModifiedEvent(src_path='/Users/shubhamarundekatey/ClaudeCode/day28/StreamDeck-Premium/mobile/node_modules/zod/v3', dest_path='', event_type='modified', is_directory=True, is_synthetic=False)
2026-08-31 22:19:27 [DEBUG   ] NativeEvent(path="/Users/shubhamarundekatey/ClaudeCode/day28/StreamDeck-Premium/mobile/node_modules/zod/v3", inode=279680699, flags=20400, id=950498505): is_directory, is_inode_meta_mod
2026-08-31 22:19:27 [DEBUG   ] queue_event DirModifiedEvent(src_path='/Users/shubhamarundekatey/ClaudeCode/day28/StreamDeck-Premium/mobile/node_modules/zod/v3', dest_path='', event_type='modified', is_directory=True, is_synthetic=False)
2026-08-31 22:19:27 [DEBUG   ] NativeEvent(path="/Users/shubhamarundekatey/ClaudeCode/day28/StreamDeck-Premium/mobile/node_modules/zod/v3", inode=279680699, flags=20400, id=950498573): is_directory, is_inode_meta_mod
2026-08-31 22:19:27 [DEBUG   ] queue_event DirModifiedEvent(src_path='/Users/shubhamarundekatey/ClaudeCode/day28/StreamDeck-Premium/mobile/node_modules/zod/v3', dest_path='', event_type='modified', is_directory=True, is_synthetic=False)
2026-08-31 22:19:27 [DEBUG   ] NativeEvent(path="/Users/shubhamarundekatey/ClaudeCode/day28/StreamDeck-Premium/mobile/node_modules/zod/v4", inode=279680400, flags=20400, id=950498642): is_directory, is_inode_meta_mod
2026-08-31 22:19:27 [DEBUG   ] queue_event DirModifiedEvent(src_path='/Users/shubhamarundekatey/ClaudeCode/day28/StreamDeck-Premium/mobile/node_modules/zod/v4', dest_path='', event_type='modified', is_directory=True, is_synthetic=False)
2026-08-31 22:19:27 [DEBUG   ] NativeEvent(path="/Users/shubhamarundekatey/ClaudeCode/day28/StreamDeck-Premium/mobile/node_modules/zod/v4", inode=279680400, flags=20400, id=950498676): is_directory, is_inode_meta_mod
2026-08-31 22:19:27 [DEBUG   ] queue_event DirModifiedEvent(src_path='/Users/shubhamarundekatey/ClaudeCode/day28/StreamDeck-Premium/mobile/node_modules/zod/v4', dest_path='', event_type='modified', is_directory=True, is_synthetic=False)
2026-08-31 22:19:27 [DEBUG   ] NativeEvent(path="/Users/shubhamarundekatey/ClaudeCode/day28/StreamDeck-Premium/mobile/node_modules/zod/v4", inode=279680400, flags=20400, id=950498832): is_directory, is_inode_meta_mod
2026-08-31 22:19:27 [DEBUG   ] queue_event DirModifiedEvent(src_path='/Users/shubhamarundekatey/ClaudeCode/day28/StreamDeck-Premium/mobile/node_modules/zod/v4', dest_path='', event_type='modified', is_directory=True, is_synthetic=False)
2026-08-31 22:19:27 [DEBUG   ] NativeEvent(path="/Users/shubhamarundekatey/ClaudeCode/day28/StreamDeck-Premium/mobile/node_modules/zod/v4", inode=279680400, flags=20400, id=950498891): is_directory, is_inode_meta_mod
2026-08-31 22:19:27 [DEBUG   ] queue_event DirModifiedEvent(src_path='/Users/shubhamarundekatey/ClaudeCode/day28/StreamDeck-Premium/mobile/node_modules/zod/v4', dest_path='', event_type='modified', is_directory=True, is_synthetic=False)
2026-08-31 22:19:27 [DEBUG   ] NativeEvent(path="/Users/shubhamarundekatey/ClaudeCode/day28/StreamDeck-Premium/mobile/node_modules/zod/v4/locales", inode=279680401, flags=20400, id=950499053): is_directory, is_inode_meta_mod
2026-08-31 22:19:27 [DEBUG   ] queue_event DirModifiedEvent(src_path='/Users/shubhamarundekatey/ClaudeCode/day28/StreamDeck-Premium/mobile/node_modules/zod/v4/locales', dest_path='', event_type='modified', is_directory=True, is_synthetic=False)
2026-08-31 22:19:28 [DEBUG   ] NativeEvent(path="/Users/shubhamarundekatey/ClaudeCode/day28/StreamDeck-Premium/mobile/node_modules/zod/v4/locales", inode=279680401, flags=20400, id=950499121): is_directory, is_inode_meta_mod
2026-08-31 22:19:28 [DEBUG   ] queue_event DirModifiedEvent(src_path='/Users/shubhamarundekatey/ClaudeCode/day28/StreamDeck-Premium/mobile/node_modules/zod/v4/locales', dest_path='', event_type='modified', is_directory=True, is_synthetic=False)
2026-08-31 22:19:28 [DEBUG   ] NativeEvent(path="/Users/shubhamarundekatey/ClaudeCode/day28/StreamDeck-Premium/mobile/node_modules/zod/v4/locales", inode=279680401, flags=20400, id=950499177): is_directory, is_inode_meta_mod
2026-08-31 22:19:28 [DEBUG   ] queue_event DirModifiedEvent(src_path='/Users/shubhamarundekatey/ClaudeCode/day28/StreamDeck-Premium/mobile/node_modules/zod/v4/locales', dest_path='', event_type='modified', is_directory=True, is_synthetic=False)
2026-08-31 22:19:28 [DEBUG   ] NativeEvent(path="/Users/shubhamarundekatey/ClaudeCode/day28/StreamDeck-Premium/mobile/node_modules/zod/v4/locales", inode=279680401, flags=20400, id=950499246): is_directory, is_inode_meta_mod
2026-08-31 22:19:28 [DEBUG   ] queue_event DirModifiedEvent(src_path='/Users/shubhamarundekatey/ClaudeCode/day28/StreamDeck-Premium/mobile/node_modules/zod/v4/locales', dest_path='', event_type='modified', is_directory=True, is_synthetic=False)
2026-08-31 22:19:28 [DEBUG   ] NativeEvent(path="/Users/shubhamarundekatey/ClaudeCode/day28/StreamDeck-Premium/mobile/node_modules/zod/v4/locales", inode=279680401, flags=20400, id=950499275): is_directory, is_inode_meta_mod
2026-08-31 22:19:28 [DEBUG   ] queue_event DirModifiedEvent(src_path='/Users/shubhamarundekatey/ClaudeCode/day28/StreamDeck-Premium/mobile/node_modules/zod/v4/locales', dest_path='', event_type='modified', is_directory=True, is_synthetic=False)
2026-08-31 22:19:28 [DEBUG   ] NativeEvent(path="/Users/shubhamarundekatey/ClaudeCode/day28/StreamDeck-Premium/mobile/node_modules/zod/v4/locales", inode=279680401, flags=20400, id=950499293): is_directory, is_inode_meta_mod
2026-08-31 22:19:28 [DEBUG   ] queue_event DirModifiedEvent(src_path='/Users/shubhamarundekatey/ClaudeCode/day28/StreamDeck-Premium/mobile/node_modules/zod/v4/locales', dest_path='', event_type='modified', is_directory=True, is_synthetic=False)
2026-08-31 22:19:28 [DEBUG   ] NativeEvent(path="/Users/shubhamarundekatey/ClaudeCode/day28/StreamDeck-Premium/mobile/node_modules/zod/v4/locales", inode=279680401, flags=20400, id=950499302): is_directory, is_inode_meta_mod
2026-08-31 22:19:28 [DEBUG   ] queue_event DirModifiedEvent(src_path='/Users/shubhamarundekatey/ClaudeCode/day28/StreamDeck-Premium/mobile/node_modules/zod/v4/locales', dest_path='', event_type='modified', is_directory=True, is_synthetic=False)
2026-08-31 22:19:28 [DEBUG   ] NativeEvent(path="/Users/shubhamarundekatey/ClaudeCode/day28/StreamDeck-Premium/mobile/node_modules/zod/v4/locales", inode=279680401, flags=20400, id=950499320): is_directory, is_inode_meta_mod
2026-08-31 22:19:28 [DEBUG   ] queue_event DirModifiedEvent(src_path='/Users/shubhamarundekatey/ClaudeCode/day28/StreamDeck-Premium/mobile/node_modules/zod/v4/locales', dest_path='', event_type='modified', is_directory=True, is_synthetic=False)
2026-08-31 22:19:28 [DEBUG   ] NativeEvent(path="/Users/shubhamarundekatey/ClaudeCode/day28/StreamDeck-Premium/mobile/node_modules/zod/v4/locales", inode=279680401, flags=20400, id=950499335): is_directory, is_inode_meta_mod
2026-08-31 22:19:28 [DEBUG   ] queue_event DirModifiedEvent(src_path='/Users/shubhamarundekatey/ClaudeCode/day28/StreamDeck-Premium/mobile/node_modules/zod/v4/locales', dest_path='', event_type='modified', is_directory=True, is_synthetic=False)
2026-08-31 22:19:28 [DEBUG   ] NativeEvent(path="/Users/shubhamarundekatey/ClaudeCode/day28/StreamDeck-Premium/mobile/node_modules/zod/v4/locales", inode=279680401, flags=20400, id=950499347): is_directory, is_inode_meta_mod
2026-08-31 22:19:28 [DEBUG   ] queue_event DirModifiedEvent(src_path='/Users/shubhamarundekatey/ClaudeCode/day28/StreamDeck-Premium/mobile/node_modules/zod/v4/locales', dest_path='', event_type='modified', is_directory=True, is_synthetic=False)
2026-08-31 22:19:29 [DEBUG   ] NativeEvent(path="/Users/shubhamarundekatey/ClaudeCode/day28/StreamDeck-Premium/mobile/node_modules/zod/v4/locales", inode=279680401, flags=20400, id=950499364): is_directory, is_inode_meta_mod
2026-08-31 22:19:29 [DEBUG   ] queue_event DirModifiedEvent(src_path='/Users/shubhamarundekatey/ClaudeCode/day28/StreamDeck-Premium/mobile/node_modules/zod/v4/locales', dest_path='', event_type='modified', is_directory=True, is_synthetic=False)
2026-08-31 22:19:29 [DEBUG   ] NativeEvent(path="/Users/shubhamarundekatey/ClaudeCode/day28/StreamDeck-Premium/mobile/node_modules/zod/v4/locales", inode=279680401, flags=20400, id=950499376): is_directory, is_inode_meta_mod
2026-08-31 22:19:29 [DEBUG   ] queue_event DirModifiedEvent(src_path='/Users/shubhamarundekatey/ClaudeCode/day28/StreamDeck-Premium/mobile/node_modules/zod/v4/locales', dest_path='', event_type='modified', is_directory=True, is_synthetic=False)
2026-08-31 22:19:29 [DEBUG   ] NativeEvent(path="/Users/shubhamarundekatey/ClaudeCode/day28/StreamDeck-Premium/mobile/node_modules/zod/v4/locales", inode=279680401, flags=20400, id=950499394): is_directory, is_inode_meta_mod
2026-08-31 22:19:29 [DEBUG   ] queue_event DirModifiedEvent(src_path='/Users/shubhamarundekatey/ClaudeCode/day28/StreamDeck-Premium/mobile/node_modules/zod/v4/locales', dest_path='', event_type='modified', is_directory=True, is_synthetic=False)
2026-08-31 22:19:29 [DEBUG   ] NativeEvent(path="/Users/shubhamarundekatey/ClaudeCode/day28/StreamDeck-Premium/mobile/node_modules/zod/v4/locales", inode=279680401, flags=20400, id=950499412): is_directory, is_inode_meta_mod
2026-08-31 22:19:29 [DEBUG   ] queue_event DirModifiedEvent(src_path='/Users/shubhamarundekatey/ClaudeCode/day28/StreamDeck-Premium/mobile/node_modules/zod/v4/locales', dest_path='', event_type='modified', is_directory=True, is_synthetic=False)
2026-08-31 22:19:29 [DEBUG   ] NativeEvent(path="/Users/shubhamarundekatey/ClaudeCode/day28/StreamDeck-Premium/mobile/node_modules/zod/v4/locales", inode=279680401, flags=20400, id=950499487): is_directory, is_inode_meta_mod
2026-08-31 22:19:29 [DEBUG   ] queue_event DirModifiedEvent(src_path='/Users/shubhamarundekatey/ClaudeCode/day28/StreamDeck-Premium/mobile/node_modules/zod/v4/locales', dest_path='', event_type='modified', is_directory=True, is_synthetic=False)
2026-08-31 22:19:29 [DEBUG   ] NativeEvent(path="/Users/shubhamarundekatey/ClaudeCode/day28/StreamDeck-Premium/mobile/node_modules/zod/v4/locales", inode=279680401, flags=20400, id=950499507): is_directory, is_inode_meta_mod
2026-08-31 22:19:29 [DEBUG   ] queue_event DirModifiedEvent(src_path='/Users/shubhamarundekatey/ClaudeCode/day28/StreamDeck-Premium/mobile/node_modules/zod/v4/locales', dest_path='', event_type='modified', is_directory=True, is_synthetic=False)
2026-08-31 22:19:29 [DEBUG   ] NativeEvent(path="/Users/shubhamarundekatey/ClaudeCode/day28/StreamDeck-Premium/mobile/node_modules/zod/v4/locales", inode=279680401, flags=20400, id=950499572): is_directory, is_inode_meta_mod
2026-08-31 22:19:29 [DEBUG   ] queue_event DirModifiedEvent(src_path='/Users/shubhamarundekatey/ClaudeCode/day28/StreamDeck-Premium/mobile/node_modules/zod/v4/locales', dest_path='', event_type='modified', is_directory=True, is_synthetic=False)
2026-08-31 22:19:29 [DEBUG   ] NativeEvent(path="/Users/shubhamarundekatey/ClaudeCode/day28/StreamDeck-Premium/mobile/node_modules/zod/v4/locales", inode=279680401, flags=20400, id=950499612): is_directory, is_inode_meta_mod
2026-08-31 22:19:29 [DEBUG   ] queue_event DirModifiedEvent(src_path='/Users/shubhamarundekatey/ClaudeCode/day28/StreamDeck-Premium/mobile/node_modules/zod/v4/locales', dest_path='', event_type='modified', is_directory=True, is_synthetic=False)
2026-08-31 22:19:30 [DEBUG   ] NativeEvent(path="/Users/shubhamarundekatey/ClaudeCode/day28/StreamDeck-Premium/mobile/node_modules/zod/v4/locales", inode=279680401, flags=20400, id=950499657): is_directory, is_inode_meta_mod
2026-08-31 22:19:30 [DEBUG   ] queue_event DirModifiedEvent(src_path='/Users/shubhamarundekatey/ClaudeCode/day28/StreamDeck-Premium/mobile/node_modules/zod/v4/locales', dest_path='', event_type='modified', is_directory=True, is_synthetic=False)
2026-08-31 22:19:30 [DEBUG   ] NativeEvent(path="/Users/shubhamarundekatey/ClaudeCode/day28/StreamDeck-Premium/mobile/node_modules/zod/v4/locales", inode=279680401, flags=20400, id=950499679): is_directory, is_inode_meta_mod
2026-08-31 22:19:30 [DEBUG   ] queue_event DirModifiedEvent(src_path='/Users/shubhamarundekatey/ClaudeCode/day28/StreamDeck-Premium/mobile/node_modules/zod/v4/locales', dest_path='', event_type='modified', is_directory=True, is_synthetic=False)
2026-08-31 22:19:30 [DEBUG   ] NativeEvent(path="/Users/shubhamarundekatey/ClaudeCode/day28/StreamDeck-Premium/mobile/node_modules/zod/v4/locales", inode=279680401, flags=20400, id=950499802): is_directory, is_inode_meta_mod
2026-08-31 22:19:30 [DEBUG   ] queue_event DirModifiedEvent(src_path='/Users/shubhamarundekatey/ClaudeCode/day28/StreamDeck-Premium/mobile/node_modules/zod/v4/locales', dest_path='', event_type='modified', is_directory=True, is_synthetic=False)
2026-08-31 22:19:30 [DEBUG   ] NativeEvent(path="/Users/shubhamarundekatey/ClaudeCode/day28/StreamDeck-Premium/mobile/node_modules/zod/v4/locales", inode=279680401, flags=20400, id=950499881): is_directory, is_inode_meta_mod
2026-08-31 22:19:30 [DEBUG   ] queue_event DirModifiedEvent(src_path='/Users/shubhamarundekatey/ClaudeCode/day28/StreamDeck-Premium/mobile/node_modules/zod/v4/locales', dest_path='', event_type='modified', is_directory=True, is_synthetic=False)
2026-08-31 22:19:30 [DEBUG   ] NativeEvent(path="/Users/shubhamarundekatey/ClaudeCode/day28/StreamDeck-Premium/mobile/node_modules/zod/v4/locales", inode=279680401, flags=20400, id=950500060): is_directory, is_inode_meta_mod
2026-08-31 22:19:30 [DEBUG   ] queue_event DirModifiedEvent(src_path='/Users/shubhamarundekatey/ClaudeCode/day28/StreamDeck-Premium/mobile/node_modules/zod/v4/locales', dest_path='', event_type='modified', is_directory=True, is_synthetic=False)
2026-08-31 22:19:30 [DEBUG   ] NativeEvent(path="/Users/shubhamarundekatey/ClaudeCode/day28/StreamDeck-Premium/mobile/node_modules/zod/v4/locales", inode=279680401, flags=20400, id=950500127): is_directory, is_inode_meta_mod
2026-08-31 22:19:30 [DEBUG   ] queue_event DirModifiedEvent(src_path='/Users/shubhamarundekatey/ClaudeCode/day28/StreamDeck-Premium/mobile/node_modules/zod/v4/locales', dest_path='', event_type='modified', is_directory=True, is_synthetic=False)
2026-08-31 22:19:31 [DEBUG   ] NativeEvent(path="/Users/shubhamarundekatey/ClaudeCode/day28/StreamDeck-Premium/mobile/node_modules/zod/v4/locales", inode=279680401, flags=20400, id=950500231): is_directory, is_inode_meta_mod
2026-08-31 22:19:31 [DEBUG   ] queue_event DirModifiedEvent(src_path='/Users/shubhamarundekatey/ClaudeCode/day28/StreamDeck-Premium/mobile/node_modules/zod/v4/locales', dest_path='', event_type='modified', is_directory=True, is_synthetic=False)
2026-08-31 22:19:31 [DEBUG   ] NativeEvent(path="/Users/shubhamarundekatey/ClaudeCode/day28/StreamDeck-Premium/mobile/node_modules/zod/v4/locales", inode=279680401, flags=20400, id=950500322): is_directory, is_inode_meta_mod
2026-08-31 22:19:31 [DEBUG   ] queue_event DirModifiedEvent(src_path='/Users/shubhamarundekatey/ClaudeCode/day28/StreamDeck-Premium/mobile/node_modules/zod/v4/locales', dest_path='', event_type='modified', is_directory=True, is_synthetic=False)
2026-08-31 22:19:31 [DEBUG   ] NativeEvent(path="/Users/shubhamarundekatey/ClaudeCode/day28/StreamDeck-Premium/mobile/node_modules/zod/v4/locales", inode=279680401, flags=20400, id=950500328): is_directory, is_inode_meta_mod
2026-08-31 22:19:31 [DEBUG   ] queue_event DirModifiedEvent(src_path='/Users/shubhamarundekatey/ClaudeCode/day28/StreamDeck-Premium/mobile/node_modules/zod/v4/locales', dest_path='', event_type='modified', is_directory=True, is_synthetic=False)
2026-08-31 22:19:31 [DEBUG   ] NativeEvent(path="/Users/shubhamarundekatey/ClaudeCode/day28/StreamDeck-Premium/mobile/node_modules/zod/v4/locales", inode=279680401, flags=20400, id=950500409): is_directory, is_inode_meta_mod
2026-08-31 22:19:31 [DEBUG   ] queue_event DirModifiedEvent(src_path='/Users/shubhamarundekatey/ClaudeCode/day28/StreamDeck-Premium/mobile/node_modules/zod/v4/locales', dest_path='', event_type='modified', is_directory=True, is_synthetic=False)
2026-08-31 22:19:31 [DEBUG   ] NativeEvent(path="/Users/shubhamarundekatey/ClaudeCode/day28/StreamDeck-Premium/mobile/node_modules/zod/v4/locales", inode=279680401, flags=20400, id=950500493): is_directory, is_inode_meta_mod
2026-08-31 22:19:31 [DEBUG   ] queue_event DirModifiedEvent(src_path='/Users/shubhamarundekatey/ClaudeCode/day28/StreamDeck-Premium/mobile/node_modules/zod/v4/locales', dest_path='', event_type='modified', is_directory=True, is_synthetic=False)
2026-08-31 22:19:31 [DEBUG   ] NativeEvent(path="/Users/shubhamarundekatey/ClaudeCode/day28/StreamDeck-Premium/mobile/node_modules/zod/v4/locales", inode=279680401, flags=20400, id=950500542): is_directory, is_inode_meta_mod
2026-08-31 22:19:31 [DEBUG   ] queue_event DirModifiedEvent(src_path='/Users/shubhamarundekatey/ClaudeCode/day28/StreamDeck-Premium/mobile/node_modules/zod/v4/locales', dest_path='', event_type='modified', is_directory=True, is_synthetic=False)
2026-08-31 22:19:32 [DEBUG   ] NativeEvent(path="/Users/shubhamarundekatey/ClaudeCode/day28/StreamDeck-Premium/mobile/node_modules/zod/v4/locales", inode=279680401, flags=20400, id=950500618): is_directory, is_inode_meta_mod
2026-08-31 22:19:32 [DEBUG   ] queue_event DirModifiedEvent(src_path='/Users/shubhamarundekatey/ClaudeCode/day28/StreamDeck-Premium/mobile/node_modules/zod/v4/locales', dest_path='', event_type='modified', is_directory=True, is_synthetic=False)
2026-08-31 22:19:32 [DEBUG   ] NativeEvent(path="/Users/shubhamarundekatey/ClaudeCode/day28/StreamDeck-Premium/mobile/node_modules/zod/v4/locales", inode=279680401, flags=20400, id=950500630): is_directory, is_inode_meta_mod
2026-08-31 22:19:32 [DEBUG   ] queue_event DirModifiedEvent(src_path='/Users/shubhamarundekatey/ClaudeCode/day28/StreamDeck-Premium/mobile/node_modules/zod/v4/locales', dest_path='', event_type='modified', is_directory=True, is_synthetic=False)
2026-08-31 22:19:32 [DEBUG   ] NativeEvent(path="/Users/shubhamarundekatey/ClaudeCode/day28/StreamDeck-Premium/mobile/node_modules/zod/v4/locales", inode=279680401, flags=20400, id=950500696): is_directory, is_inode_meta_mod
2026-08-31 22:19:32 [DEBUG   ] queue_event DirModifiedEvent(src_path='/Users/shubhamarundekatey/ClaudeCode/day28/StreamDeck-Premium/mobile/node_modules/zod/v4/locales', dest_path='', event_type='modified', is_directory=True, is_synthetic=False)
2026-08-31 22:19:32 [DEBUG   ] NativeEvent(path="/Users/shubhamarundekatey/ClaudeCode/day28/StreamDeck-Premium/mobile/node_modules/zod/v4/locales", inode=279680401, flags=20400, id=950500750): is_directory, is_inode_meta_mod
2026-08-31 22:19:32 [DEBUG   ] queue_event DirModifiedEvent(src_path='/Users/shubhamarundekatey/ClaudeCode/day28/StreamDeck-Premium/mobile/node_modules/zod/v4/locales', dest_path='', event_type='modified', is_directory=True, is_synthetic=False)
2026-08-31 22:19:32 [DEBUG   ] NativeEvent(path="/Users/shubhamarundekatey/ClaudeCode/day28/StreamDeck-Premium/mobile/node_modules/zod/v4/locales", inode=279680401, flags=20400, id=950500776): is_directory, is_inode_meta_mod
2026-08-31 22:19:32 [DEBUG   ] queue_event DirModifiedEvent(src_path='/Users/shubhamarundekatey/ClaudeCode/day28/StreamDeck-Premium/mobile/node_modules/zod/v4/locales', dest_path='', event_type='modified', is_directory=True, is_synthetic=False)
2026-08-31 22:19:32 [DEBUG   ] NativeEvent(path="/Users/shubhamarundekatey/ClaudeCode/day28/StreamDeck-Premium/mobile/node_modules/zod/v4/locales", inode=279680401, flags=20400, id=950500821): is_directory, is_inode_meta_mod
2026-08-31 22:19:32 [DEBUG   ] queue_event DirModifiedEvent(src_path='/Users/shubhamarundekatey/ClaudeCode/day28/StreamDeck-Premium/mobile/node_modules/zod/v4/locales', dest_path='', event_type='modified', is_directory=True, is_synthetic=False)
2026-08-31 22:19:32 [DEBUG   ] NativeEvent(path="/Users/shubhamarundekatey/ClaudeCode/day28/StreamDeck-Premium/mobile/node_modules/zod/v4/locales", inode=279680401, flags=20400, id=950500841): is_directory, is_inode_meta_mod
2026-08-31 22:19:32 [DEBUG   ] queue_event DirModifiedEvent(src_path='/Users/shubhamarundekatey/ClaudeCode/day28/StreamDeck-Premium/mobile/node_modules/zod/v4/locales', dest_path='', event_type='modified', is_directory=True, is_synthetic=False)
2026-08-31 22:19:32 [DEBUG   ] NativeEvent(path="/Users/shubhamarundekatey/ClaudeCode/day28/StreamDeck-Premium/mobile/node_modules/zod/v4/locales", inode=279680401, flags=20400, id=950500905): is_directory, is_inode_meta_mod
2026-08-31 22:19:32 [DEBUG   ] queue_event DirModifiedEvent(src_path='/Users/shubhamarundekatey/ClaudeCode/day28/StreamDeck-Premium/mobile/node_modules/zod/v4/locales', dest_path='', event_type='modified', is_directory=True, is_synthetic=False)
2026-08-31 22:19:32 [DEBUG   ] NativeEvent(path="/Users/shubhamarundekatey/ClaudeCode/day28/StreamDeck-Premium/mobile/node_modules/zod/v4/locales", inode=279680401, flags=20400, id=950500932): is_directory, is_inode_meta_mod
2026-08-31 22:19:32 [DEBUG   ] queue_event DirModifiedEvent(src_path='/Users/shubhamarundekatey/ClaudeCode/day28/StreamDeck-Premium/mobile/node_modules/zod/v4/locales', dest_path='', event_type='modified', is_directory=True, is_synthetic=False)
2026-08-31 22:19:33 [DEBUG   ] NativeEvent(path="/Users/shubhamarundekatey/ClaudeCode/day28/StreamDeck-Premium/mobile/node_modules/zod/v4/locales", inode=279680401, flags=20400, id=950500955): is_directory, is_inode_meta_mod
2026-08-31 22:19:33 [DEBUG   ] queue_event DirModifiedEvent(src_path='/Users/shubhamarundekatey/ClaudeCode/day28/StreamDeck-Premium/mobile/node_modules/zod/v4/locales', dest_path='', event_type='modified', is_directory=True, is_synthetic=False)
2026-08-31 22:19:33 [DEBUG   ] NativeEvent(path="/Users/shubhamarundekatey/ClaudeCode/day28/StreamDeck-Premium/mobile/node_modules/zod/v4/locales", inode=279680401, flags=20400, id=950501063): is_directory, is_inode_meta_mod
2026-08-31 22:19:33 [DEBUG   ] queue_event DirModifiedEvent(src_path='/Users/shubhamarundekatey/ClaudeCode/day28/StreamDeck-Premium/mobile/node_modules/zod/v4/locales', dest_path='', event_type='modified', is_directory=True, is_synthetic=False)
2026-08-31 22:19:33 [DEBUG   ] NativeEvent(path="/Users/shubhamarundekatey/ClaudeCode/day28/StreamDeck-Premium/mobile/node_modules/zod/v4/locales", inode=279680401, flags=20400, id=950501113): is_directory, is_inode_meta_mod
2026-08-31 22:19:33 [DEBUG   ] queue_event DirModifiedEvent(src_path='/Users/shubhamarundekatey/ClaudeCode/day28/StreamDeck-Premium/mobile/node_modules/zod/v4/locales', dest_path='', event_type='modified', is_directory=True, is_synthetic=False)
2026-08-31 22:19:33 [DEBUG   ] NativeEvent(path="/Users/shubhamarundekatey/ClaudeCode/day28/StreamDeck-Premium/mobile/node_modules/zod/v4/locales", inode=279680401, flags=20400, id=950501145): is_directory, is_inode_meta_mod
2026-08-31 22:19:33 [DEBUG   ] queue_event DirModifiedEvent(src_path='/Users/shubhamarundekatey/ClaudeCode/day28/StreamDeck-Premium/mobile/node_modules/zod/v4/locales', dest_path='', event_type='modified', is_directory=True, is_synthetic=False)
2026-08-31 22:19:33 [DEBUG   ] NativeEvent(path="/Users/shubhamarundekatey/ClaudeCode/day28/StreamDeck-Premium/mobile/node_modules/zod/v4/locales", inode=279680401, flags=20400, id=950501151): is_directory, is_inode_meta_mod
2026-08-31 22:19:33 [DEBUG   ] queue_event DirModifiedEvent(src_path='/Users/shubhamarundekatey/ClaudeCode/day28/StreamDeck-Premium/mobile/node_modules/zod/v4/locales', dest_path='', event_type='modified', is_directory=True, is_synthetic=False)
2026-08-31 22:19:33 [DEBUG   ] NativeEvent(path="/Users/shubhamarundekatey/ClaudeCode/day28/StreamDeck-Premium/mobile/node_modules/zod/v4/locales", inode=279680401, flags=20400, id=950501163): is_directory, is_inode_meta_mod
2026-08-31 22:19:33 [DEBUG   ] queue_event DirModifiedEvent(src_path='/Users/shubhamarundekatey/ClaudeCode/day28/StreamDeck-Premium/mobile/node_modules/zod/v4/locales', dest_path='', event_type='modified', is_directory=True, is_synthetic=False)
2026-08-31 22:19:33 [DEBUG   ] NativeEvent(path="/Users/shubhamarundekatey/ClaudeCode/day28/StreamDeck-Premium/mobile/node_modules/zod/v4/locales", inode=279680401, flags=20400, id=950501197): is_directory, is_inode_meta_mod
2026-08-31 22:19:33 [DEBUG   ] queue_event DirModifiedEvent(src_path='/Users/shubhamarundekatey/ClaudeCode/day28/StreamDeck-Premium/mobile/node_modules/zod/v4/locales', dest_path='', event_type='modified', is_directory=True, is_synthetic=False)
2026-08-31 22:19:33 [DEBUG   ] NativeEvent(path="/Users/shubhamarundekatey/ClaudeCode/day28/StreamDeck-Premium/mobile/node_modules/zod/v4/locales", inode=279680401, flags=20400, id=950501225): is_directory, is_inode_meta_mod
2026-08-31 22:19:33 [DEBUG   ] queue_event DirModifiedEvent(src_path='/Users/shubhamarundekatey/ClaudeCode/day28/StreamDeck-Premium/mobile/node_modules/zod/v4/locales', dest_path='', event_type='modified', is_directory=True, is_synthetic=False)
2026-08-31 22:19:33 [DEBUG   ] NativeEvent(path="/Users/shubhamarundekatey/ClaudeCode/day28/StreamDeck-Premium/mobile/node_modules/zod/v4/locales", inode=279680401, flags=20400, id=950501258): is_directory, is_inode_meta_mod
2026-08-31 22:19:33 [DEBUG   ] queue_event DirModifiedEvent(src_path='/Users/shubhamarundekatey/ClaudeCode/day28/StreamDeck-Premium/mobile/node_modules/zod/v4/locales', dest_path='', event_type='modified', is_directory=True, is_synthetic=False)
2026-08-31 22:19:34 [DEBUG   ] NativeEvent(path="/Users/shubhamarundekatey/ClaudeCode/day28/StreamDeck-Premium/mobile/node_modules/zod/v4/locales", inode=279680401, flags=20400, id=950501423): is_directory, is_inode_meta_mod
2026-08-31 22:19:34 [DEBUG   ] queue_event DirModifiedEvent(src_path='/Users/shubhamarundekatey/ClaudeCode/day28/StreamDeck-Premium/mobile/node_modules/zod/v4/locales', dest_path='', event_type='modified', is_directory=True, is_synthetic=False)
2026-08-31 22:19:34 [DEBUG   ] NativeEvent(path="/Users/shubhamarundekatey/ClaudeCode/day28/StreamDeck-Premium/mobile/node_modules/zod/v4/locales", inode=279680401, flags=20400, id=950501432): is_directory, is_inode_meta_mod
2026-08-31 22:19:34 [DEBUG   ] queue_event DirModifiedEvent(src_path='/Users/shubhamarundekatey/ClaudeCode/day28/StreamDeck-Premium/mobile/node_modules/zod/v4/locales', dest_path='', event_type='modified', is_directory=True, is_synthetic=False)
2026-08-31 22:19:34 [DEBUG   ] NativeEvent(path="/Users/shubhamarundekatey/ClaudeCode/day28/StreamDeck-Premium/mobile/node_modules/zod/v4/locales", inode=279680401, flags=20400, id=950501458): is_directory, is_inode_meta_mod
2026-08-31 22:19:34 [DEBUG   ] queue_event DirModifiedEvent(src_path='/Users/shubhamarundekatey/ClaudeCode/day28/StreamDeck-Premium/mobile/node_modules/zod/v4/locales', dest_path='', event_type='modified', is_directory=True, is_synthetic=False)
2026-08-31 22:19:34 [DEBUG   ] NativeEvent(path="/Users/shubhamarundekatey/ClaudeCode/day28/StreamDeck-Premium/mobile/node_modules/zod/v4/locales", inode=279680401, flags=20400, id=950501503): is_directory, is_inode_meta_mod
2026-08-31 22:19:34 [DEBUG   ] queue_event DirModifiedEvent(src_path='/Users/shubhamarundekatey/ClaudeCode/day28/StreamDeck-Premium/mobile/node_modules/zod/v4/locales', dest_path='', event_type='modified', is_directory=True, is_synthetic=False)
2026-08-31 22:19:34 [DEBUG   ] NativeEvent(path="/Users/shubhamarundekatey/ClaudeCode/day28/StreamDeck-Premium/mobile/node_modules/zod/v4/locales", inode=279680401, flags=20400, id=950501552): is_directory, is_inode_meta_mod
2026-08-31 22:19:34 [DEBUG   ] queue_event DirModifiedEvent(src_path='/Users/shubhamarundekatey/ClaudeCode/day28/StreamDeck-Premium/mobile/node_modules/zod/v4/locales', dest_path='', event_type='modified', is_directory=True, is_synthetic=False)
2026-08-31 22:19:34 [DEBUG   ] NativeEvent(path="/Users/shubhamarundekatey/ClaudeCode/day28/StreamDeck-Premium/mobile/node_modules/zod/v4/locales", inode=279680401, flags=20400, id=950501610): is_directory, is_inode_meta_mod
2026-08-31 22:19:34 [DEBUG   ] queue_event DirModifiedEvent(src_path='/Users/shubhamarundekatey/ClaudeCode/day28/StreamDeck-Premium/mobile/node_modules/zod/v4/locales', dest_path='', event_type='modified', is_directory=True, is_synthetic=False)
2026-08-31 22:19:34 [DEBUG   ] NativeEvent(path="/Users/shubhamarundekatey/ClaudeCode/day28/StreamDeck-Premium/mobile/node_modules/zod/v4/locales", inode=279680401, flags=20400, id=950501630): is_directory, is_inode_meta_mod
2026-08-31 22:19:34 [DEBUG   ] queue_event DirModifiedEvent(src_path='/Users/shubhamarundekatey/ClaudeCode/day28/StreamDeck-Premium/mobile/node_modules/zod/v4/locales', dest_path='', event_type='modified', is_directory=True, is_synthetic=False)
2026-08-31 22:19:34 [DEBUG   ] NativeEvent(path="/Users/shubhamarundekatey/ClaudeCode/day28/StreamDeck-Premium/mobile/node_modules/zod/v4/locales", inode=279680401, flags=20400, id=950501642): is_directory, is_inode_meta_mod
2026-08-31 22:19:34 [DEBUG   ] queue_event DirModifiedEvent(src_path='/Users/shubhamarundekatey/ClaudeCode/day28/StreamDeck-Premium/mobile/node_modules/zod/v4/locales', dest_path='', event_type='modified', is_directory=True, is_synthetic=False)
2026-08-31 22:19:34 [DEBUG   ] NativeEvent(path="/Users/shubhamarundekatey/ClaudeCode/day28/StreamDeck-Premium/mobile/node_modules/zod/v4/locales", inode=279680401, flags=20400, id=950501696): is_directory, is_inode_meta_mod
2026-08-31 22:19:34 [DEBUG   ] queue_event DirModifiedEvent(src_path='/Users/shubhamarundekatey/ClaudeCode/day28/StreamDeck-Premium/mobile/node_modules/zod/v4/locales', dest_path='', event_type='modified', is_directory=True, is_synthetic=False)
2026-08-31 22:19:35 [DEBUG   ] NativeEvent(path="/Users/shubhamarundekatey/ClaudeCode/day28/StreamDeck-Premium/mobile/node_modules/zod/v4/locales", inode=279680401, flags=20400, id=950501724): is_directory, is_inode_meta_mod
2026-08-31 22:19:35 [DEBUG   ] queue_event DirModifiedEvent(src_path='/Users/shubhamarundekatey/ClaudeCode/day28/StreamDeck-Premium/mobile/node_modules/zod/v4/locales', dest_path='', event_type='modified', is_directory=True, is_synthetic=False)
2026-08-31 22:19:35 [DEBUG   ] NativeEvent(path="/Users/shubhamarundekatey/ClaudeCode/day28/StreamDeck-Premium/mobile/node_modules/zod/v4/locales", inode=279680401, flags=20400, id=950501733): is_directory, is_inode_meta_mod
2026-08-31 22:19:35 [DEBUG   ] queue_event DirModifiedEvent(src_path='/Users/shubhamarundekatey/ClaudeCode/day28/StreamDeck-Premium/mobile/node_modules/zod/v4/locales', dest_path='', event_type='modified', is_directory=True, is_synthetic=False)
2026-08-31 22:19:35 [DEBUG   ] NativeEvent(path="/Users/shubhamarundekatey/ClaudeCode/day28/StreamDeck-Premium/mobile/node_modules/zod/v4/locales", inode=279680401, flags=20400, id=950501742): is_directory, is_inode_meta_mod
2026-08-31 22:19:35 [DEBUG   ] queue_event DirModifiedEvent(src_path='/Users/shubhamarundekatey/ClaudeCode/day28/StreamDeck-Premium/mobile/node_modules/zod/v4/locales', dest_path='', event_type='modified', is_directory=True, is_synthetic=False)
2026-08-31 22:19:35 [DEBUG   ] NativeEvent(path="/Users/shubhamarundekatey/ClaudeCode/day28/StreamDeck-Premium/mobile/node_modules/zod/v4/locales", inode=279680401, flags=20400, id=950501760): is_directory, is_inode_meta_mod
2026-08-31 22:19:35 [DEBUG   ] queue_event DirModifiedEvent(src_path='/Users/shubhamarundekatey/ClaudeCode/day28/StreamDeck-Premium/mobile/node_modules/zod/v4/locales', dest_path='', event_type='modified', is_directory=True, is_synthetic=False)
2026-08-31 22:19:35 [DEBUG   ] NativeEvent(path="/Users/shubhamarundekatey/ClaudeCode/day28/StreamDeck-Premium/mobile/node_modules/zod/v4/locales", inode=279680401, flags=20400, id=950501769): is_directory, is_inode_meta_mod
2026-08-31 22:19:35 [DEBUG   ] queue_event DirModifiedEvent(src_path='/Users/shubhamarundekatey/ClaudeCode/day28/StreamDeck-Premium/mobile/node_modules/zod/v4/locales', dest_path='', event_type='modified', is_directory=True, is_synthetic=False)
2026-08-31 22:19:35 [DEBUG   ] NativeEvent(path="/Users/shubhamarundekatey/ClaudeCode/day28/StreamDeck-Premium/mobile/node_modules/zod/v4/locales", inode=279680401, flags=20400, id=950501792): is_directory, is_inode_meta_mod
2026-08-31 22:19:35 [DEBUG   ] queue_event DirModifiedEvent(src_path='/Users/shubhamarundekatey/ClaudeCode/day28/StreamDeck-Premium/mobile/node_modules/zod/v4/locales', dest_path='', event_type='modified', is_directory=True, is_synthetic=False)
2026-08-31 22:19:35 [DEBUG   ] NativeEvent(path="/Users/shubhamarundekatey/ClaudeCode/day28/StreamDeck-Premium/mobile/node_modules/zod/v4/locales", inode=279680401, flags=20400, id=950501823): is_directory, is_inode_meta_mod
2026-08-31 22:19:35 [DEBUG   ] queue_event DirModifiedEvent(src_path='/Users/shubhamarundekatey/ClaudeCode/day28/StreamDeck-Premium/mobile/node_modules/zod/v4/locales', dest_path='', event_type='modified', is_directory=True, is_synthetic=False)
2026-08-31 22:19:35 [DEBUG   ] NativeEvent(path="/Users/shubhamarundekatey/ClaudeCode/day28/StreamDeck-Premium/mobile/node_modules/zod/v4/locales", inode=279680401, flags=20400, id=950501855): is_directory, is_inode_meta_mod
2026-08-31 22:19:35 [DEBUG   ] queue_event DirModifiedEvent(src_path='/Users/shubhamarundekatey/ClaudeCode/day28/StreamDeck-Premium/mobile/node_modules/zod/v4/locales', dest_path='', event_type='modified', is_directory=True, is_synthetic=False)
2026-08-31 22:19:35 [DEBUG   ] NativeEvent(path="/Users/shubhamarundekatey/ClaudeCode/day28/StreamDeck-Premium/mobile/node_modules/zod/v4/locales", inode=279680401, flags=20400, id=950501861): is_directory, is_inode_meta_mod
2026-08-31 22:19:35 [DEBUG   ] queue_event DirModifiedEvent(src_path='/Users/shubhamarundekatey/ClaudeCode/day28/StreamDeck-Premium/mobile/node_modules/zod/v4/locales', dest_path='', event_type='modified', is_directory=True, is_synthetic=False)
2026-08-31 22:19:35 [DEBUG   ] NativeEvent(path="/Users/shubhamarundekatey/ClaudeCode/day28/StreamDeck-Premium/mobile/node_modules/zod/v4/locales", inode=279680401, flags=20400, id=950501867): is_directory, is_inode_meta_mod
2026-08-31 22:19:35 [DEBUG   ] queue_event DirModifiedEvent(src_path='/Users/shubhamarundekatey/ClaudeCode/day28/StreamDeck-Premium/mobile/node_modules/zod/v4/locales', dest_path='', event_type='modified', is_directory=True, is_synthetic=False)
2026-08-31 22:19:36 [DEBUG   ] NativeEvent(path="/Users/shubhamarundekatey/ClaudeCode/day28/StreamDeck-Premium/mobile/node_modules/zod/v4/locales", inode=279680401, flags=20400, id=950501876): is_directory, is_inode_meta_mod
2026-08-31 22:19:36 [DEBUG   ] queue_event DirModifiedEvent(src_path='/Users/shubhamarundekatey/ClaudeCode/day28/StreamDeck-Premium/mobile/node_modules/zod/v4/locales', dest_path='', event_type='modified', is_directory=True, is_synthetic=False)
2026-08-31 22:19:36 [DEBUG   ] NativeEvent(path="/Users/shubhamarundekatey/ClaudeCode/day28/StreamDeck-Premium/mobile/node_modules/zod/v4/locales", inode=279680401, flags=20400, id=950501885): is_directory, is_inode_meta_mod
2026-08-31 22:19:36 [DEBUG   ] queue_event DirModifiedEvent(src_path='/Users/shubhamarundekatey/ClaudeCode/day28/StreamDeck-Premium/mobile/node_modules/zod/v4/locales', dest_path='', event_type='modified', is_directory=True, is_synthetic=False)
2026-08-31 22:19:36 [DEBUG   ] NativeEvent(path="/Users/shubhamarundekatey/ClaudeCode/day28/StreamDeck-Premium/mobile/node_modules/zod/v4/locales", inode=279680401, flags=20400, id=950502054): is_directory, is_inode_meta_mod
2026-08-31 22:19:36 [DEBUG   ] queue_event DirModifiedEvent(src_path='/Users/shubhamarundekatey/ClaudeCode/day28/StreamDeck-Premium/mobile/node_modules/zod/v4/locales', dest_path='', event_type='modified', is_directory=True, is_synthetic=False)
2026-08-31 22:19:36 [DEBUG   ] NativeEvent(path="/Users/shubhamarundekatey/ClaudeCode/day28/StreamDeck-Premium/mobile/node_modules/zod/v4/locales", inode=279680401, flags=20400, id=950502069): is_directory, is_inode_meta_mod
2026-08-31 22:19:36 [DEBUG   ] queue_event DirModifiedEvent(src_path='/Users/shubhamarundekatey/ClaudeCode/day28/StreamDeck-Premium/mobile/node_modules/zod/v4/locales', dest_path='', event_type='modified', is_directory=True, is_synthetic=False)
2026-08-31 22:19:36 [DEBUG   ] NativeEvent(path="/Users/shubhamarundekatey/ClaudeCode/day28/StreamDeck-Premium/mobile/node_modules/zod/v4/locales", inode=279680401, flags=20400, id=950502094): is_directory, is_inode_meta_mod
2026-08-31 22:19:36 [DEBUG   ] queue_event DirModifiedEvent(src_path='/Users/shubhamarundekatey/ClaudeCode/day28/StreamDeck-Premium/mobile/node_modules/zod/v4/locales', dest_path='', event_type='modified', is_directory=True, is_synthetic=False)
2026-08-31 22:19:36 [DEBUG   ] NativeEvent(path="/Users/shubhamarundekatey/ClaudeCode/day28/StreamDeck-Premium/mobile/node_modules/zod/v4/locales", inode=279680401, flags=20400, id=950502109): is_directory, is_inode_meta_mod
2026-08-31 22:19:36 [DEBUG   ] queue_event DirModifiedEvent(src_path='/Users/shubhamarundekatey/ClaudeCode/day28/StreamDeck-Premium/mobile/node_modules/zod/v4/locales', dest_path='', event_type='modified', is_directory=True, is_synthetic=False)
2026-08-31 22:19:36 [DEBUG   ] NativeEvent(path="/Users/shubhamarundekatey/ClaudeCode/day28/StreamDeck-Premium/mobile/node_modules/zod/v4/locales", inode=279680401, flags=20400, id=950502158): is_directory, is_inode_meta_mod
2026-08-31 22:19:36 [DEBUG   ] queue_event DirModifiedEvent(src_path='/Users/shubhamarundekatey/ClaudeCode/day28/StreamDeck-Premium/mobile/node_modules/zod/v4/locales', dest_path='', event_type='modified', is_directory=True, is_synthetic=False)
2026-08-31 22:19:36 [DEBUG   ] NativeEvent(path="/Users/shubhamarundekatey/ClaudeCode/day28/StreamDeck-Premium/mobile/node_modules/zod/v4/locales", inode=279680401, flags=20400, id=950502184): is_directory, is_inode_meta_mod
2026-08-31 22:19:36 [DEBUG   ] queue_event DirModifiedEvent(src_path='/Users/shubhamarundekatey/ClaudeCode/day28/StreamDeck-Premium/mobile/node_modules/zod/v4/locales', dest_path='', event_type='modified', is_directory=True, is_synthetic=False)
2026-08-31 22:19:36 [DEBUG   ] NativeEvent(path="/Users/shubhamarundekatey/ClaudeCode/day28/StreamDeck-Premium/mobile/node_modules/zod/v4/locales", inode=279680401, flags=20400, id=950502202): is_directory, is_inode_meta_mod
2026-08-31 22:19:36 [DEBUG   ] queue_event DirModifiedEvent(src_path='/Users/shubhamarundekatey/ClaudeCode/day28/StreamDeck-Premium/mobile/node_modules/zod/v4/locales', dest_path='', event_type='modified', is_directory=True, is_synthetic=False)
2026-08-31 22:19:37 [DEBUG   ] NativeEvent(path="/Users/shubhamarundekatey/ClaudeCode/day28/StreamDeck-Premium/mobile/node_modules/zod/v4/locales", inode=279680401, flags=20400, id=950502240): is_directory, is_inode_meta_mod
2026-08-31 22:19:37 [DEBUG   ] queue_event DirModifiedEvent(src_path='/Users/shubhamarundekatey/ClaudeCode/day28/StreamDeck-Premium/mobile/node_modules/zod/v4/locales', dest_path='', event_type='modified', is_directory=True, is_synthetic=False)
2026-08-31 22:19:37 [DEBUG   ] NativeEvent(path="/Users/shubhamarundekatey/ClaudeCode/day28/StreamDeck-Premium/mobile/node_modules/zod/v4/locales", inode=279680401, flags=20400, id=950502255): is_directory, is_inode_meta_mod
2026-08-31 22:19:37 [DEBUG   ] queue_event DirModifiedEvent(src_path='/Users/shubhamarundekatey/ClaudeCode/day28/StreamDeck-Premium/mobile/node_modules/zod/v4/locales', dest_path='', event_type='modified', is_directory=True, is_synthetic=False)
2026-08-31 22:19:37 [DEBUG   ] NativeEvent(path="/Users/shubhamarundekatey/ClaudeCode/day28/StreamDeck-Premium/mobile/node_modules/zod/v4/locales", inode=279680401, flags=20400, id=950502273): is_directory, is_inode_meta_mod
2026-08-31 22:19:37 [DEBUG   ] queue_event DirModifiedEvent(src_path='/Users/shubhamarundekatey/ClaudeCode/day28/StreamDeck-Premium/mobile/node_modules/zod/v4/locales', dest_path='', event_type='modified', is_directory=True, is_synthetic=False)
2026-08-31 22:19:37 [DEBUG   ] NativeEvent(path="/Users/shubhamarundekatey/ClaudeCode/day28/StreamDeck-Premium/mobile/node_modules/zod/v4/locales", inode=279680401, flags=20400, id=950502279): is_directory, is_inode_meta_mod
2026-08-31 22:19:37 [DEBUG   ] queue_event DirModifiedEvent(src_path='/Users/shubhamarundekatey/ClaudeCode/day28/StreamDeck-Premium/mobile/node_modules/zod/v4/locales', dest_path='', event_type='modified', is_directory=True, is_synthetic=False)
2026-08-31 22:19:37 [DEBUG   ] NativeEvent(path="/Users/shubhamarundekatey/ClaudeCode/day28/StreamDeck-Premium/mobile/node_modules/zod/v4/locales", inode=279680401, flags=20400, id=950502310): is_directory, is_inode_meta_mod
2026-08-31 22:19:37 [DEBUG   ] queue_event DirModifiedEvent(src_path='/Users/shubhamarundekatey/ClaudeCode/day28/StreamDeck-Premium/mobile/node_modules/zod/v4/locales', dest_path='', event_type='modified', is_directory=True, is_synthetic=False)
2026-08-31 22:19:37 [DEBUG   ] NativeEvent(path="/Users/shubhamarundekatey/ClaudeCode/day28/StreamDeck-Premium/mobile/node_modules/zod/v4/locales", inode=279680401, flags=20400, id=950502353): is_directory, is_inode_meta_mod
2026-08-31 22:19:37 [DEBUG   ] queue_event DirModifiedEvent(src_path='/Users/shubhamarundekatey/ClaudeCode/day28/StreamDeck-Premium/mobile/node_modules/zod/v4/locales', dest_path='', event_type='modified', is_directory=True, is_synthetic=False)
2026-08-31 22:19:37 [DEBUG   ] NativeEvent(path="/Users/shubhamarundekatey/ClaudeCode/day28/StreamDeck-Premium/mobile/node_modules/zod/v4/locales", inode=279680401, flags=20400, id=950502397): is_directory, is_inode_meta_mod
2026-08-31 22:19:37 [DEBUG   ] queue_event DirModifiedEvent(src_path='/Users/shubhamarundekatey/ClaudeCode/day28/StreamDeck-Premium/mobile/node_modules/zod/v4/locales', dest_path='', event_type='modified', is_directory=True, is_synthetic=False)
2026-08-31 22:19:37 [DEBUG   ] NativeEvent(path="/Users/shubhamarundekatey/ClaudeCode/day28/StreamDeck-Premium/mobile/node_modules/zod/v4/locales", inode=279680401, flags=20400, id=950502453): is_directory, is_inode_meta_mod
2026-08-31 22:19:37 [DEBUG   ] queue_event DirModifiedEvent(src_path='/Users/shubhamarundekatey/ClaudeCode/day28/StreamDeck-Premium/mobile/node_modules/zod/v4/locales', dest_path='', event_type='modified', is_directory=True, is_synthetic=False)
2026-08-31 22:19:37 [DEBUG   ] NativeEvent(path="/Users/shubhamarundekatey/ClaudeCode/day28/StreamDeck-Premium/mobile/node_modules/zod/v4/locales", inode=279680401, flags=20400, id=950502490): is_directory, is_inode_meta_mod
2026-08-31 22:19:37 [DEBUG   ] queue_event DirModifiedEvent(src_path='/Users/shubhamarundekatey/ClaudeCode/day28/StreamDeck-Premium/mobile/node_modules/zod/v4/locales', dest_path='', event_type='modified', is_directory=True, is_synthetic=False)
2026-08-31 22:19:37 [DEBUG   ] NativeEvent(path="/Users/shubhamarundekatey/ClaudeCode/day28/StreamDeck-Premium/mobile/node_modules/zod/v4/locales", inode=279680401, flags=20400, id=950502496): is_directory, is_inode_meta_mod
2026-08-31 22:19:37 [DEBUG   ] queue_event DirModifiedEvent(src_path='/Users/shubhamarundekatey/ClaudeCode/day28/StreamDeck-Premium/mobile/node_modules/zod/v4/locales', dest_path='', event_type='modified', is_directory=True, is_synthetic=False)
2026-08-31 22:19:37 [DEBUG   ] NativeEvent(path="/Users/shubhamarundekatey/ClaudeCode/day28/StreamDeck-Premium/mobile/node_modules/zod/v4/locales", inode=279680401, flags=20400, id=950502514): is_directory, is_inode_meta_mod
2026-08-31 22:19:37 [DEBUG   ] queue_event DirModifiedEvent(src_path='/Users/shubhamarundekatey/ClaudeCode/day28/StreamDeck-Premium/mobile/node_modules/zod/v4/locales', dest_path='', event_type='modified', is_directory=True, is_synthetic=False)
2026-08-31 22:19:38 [DEBUG   ] NativeEvent(path="/Users/shubhamarundekatey/ClaudeCode/day28/StreamDeck-Premium/mobile/node_modules/zod/v4/locales", inode=279680401, flags=20400, id=950502532): is_directory, is_inode_meta_mod
2026-08-31 22:19:38 [DEBUG   ] queue_event DirModifiedEvent(src_path='/Users/shubhamarundekatey/ClaudeCode/day28/StreamDeck-Premium/mobile/node_modules/zod/v4/locales', dest_path='', event_type='modified', is_directory=True, is_synthetic=False)
2026-08-31 22:19:38 [DEBUG   ] NativeEvent(path="/Users/shubhamarundekatey/ClaudeCode/day28/StreamDeck-Premium/mobile/node_modules/zod/v4/locales", inode=279680401, flags=20400, id=950502544): is_directory, is_inode_meta_mod
2026-08-31 22:19:38 [DEBUG   ] queue_event DirModifiedEvent(src_path='/Users/shubhamarundekatey/ClaudeCode/day28/StreamDeck-Premium/mobile/node_modules/zod/v4/locales', dest_path='', event_type='modified', is_directory=True, is_synthetic=False)
2026-08-31 22:19:38 [DEBUG   ] NativeEvent(path="/Users/shubhamarundekatey/ClaudeCode/day28/StreamDeck-Premium/mobile/node_modules/zod/v4/locales", inode=279680401, flags=20400, id=950502575): is_directory, is_inode_meta_mod
2026-08-31 22:19:38 [DEBUG   ] queue_event DirModifiedEvent(src_path='/Users/shubhamarundekatey/ClaudeCode/day28/StreamDeck-Premium/mobile/node_modules/zod/v4/locales', dest_path='', event_type='modified', is_directory=True, is_synthetic=False)
2026-08-31 22:19:38 [DEBUG   ] NativeEvent(path="/Users/shubhamarundekatey/ClaudeCode/day28/StreamDeck-Premium/mobile/node_modules/zod/v4/locales", inode=279680401, flags=20400, id=950502581): is_directory, is_inode_meta_mod
2026-08-31 22:19:38 [DEBUG   ] queue_event DirModifiedEvent(src_path='/Users/shubhamarundekatey/ClaudeCode/day28/StreamDeck-Premium/mobile/node_modules/zod/v4/locales', dest_path='', event_type='modified', is_directory=True, is_synthetic=False)
2026-08-31 22:19:38 [DEBUG   ] NativeEvent(path="/Users/shubhamarundekatey/ClaudeCode/day28/StreamDeck-Premium/mobile/node_modules/zod/v4/locales", inode=279680401, flags=20400, id=950502590): is_directory, is_inode_meta_mod
2026-08-31 22:19:38 [DEBUG   ] queue_event DirModifiedEvent(src_path='/Users/shubhamarundekatey/ClaudeCode/day28/StreamDeck-Premium/mobile/node_modules/zod/v4/locales', dest_path='', event_type='modified', is_directory=True, is_synthetic=False)
2026-08-31 22:19:38 [DEBUG   ] NativeEvent(path="/Users/shubhamarundekatey/ClaudeCode/day28/StreamDeck-Premium/mobile/node_modules/zod/v4/locales", inode=279680401, flags=20400, id=950502596): is_directory, is_inode_meta_mod
2026-08-31 22:19:38 [DEBUG   ] queue_event DirModifiedEvent(src_path='/Users/shubhamarundekatey/ClaudeCode/day28/StreamDeck-Premium/mobile/node_modules/zod/v4/locales', dest_path='', event_type='modified', is_directory=True, is_synthetic=False)
2026-08-31 22:19:38 [DEBUG   ] NativeEvent(path="/Users/shubhamarundekatey/ClaudeCode/day28/StreamDeck-Premium/mobile/node_modules/zod/v4/locales", inode=279680401, flags=20400, id=950502617): is_directory, is_inode_meta_mod
2026-08-31 22:19:38 [DEBUG   ] queue_event DirModifiedEvent(src_path='/Users/shubhamarundekatey/ClaudeCode/day28/StreamDeck-Premium/mobile/node_modules/zod/v4/locales', dest_path='', event_type='modified', is_directory=True, is_synthetic=False)
2026-08-31 22:19:38 [DEBUG   ] NativeEvent(path="/Users/shubhamarundekatey/ClaudeCode/day28/StreamDeck-Premium/mobile/node_modules/zod/v4/locales", inode=279680401, flags=20400, id=950502655): is_directory, is_inode_meta_mod
2026-08-31 22:19:38 [DEBUG   ] queue_event DirModifiedEvent(src_path='/Users/shubhamarundekatey/ClaudeCode/day28/StreamDeck-Premium/mobile/node_modules/zod/v4/locales', dest_path='', event_type='modified', is_directory=True, is_synthetic=False)
2026-08-31 22:19:38 [DEBUG   ] NativeEvent(path="/Users/shubhamarundekatey/ClaudeCode/day28/StreamDeck-Premium/mobile/node_modules/zod/v4/locales", inode=279680401, flags=20400, id=950502667): is_directory, is_inode_meta_mod
2026-08-31 22:19:38 [DEBUG   ] queue_event DirModifiedEvent(src_path='/Users/shubhamarundekatey/ClaudeCode/day28/StreamDeck-Premium/mobile/node_modules/zod/v4/locales', dest_path='', event_type='modified', is_directory=True, is_synthetic=False)
2026-08-31 22:19:38 [DEBUG   ] NativeEvent(path="/Users/shubhamarundekatey/ClaudeCode/day28/StreamDeck-Premium/mobile/node_modules/zod/v4/locales", inode=279680401, flags=20400, id=950502673): is_directory, is_inode_meta_mod
2026-08-31 22:19:38 [DEBUG   ] queue_event DirModifiedEvent(src_path='/Users/shubhamarundekatey/ClaudeCode/day28/StreamDeck-Premium/mobile/node_modules/zod/v4/locales', dest_path='', event_type='modified', is_directory=True, is_synthetic=False)
2026-08-31 22:19:38 [DEBUG   ] NativeEvent(path="/Users/shubhamarundekatey/ClaudeCode/day28/StreamDeck-Premium/mobile/node_modules/zod/v4/locales", inode=279680401, flags=20400, id=950502685): is_directory, is_inode_meta_mod
2026-08-31 22:19:38 [DEBUG   ] queue_event DirModifiedEvent(src_path='/Users/shubhamarundekatey/ClaudeCode/day28/StreamDeck-Premium/mobile/node_modules/zod/v4/locales', dest_path='', event_type='modified', is_directory=True, is_synthetic=False)
2026-08-31 22:19:39 [DEBUG   ] NativeEvent(path="/Users/shubhamarundekatey/ClaudeCode/day28/StreamDeck-Premium/mobile/node_modules/zod/v4/locales", inode=279680401, flags=20400, id=950502712): is_directory, is_inode_meta_mod
2026-08-31 22:19:39 [DEBUG   ] queue_event DirModifiedEvent(src_path='/Users/shubhamarundekatey/ClaudeCode/day28/StreamDeck-Premium/mobile/node_modules/zod/v4/locales', dest_path='', event_type='modified', is_directory=True, is_synthetic=False)
2026-08-31 22:19:39 [DEBUG   ] NativeEvent(path="/Users/shubhamarundekatey/ClaudeCode/day28/StreamDeck-Premium/mobile/node_modules/zod/v4/locales", inode=279680401, flags=20400, id=950502718): is_directory, is_inode_meta_mod
2026-08-31 22:19:39 [DEBUG   ] queue_event DirModifiedEvent(src_path='/Users/shubhamarundekatey/ClaudeCode/day28/StreamDeck-Premium/mobile/node_modules/zod/v4/locales', dest_path='', event_type='modified', is_directory=True, is_synthetic=False)
2026-08-31 22:19:40 [DEBUG   ] NativeEvent(path="/Users/shubhamarundekatey/ClaudeCode/day28/StreamDeck-Premium/mobile/node_modules/zod/v4/locales", inode=279680401, flags=20400, id=950502792): is_directory, is_inode_meta_mod
2026-08-31 22:19:40 [DEBUG   ] queue_event DirModifiedEvent(src_path='/Users/shubhamarundekatey/ClaudeCode/day28/StreamDeck-Premium/mobile/node_modules/zod/v4/locales', dest_path='', event_type='modified', is_directory=True, is_synthetic=False)
2026-08-31 22:19:40 [DEBUG   ] NativeEvent(path="/Users/shubhamarundekatey/ClaudeCode/day28/StreamDeck-Premium/mobile/node_modules/zod/v4/locales", inode=279680401, flags=20400, id=950502819): is_directory, is_inode_meta_mod
2026-08-31 22:19:40 [DEBUG   ] queue_event DirModifiedEvent(src_path='/Users/shubhamarundekatey/ClaudeCode/day28/StreamDeck-Premium/mobile/node_modules/zod/v4/locales', dest_path='', event_type='modified', is_directory=True, is_synthetic=False)
2026-08-31 22:19:40 [DEBUG   ] NativeEvent(path="/Users/shubhamarundekatey/ClaudeCode/day28/StreamDeck-Premium/mobile/node_modules/zod/v4/locales", inode=279680401, flags=20400, id=950502828): is_directory, is_inode_meta_mod
2026-08-31 22:19:40 [DEBUG   ] queue_event DirModifiedEvent(src_path='/Users/shubhamarundekatey/ClaudeCode/day28/StreamDeck-Premium/mobile/node_modules/zod/v4/locales', dest_path='', event_type='modified', is_directory=True, is_synthetic=False)
2026-08-31 22:19:40 [DEBUG   ] NativeEvent(path="/Users/shubhamarundekatey/ClaudeCode/day28/StreamDeck-Premium/mobile/node_modules/zod/v4/locales", inode=279680401, flags=20400, id=950502898): is_directory, is_inode_meta_mod
2026-08-31 22:19:40 [DEBUG   ] queue_event DirModifiedEvent(src_path='/Users/shubhamarundekatey/ClaudeCode/day28/StreamDeck-Premium/mobile/node_modules/zod/v4/locales', dest_path='', event_type='modified', is_directory=True, is_synthetic=False)
2026-08-31 22:19:40 [DEBUG   ] NativeEvent(path="/Users/shubhamarundekatey/ClaudeCode/day28/StreamDeck-Premium/mobile/node_modules/zod/v4/locales", inode=279680401, flags=20400, id=950503016): is_directory, is_inode_meta_mod
2026-08-31 22:19:40 [DEBUG   ] queue_event DirModifiedEvent(src_path='/Users/shubhamarundekatey/ClaudeCode/day28/StreamDeck-Premium/mobile/node_modules/zod/v4/locales', dest_path='', event_type='modified', is_directory=True, is_synthetic=False)
2026-08-31 22:19:40 [DEBUG   ] NativeEvent(path="/Users/shubhamarundekatey/ClaudeCode/day28/StreamDeck-Premium/mobile/node_modules/zod/v4/locales", inode=279680401, flags=20400, id=950503047): is_directory, is_inode_meta_mod
2026-08-31 22:19:40 [DEBUG   ] queue_event DirModifiedEvent(src_path='/Users/shubhamarundekatey/ClaudeCode/day28/StreamDeck-Premium/mobile/node_modules/zod/v4/locales', dest_path='', event_type='modified', is_directory=True, is_synthetic=False)
2026-08-31 22:19:40 [DEBUG   ] NativeEvent(path="/Users/shubhamarundekatey/ClaudeCode/day28/StreamDeck-Premium/mobile/node_modules/zod/v4/locales", inode=279680401, flags=20400, id=950503065): is_directory, is_inode_meta_mod
2026-08-31 22:19:40 [DEBUG   ] queue_event DirModifiedEvent(src_path='/Users/shubhamarundekatey/ClaudeCode/day28/StreamDeck-Premium/mobile/node_modules/zod/v4/locales', dest_path='', event_type='modified', is_directory=True, is_synthetic=False)
2026-08-31 22:19:40 [DEBUG   ] NativeEvent(path="/Users/shubhamarundekatey/ClaudeCode/day28/StreamDeck-Premium/mobile/node_modules/zod/v4/locales", inode=279680401, flags=20400, id=950503071): is_directory, is_inode_meta_mod
2026-08-31 22:19:40 [DEBUG   ] queue_event DirModifiedEvent(src_path='/Users/shubhamarundekatey/ClaudeCode/day28/StreamDeck-Premium/mobile/node_modules/zod/v4/locales', dest_path='', event_type='modified', is_directory=True, is_synthetic=False)
2026-08-31 22:19:40 [DEBUG   ] NativeEvent(path="/Users/shubhamarundekatey/ClaudeCode/day28/StreamDeck-Premium/mobile/node_modules/zod/v4/locales", inode=279680401, flags=20400, id=950503086): is_directory, is_inode_meta_mod
2026-08-31 22:19:41 [DEBUG   ] queue_event DirModifiedEvent(src_path='/Users/shubhamarundekatey/ClaudeCode/day28/StreamDeck-Premium/mobile/node_modules/zod/v4/locales', dest_path='', event_type='modified', is_directory=True, is_synthetic=False)
2026-08-31 22:19:41 [DEBUG   ] NativeEvent(path="/Users/shubhamarundekatey/ClaudeCode/day28/StreamDeck-Premium/mobile/node_modules/zod/v4/locales", inode=279680401, flags=20400, id=950503092): is_directory, is_inode_meta_mod
2026-08-31 22:19:41 [DEBUG   ] queue_event DirModifiedEvent(src_path='/Users/shubhamarundekatey/ClaudeCode/day28/StreamDeck-Premium/mobile/node_modules/zod/v4/locales', dest_path='', event_type='modified', is_directory=True, is_synthetic=False)
2026-08-31 22:19:41 [DEBUG   ] NativeEvent(path="/Users/shubhamarundekatey/ClaudeCode/day28/StreamDeck-Premium/mobile/node_modules/zod/v4/locales", inode=279680401, flags=20400, id=950503098): is_directory, is_inode_meta_mod
2026-08-31 22:19:41 [DEBUG   ] queue_event DirModifiedEvent(src_path='/Users/shubhamarundekatey/ClaudeCode/day28/StreamDeck-Premium/mobile/node_modules/zod/v4/locales', dest_path='', event_type='modified', is_directory=True, is_synthetic=False)
2026-08-31 22:19:41 [DEBUG   ] NativeEvent(path="/Users/shubhamarundekatey/ClaudeCode/day28/StreamDeck-Premium/mobile/node_modules/zod/v4/locales", inode=279680401, flags=20400, id=950503163): is_directory, is_inode_meta_mod
2026-08-31 22:19:41 [DEBUG   ] queue_event DirModifiedEvent(src_path='/Users/shubhamarundekatey/ClaudeCode/day28/StreamDeck-Premium/mobile/node_modules/zod/v4/locales', dest_path='', event_type='modified', is_directory=True, is_synthetic=False)
2026-08-31 22:19:41 [DEBUG   ] NativeEvent(path="/Users/shubhamarundekatey/ClaudeCode/day28/StreamDeck-Premium/mobile/node_modules/zod/v4/locales", inode=279680401, flags=20400, id=950503174): is_directory, is_inode_meta_mod
2026-08-31 22:19:41 [DEBUG   ] queue_event DirModifiedEvent(src_path='/Users/shubhamarundekatey/ClaudeCode/day28/StreamDeck-Premium/mobile/node_modules/zod/v4/locales', dest_path='', event_type='modified', is_directory=True, is_synthetic=False)
2026-08-31 22:19:41 [DEBUG   ] NativeEvent(path="/Users/shubhamarundekatey/ClaudeCode/day28/StreamDeck-Premium/mobile/node_modules/zod/v4/locales", inode=279680401, flags=20400, id=950503180): is_directory, is_inode_meta_mod
2026-08-31 22:19:41 [DEBUG   ] queue_event DirModifiedEvent(src_path='/Users/shubhamarundekatey/ClaudeCode/day28/StreamDeck-Premium/mobile/node_modules/zod/v4/locales', dest_path='', event_type='modified', is_directory=True, is_synthetic=False)
2026-08-31 22:19:41 [DEBUG   ] NativeEvent(path="/Users/shubhamarundekatey/ClaudeCode/day28/StreamDeck-Premium/mobile/node_modules/zod/v4/locales", inode=279680401, flags=20400, id=950503186): is_directory, is_inode_meta_mod
2026-08-31 22:19:41 [DEBUG   ] queue_event DirModifiedEvent(src_path='/Users/shubhamarundekatey/ClaudeCode/day28/StreamDeck-Premium/mobile/node_modules/zod/v4/locales', dest_path='', event_type='modified', is_directory=True, is_synthetic=False)
2026-08-31 22:19:41 [DEBUG   ] NativeEvent(path="/Users/shubhamarundekatey/ClaudeCode/day28/StreamDeck-Premium/mobile/node_modules/zod/v4/locales", inode=279680401, flags=20400, id=950503192): is_directory, is_inode_meta_mod
2026-08-31 22:19:41 [DEBUG   ] queue_event DirModifiedEvent(src_path='/Users/shubhamarundekatey/ClaudeCode/day28/StreamDeck-Premium/mobile/node_modules/zod/v4/locales', dest_path='', event_type='modified', is_directory=True, is_synthetic=False)
2026-08-31 22:19:41 [DEBUG   ] NativeEvent(path="/Users/shubhamarundekatey/ClaudeCode/day28/StreamDeck-Premium/mobile/node_modules/zod/v4/locales", inode=279680401, flags=20400, id=950503198): is_directory, is_inode_meta_mod
2026-08-31 22:19:41 [DEBUG   ] queue_event DirModifiedEvent(src_path='/Users/shubhamarundekatey/ClaudeCode/day28/StreamDeck-Premium/mobile/node_modules/zod/v4/locales', dest_path='', event_type='modified', is_directory=True, is_synthetic=False)
2026-08-31 22:19:41 [DEBUG   ] NativeEvent(path="/Users/shubhamarundekatey/ClaudeCode/day28/StreamDeck-Premium/mobile/node_modules/zod/v4/locales", inode=279680401, flags=20400, id=950503204): is_directory, is_inode_meta_mod
2026-08-31 22:19:41 [DEBUG   ] queue_event DirModifiedEvent(src_path='/Users/shubhamarundekatey/ClaudeCode/day28/StreamDeck-Premium/mobile/node_modules/zod/v4/locales', dest_path='', event_type='modified', is_directory=True, is_synthetic=False)
2026-08-31 22:19:41 [DEBUG   ] NativeEvent(path="/Users/shubhamarundekatey/ClaudeCode/day28/StreamDeck-Premium/mobile/node_modules/zod/v4/locales", inode=279680401, flags=20400, id=950503213): is_directory, is_inode_meta_mod
2026-08-31 22:19:41 [DEBUG   ] queue_event DirModifiedEvent(src_path='/Users/shubhamarundekatey/ClaudeCode/day28/StreamDeck-Premium/mobile/node_modules/zod/v4/locales', dest_path='', event_type='modified', is_directory=True, is_synthetic=False)
2026-08-31 22:19:42 [DEBUG   ] NativeEvent(path="/Users/shubhamarundekatey/ClaudeCode/day28/StreamDeck-Premium/mobile/node_modules/zod/v4/locales", inode=279680401, flags=20400, id=950503231): is_directory, is_inode_meta_mod
2026-08-31 22:19:42 [DEBUG   ] queue_event DirModifiedEvent(src_path='/Users/shubhamarundekatey/ClaudeCode/day28/StreamDeck-Premium/mobile/node_modules/zod/v4/locales', dest_path='', event_type='modified', is_directory=True, is_synthetic=False)
2026-08-31 22:19:42 [DEBUG   ] NativeEvent(path="/Users/shubhamarundekatey/ClaudeCode/day28/StreamDeck-Premium/mobile/node_modules/zod/v4/locales", inode=279680401, flags=20400, id=950503246): is_directory, is_inode_meta_mod
2026-08-31 22:19:42 [DEBUG   ] queue_event DirModifiedEvent(src_path='/Users/shubhamarundekatey/ClaudeCode/day28/StreamDeck-Premium/mobile/node_modules/zod/v4/locales', dest_path='', event_type='modified', is_directory=True, is_synthetic=False)
2026-08-31 22:19:42 [DEBUG   ] NativeEvent(path="/Users/shubhamarundekatey/ClaudeCode/day28/StreamDeck-Premium/mobile/node_modules/zod/v4/locales", inode=279680401, flags=20400, id=950503255): is_directory, is_inode_meta_mod
2026-08-31 22:19:42 [DEBUG   ] queue_event DirModifiedEvent(src_path='/Users/shubhamarundekatey/ClaudeCode/day28/StreamDeck-Premium/mobile/node_modules/zod/v4/locales', dest_path='', event_type='modified', is_directory=True, is_synthetic=False)
2026-08-31 22:19:42 [DEBUG   ] NativeEvent(path="/Users/shubhamarundekatey/ClaudeCode/day28/StreamDeck-Premium/mobile/node_modules/zod/v4/locales", inode=279680401, flags=20400, id=950503282): is_directory, is_inode_meta_mod
2026-08-31 22:19:42 [DEBUG   ] queue_event DirModifiedEvent(src_path='/Users/shubhamarundekatey/ClaudeCode/day28/StreamDeck-Premium/mobile/node_modules/zod/v4/locales', dest_path='', event_type='modified', is_directory=True, is_synthetic=False)
2026-08-31 22:19:42 [DEBUG   ] NativeEvent(path="/Users/shubhamarundekatey/ClaudeCode/day28/StreamDeck-Premium/mobile/node_modules/zod/v4/locales", inode=279680401, flags=20400, id=950503312): is_directory, is_inode_meta_mod
2026-08-31 22:19:42 [DEBUG   ] queue_event DirModifiedEvent(src_path='/Users/shubhamarundekatey/ClaudeCode/day28/StreamDeck-Premium/mobile/node_modules/zod/v4/locales', dest_path='', event_type='modified', is_directory=True, is_synthetic=False)
2026-08-31 22:19:42 [DEBUG   ] NativeEvent(path="/Users/shubhamarundekatey/ClaudeCode/day28/StreamDeck-Premium/mobile/node_modules/zod/v4/locales", inode=279680401, flags=20400, id=950503403): is_directory, is_inode_meta_mod
2026-08-31 22:19:42 [DEBUG   ] queue_event DirModifiedEvent(src_path='/Users/shubhamarundekatey/ClaudeCode/day28/StreamDeck-Premium/mobile/node_modules/zod/v4/locales', dest_path='', event_type='modified', is_directory=True, is_synthetic=False)
2026-08-31 22:19:42 [DEBUG   ] NativeEvent(path="/Users/shubhamarundekatey/ClaudeCode/day28/StreamDeck-Premium/mobile/node_modules/zod/v4/locales", inode=279680401, flags=20400, id=950503486): is_directory, is_inode_meta_mod
2026-08-31 22:19:42 [DEBUG   ] queue_event DirModifiedEvent(src_path='/Users/shubhamarundekatey/ClaudeCode/day28/StreamDeck-Premium/mobile/node_modules/zod/v4/locales', dest_path='', event_type='modified', is_directory=True, is_synthetic=False)
2026-08-31 22:19:42 [DEBUG   ] NativeEvent(path="/Users/shubhamarundekatey/ClaudeCode/day28/StreamDeck-Premium/mobile/node_modules/zod/v4/locales", inode=279680401, flags=20400, id=950503557): is_directory, is_inode_meta_mod
2026-08-31 22:19:42 [DEBUG   ] queue_event DirModifiedEvent(src_path='/Users/shubhamarundekatey/ClaudeCode/day28/StreamDeck-Premium/mobile/node_modules/zod/v4/locales', dest_path='', event_type='modified', is_directory=True, is_synthetic=False)
2026-08-31 22:19:42 [DEBUG   ] NativeEvent(path="/Users/shubhamarundekatey/ClaudeCode/day28/StreamDeck-Premium/mobile/node_modules/zod/v4/locales", inode=279680401, flags=20400, id=950503644): is_directory, is_inode_meta_mod
2026-08-31 22:19:42 [DEBUG   ] queue_event DirModifiedEvent(src_path='/Users/shubhamarundekatey/ClaudeCode/day28/StreamDeck-Premium/mobile/node_modules/zod/v4/locales', dest_path='', event_type='modified', is_directory=True, is_synthetic=False)
2026-08-31 22:19:43 [DEBUG   ] NativeEvent(path="/Users/shubhamarundekatey/ClaudeCode/day28/StreamDeck-Premium/mobile/node_modules/zod/v4/locales", inode=279680401, flags=20400, id=950503717): is_directory, is_inode_meta_mod
2026-08-31 22:19:43 [DEBUG   ] queue_event DirModifiedEvent(src_path='/Users/shubhamarundekatey/ClaudeCode/day28/StreamDeck-Premium/mobile/node_modules/zod/v4/locales', dest_path='', event_type='modified', is_directory=True, is_synthetic=False)
2026-08-31 22:19:43 [DEBUG   ] NativeEvent(path="/Users/shubhamarundekatey/ClaudeCode/day28/StreamDeck-Premium/mobile/node_modules/zod/v4/locales", inode=279680401, flags=20400, id=950503741): is_directory, is_inode_meta_mod
2026-08-31 22:19:43 [DEBUG   ] queue_event DirModifiedEvent(src_path='/Users/shubhamarundekatey/ClaudeCode/day28/StreamDeck-Premium/mobile/node_modules/zod/v4/locales', dest_path='', event_type='modified', is_directory=True, is_synthetic=False)
2026-08-31 22:19:43 [DEBUG   ] NativeEvent(path="/Users/shubhamarundekatey/ClaudeCode/day28/StreamDeck-Premium/mobile/node_modules/zod/v4/locales", inode=279680401, flags=20400, id=950503774): is_directory, is_inode_meta_mod
2026-08-31 22:19:43 [DEBUG   ] queue_event DirModifiedEvent(src_path='/Users/shubhamarundekatey/ClaudeCode/day28/StreamDeck-Premium/mobile/node_modules/zod/v4/locales', dest_path='', event_type='modified', is_directory=True, is_synthetic=False)
2026-08-31 22:19:43 [DEBUG   ] NativeEvent(path="/Users/shubhamarundekatey/ClaudeCode/day28/StreamDeck-Premium/mobile/node_modules/zod/v4/locales", inode=279680401, flags=20400, id=950503795): is_directory, is_inode_meta_mod
2026-08-31 22:19:43 [DEBUG   ] queue_event DirModifiedEvent(src_path='/Users/shubhamarundekatey/ClaudeCode/day28/StreamDeck-Premium/mobile/node_modules/zod/v4/locales', dest_path='', event_type='modified', is_directory=True, is_synthetic=False)
2026-08-31 22:19:43 [DEBUG   ] NativeEvent(path="/Users/shubhamarundekatey/ClaudeCode/day28/StreamDeck-Premium/mobile/node_modules/zod/v4/locales", inode=279680401, flags=20400, id=950503828): is_directory, is_inode_meta_mod
2026-08-31 22:19:43 [DEBUG   ] queue_event DirModifiedEvent(src_path='/Users/shubhamarundekatey/ClaudeCode/day28/StreamDeck-Premium/mobile/node_modules/zod/v4/locales', dest_path='', event_type='modified', is_directory=True, is_synthetic=False)
2026-08-31 22:19:43 [DEBUG   ] NativeEvent(path="/Users/shubhamarundekatey/ClaudeCode/day28/StreamDeck-Premium/mobile/node_modules/zod/v4/locales", inode=279680401, flags=20400, id=950503870): is_directory, is_inode_meta_mod
2026-08-31 22:19:43 [DEBUG   ] queue_event DirModifiedEvent(src_path='/Users/shubhamarundekatey/ClaudeCode/day28/StreamDeck-Premium/mobile/node_modules/zod/v4/locales', dest_path='', event_type='modified', is_directory=True, is_synthetic=False)
2026-08-31 22:19:43 [DEBUG   ] NativeEvent(path="/Users/shubhamarundekatey/ClaudeCode/day28/StreamDeck-Premium/mobile/node_modules/zod/v4/locales", inode=279680401, flags=20400, id=950503933): is_directory, is_inode_meta_mod
2026-08-31 22:19:43 [DEBUG   ] queue_event DirModifiedEvent(src_path='/Users/shubhamarundekatey/ClaudeCode/day28/StreamDeck-Premium/mobile/node_modules/zod/v4/locales', dest_path='', event_type='modified', is_directory=True, is_synthetic=False)
2026-08-31 22:19:43 [DEBUG   ] NativeEvent(path="/Users/shubhamarundekatey/ClaudeCode/day28/StreamDeck-Premium/mobile/node_modules/zod/v4/locales", inode=279680401, flags=20400, id=950503960): is_directory, is_inode_meta_mod
2026-08-31 22:19:43 [DEBUG   ] queue_event DirModifiedEvent(src_path='/Users/shubhamarundekatey/ClaudeCode/day28/StreamDeck-Premium/mobile/node_modules/zod/v4/locales', dest_path='', event_type='modified', is_directory=True, is_synthetic=False)
2026-08-31 22:19:43 [DEBUG   ] NativeEvent(path="/Users/shubhamarundekatey/ClaudeCode/day28/StreamDeck-Premium/mobile/node_modules/zod/v4/locales", inode=279680401, flags=20400, id=950503990): is_directory, is_inode_meta_mod
2026-08-31 22:19:43 [DEBUG   ] queue_event DirModifiedEvent(src_path='/Users/shubhamarundekatey/ClaudeCode/day28/StreamDeck-Premium/mobile/node_modules/zod/v4/locales', dest_path='', event_type='modified', is_directory=True, is_synthetic=False)
2026-08-31 22:19:44 [DEBUG   ] NativeEvent(path="/Users/shubhamarundekatey/ClaudeCode/day28/StreamDeck-Premium/mobile/node_modules/zod/v4/locales", inode=279680401, flags=20400, id=950504032): is_directory, is_inode_meta_mod
2026-08-31 22:19:44 [DEBUG   ] queue_event DirModifiedEvent(src_path='/Users/shubhamarundekatey/ClaudeCode/day28/StreamDeck-Premium/mobile/node_modules/zod/v4/locales', dest_path='', event_type='modified', is_directory=True, is_synthetic=False)
2026-08-31 22:19:44 [DEBUG   ] NativeEvent(path="/Users/shubhamarundekatey/ClaudeCode/day28/StreamDeck-Premium/mobile/node_modules/zod/v4/locales", inode=279680401, flags=20400, id=950504065): is_directory, is_inode_meta_mod
2026-08-31 22:19:44 [DEBUG   ] queue_event DirModifiedEvent(src_path='/Users/shubhamarundekatey/ClaudeCode/day28/StreamDeck-Premium/mobile/node_modules/zod/v4/locales', dest_path='', event_type='modified', is_directory=True, is_synthetic=False)
2026-08-31 22:19:44 [DEBUG   ] NativeEvent(path="/Users/shubhamarundekatey/ClaudeCode/day28/StreamDeck-Premium/mobile/node_modules/zod/v4/locales", inode=279680401, flags=20400, id=950504101): is_directory, is_inode_meta_mod
2026-08-31 22:19:44 [DEBUG   ] queue_event DirModifiedEvent(src_path='/Users/shubhamarundekatey/ClaudeCode/day28/StreamDeck-Premium/mobile/node_modules/zod/v4/locales', dest_path='', event_type='modified', is_directory=True, is_synthetic=False)
2026-08-31 22:19:44 [DEBUG   ] NativeEvent(path="/Users/shubhamarundekatey/ClaudeCode/day28/StreamDeck-Premium/mobile/node_modules/zod/v4/locales", inode=279680401, flags=20400, id=950504161): is_directory, is_inode_meta_mod
2026-08-31 22:19:44 [DEBUG   ] queue_event DirModifiedEvent(src_path='/Users/shubhamarundekatey/ClaudeCode/day28/StreamDeck-Premium/mobile/node_modules/zod/v4/locales', dest_path='', event_type='modified', is_directory=True, is_synthetic=False)
2026-08-31 22:19:44 [DEBUG   ] NativeEvent(path="/Users/shubhamarundekatey/ClaudeCode/day28/StreamDeck-Premium/mobile/node_modules/zod/v4/locales", inode=279680401, flags=20400, id=950504188): is_directory, is_inode_meta_mod
2026-08-31 22:19:44 [DEBUG   ] queue_event DirModifiedEvent(src_path='/Users/shubhamarundekatey/ClaudeCode/day28/StreamDeck-Premium/mobile/node_modules/zod/v4/locales', dest_path='', event_type='modified', is_directory=True, is_synthetic=False)
2026-08-31 22:19:44 [DEBUG   ] NativeEvent(path="/Users/shubhamarundekatey/ClaudeCode/day28/StreamDeck-Premium/mobile/node_modules/zod/v4/locales", inode=279680401, flags=20400, id=950504227): is_directory, is_inode_meta_mod
2026-08-31 22:19:44 [DEBUG   ] queue_event DirModifiedEvent(src_path='/Users/shubhamarundekatey/ClaudeCode/day28/StreamDeck-Premium/mobile/node_modules/zod/v4/locales', dest_path='', event_type='modified', is_directory=True, is_synthetic=False)
2026-08-31 22:19:44 [DEBUG   ] NativeEvent(path="/Users/shubhamarundekatey/ClaudeCode/day28/StreamDeck-Premium/mobile/node_modules/zod/v4/locales", inode=279680401, flags=20400, id=950504245): is_directory, is_inode_meta_mod
2026-08-31 22:19:44 [DEBUG   ] queue_event DirModifiedEvent(src_path='/Users/shubhamarundekatey/ClaudeCode/day28/StreamDeck-Premium/mobile/node_modules/zod/v4/locales', dest_path='', event_type='modified', is_directory=True, is_synthetic=False)
2026-08-31 22:19:44 [DEBUG   ] NativeEvent(path="/Users/shubhamarundekatey/ClaudeCode/day28/StreamDeck-Premium/mobile/node_modules/zod/v4/locales", inode=279680401, flags=20400, id=950504263): is_directory, is_inode_meta_mod
2026-08-31 22:19:44 [DEBUG   ] queue_event DirModifiedEvent(src_path='/Users/shubhamarundekatey/ClaudeCode/day28/StreamDeck-Premium/mobile/node_modules/zod/v4/locales', dest_path='', event_type='modified', is_directory=True, is_synthetic=False)
2026-08-31 22:19:44 [DEBUG   ] NativeEvent(path="/Users/shubhamarundekatey/ClaudeCode/day28/StreamDeck-Premium/mobile/node_modules/zod/v4/locales", inode=279680401, flags=20400, id=950504317): is_directory, is_inode_meta_mod
2026-08-31 22:19:44 [DEBUG   ] queue_event DirModifiedEvent(src_path='/Users/shubhamarundekatey/ClaudeCode/day28/StreamDeck-Premium/mobile/node_modules/zod/v4/locales', dest_path='', event_type='modified', is_directory=True, is_synthetic=False)
2026-08-31 22:19:45 [DEBUG   ] NativeEvent(path="/Users/shubhamarundekatey/ClaudeCode/day28/StreamDeck-Premium/mobile/node_modules/zod/v4/locales", inode=279680401, flags=20400, id=950504353): is_directory, is_inode_meta_mod
2026-08-31 22:19:45 [DEBUG   ] queue_event DirModifiedEvent(src_path='/Users/shubhamarundekatey/ClaudeCode/day28/StreamDeck-Premium/mobile/node_modules/zod/v4/locales', dest_path='', event_type='modified', is_directory=True, is_synthetic=False)
2026-08-31 22:19:45 [DEBUG   ] NativeEvent(path="/Users/shubhamarundekatey/ClaudeCode/day28/StreamDeck-Premium/mobile/node_modules/zod/v4/locales", inode=279680401, flags=20400, id=950504389): is_directory, is_inode_meta_mod
2026-08-31 22:19:45 [DEBUG   ] queue_event DirModifiedEvent(src_path='/Users/shubhamarundekatey/ClaudeCode/day28/StreamDeck-Premium/mobile/node_modules/zod/v4/locales', dest_path='', event_type='modified', is_directory=True, is_synthetic=False)
2026-08-31 22:19:45 [DEBUG   ] NativeEvent(path="/Users/shubhamarundekatey/ClaudeCode/day28/StreamDeck-Premium/mobile/node_modules/zod/v4/locales", inode=279680401, flags=20400, id=950504431): is_directory, is_inode_meta_mod
2026-08-31 22:19:45 [DEBUG   ] queue_event DirModifiedEvent(src_path='/Users/shubhamarundekatey/ClaudeCode/day28/StreamDeck-Premium/mobile/node_modules/zod/v4/locales', dest_path='', event_type='modified', is_directory=True, is_synthetic=False)
2026-08-31 22:19:45 [DEBUG   ] NativeEvent(path="/Users/shubhamarundekatey/ClaudeCode/day28/StreamDeck-Premium/mobile/node_modules/zod/v4/locales", inode=279680401, flags=20400, id=950504446): is_directory, is_inode_meta_mod
2026-08-31 22:19:45 [DEBUG   ] queue_event DirModifiedEvent(src_path='/Users/shubhamarundekatey/ClaudeCode/day28/StreamDeck-Premium/mobile/node_modules/zod/v4/locales', dest_path='', event_type='modified', is_directory=True, is_synthetic=False)
2026-08-31 22:19:45 [DEBUG   ] NativeEvent(path="/Users/shubhamarundekatey/ClaudeCode/day28/StreamDeck-Premium/mobile/node_modules/zod/v4/locales", inode=279680401, flags=20400, id=950504463): is_directory, is_inode_meta_mod
2026-08-31 22:19:45 [DEBUG   ] queue_event DirModifiedEvent(src_path='/Users/shubhamarundekatey/ClaudeCode/day28/StreamDeck-Premium/mobile/node_modules/zod/v4/locales', dest_path='', event_type='modified', is_directory=True, is_synthetic=False)
2026-08-31 22:19:45 [DEBUG   ] NativeEvent(path="/Users/shubhamarundekatey/ClaudeCode/day28/StreamDeck-Premium/mobile/node_modules/zod/v4/locales", inode=279680401, flags=20400, id=950504475): is_directory, is_inode_meta_mod
2026-08-31 22:19:45 [DEBUG   ] queue_event DirModifiedEvent(src_path='/Users/shubhamarundekatey/ClaudeCode/day28/StreamDeck-Premium/mobile/node_modules/zod/v4/locales', dest_path='', event_type='modified', is_directory=True, is_synthetic=False)
2026-08-31 22:19:45 [DEBUG   ] NativeEvent(path="/Users/shubhamarundekatey/ClaudeCode/day28/StreamDeck-Premium/mobile/node_modules/zod/v4/locales", inode=279680401, flags=20400, id=950504509): is_directory, is_inode_meta_mod
2026-08-31 22:19:45 [DEBUG   ] queue_event DirModifiedEvent(src_path='/Users/shubhamarundekatey/ClaudeCode/day28/StreamDeck-Premium/mobile/node_modules/zod/v4/locales', dest_path='', event_type='modified', is_directory=True, is_synthetic=False)
2026-08-31 22:19:45 [DEBUG   ] NativeEvent(path="/Users/shubhamarundekatey/ClaudeCode/day28/StreamDeck-Premium/mobile/node_modules/zod/v4/locales", inode=279680401, flags=20400, id=950504530): is_directory, is_inode_meta_mod
2026-08-31 22:19:45 [DEBUG   ] queue_event DirModifiedEvent(src_path='/Users/shubhamarundekatey/ClaudeCode/day28/StreamDeck-Premium/mobile/node_modules/zod/v4/locales', dest_path='', event_type='modified', is_directory=True, is_synthetic=False)
2026-08-31 22:19:46 [DEBUG   ] NativeEvent(path="/Users/shubhamarundekatey/ClaudeCode/day28/StreamDeck-Premium/mobile/node_modules/zod/v4/locales", inode=279680401, flags=20400, id=950504557): is_directory, is_inode_meta_mod
2026-08-31 22:19:46 [DEBUG   ] queue_event DirModifiedEvent(src_path='/Users/shubhamarundekatey/ClaudeCode/day28/StreamDeck-Premium/mobile/node_modules/zod/v4/locales', dest_path='', event_type='modified', is_directory=True, is_synthetic=False)
2026-08-31 22:19:46 [DEBUG   ] NativeEvent(path="/Users/shubhamarundekatey/ClaudeCode/day28/StreamDeck-Premium/mobile/node_modules/zod/v4/locales", inode=279680401, flags=20400, id=950504642): is_directory, is_inode_meta_mod
2026-08-31 22:19:46 [DEBUG   ] queue_event DirModifiedEvent(src_path='/Users/shubhamarundekatey/ClaudeCode/day28/StreamDeck-Premium/mobile/node_modules/zod/v4/locales', dest_path='', event_type='modified', is_directory=True, is_synthetic=False)
2026-08-31 22:19:46 [DEBUG   ] NativeEvent(path="/Users/shubhamarundekatey/ClaudeCode/day28/StreamDeck-Premium/mobile/node_modules/zod/v4/locales", inode=279680401, flags=20400, id=950504728): is_directory, is_inode_meta_mod
2026-08-31 22:19:46 [DEBUG   ] queue_event DirModifiedEvent(src_path='/Users/shubhamarundekatey/ClaudeCode/day28/StreamDeck-Premium/mobile/node_modules/zod/v4/locales', dest_path='', event_type='modified', is_directory=True, is_synthetic=False)
2026-08-31 22:19:46 [DEBUG   ] NativeEvent(path="/Users/shubhamarundekatey/ClaudeCode/day28/StreamDeck-Premium/mobile/node_modules/zod/v4/locales", inode=279680401, flags=20400, id=950504822): is_directory, is_inode_meta_mod
2026-08-31 22:19:46 [DEBUG   ] queue_event DirModifiedEvent(src_path='/Users/shubhamarundekatey/ClaudeCode/day28/StreamDeck-Premium/mobile/node_modules/zod/v4/locales', dest_path='', event_type='modified', is_directory=True, is_synthetic=False)
2026-08-31 22:19:46 [DEBUG   ] NativeEvent(path="/Users/shubhamarundekatey/ClaudeCode/day28/StreamDeck-Premium/mobile/node_modules/zod/v4/locales", inode=279680401, flags=20400, id=950504885): is_directory, is_inode_meta_mod
2026-08-31 22:19:46 [DEBUG   ] queue_event DirModifiedEvent(src_path='/Users/shubhamarundekatey/ClaudeCode/day28/StreamDeck-Premium/mobile/node_modules/zod/v4/locales', dest_path='', event_type='modified', is_directory=True, is_synthetic=False)
2026-08-31 22:19:46 [DEBUG   ] NativeEvent(path="/Users/shubhamarundekatey/ClaudeCode/day28/StreamDeck-Premium/mobile/node_modules/zod/v4/locales", inode=279680401, flags=20400, id=950505042): is_directory, is_inode_meta_mod
2026-08-31 22:19:46 [DEBUG   ] queue_event DirModifiedEvent(src_path='/Users/shubhamarundekatey/ClaudeCode/day28/StreamDeck-Premium/mobile/node_modules/zod/v4/locales', dest_path='', event_type='modified', is_directory=True, is_synthetic=False)
2026-08-31 22:19:47 [DEBUG   ] NativeEvent(path="/Users/shubhamarundekatey/ClaudeCode/day28/StreamDeck-Premium/mobile/node_modules/zod/v4/classic", inode=279680657, flags=20400, id=950505180): is_directory, is_inode_meta_mod
2026-08-31 22:19:47 [DEBUG   ] queue_event DirModifiedEvent(src_path='/Users/shubhamarundekatey/ClaudeCode/day28/StreamDeck-Premium/mobile/node_modules/zod/v4/classic', dest_path='', event_type='modified', is_directory=True, is_synthetic=False)
2026-08-31 22:19:47 [DEBUG   ] NativeEvent(path="/Users/shubhamarundekatey/ClaudeCode/day28/StreamDeck-Premium/mobile/node_modules/zod/v4/classic", inode=279680657, flags=20400, id=950505247): is_directory, is_inode_meta_mod
2026-08-31 22:19:47 [DEBUG   ] queue_event DirModifiedEvent(src_path='/Users/shubhamarundekatey/ClaudeCode/day28/StreamDeck-Premium/mobile/node_modules/zod/v4/classic', dest_path='', event_type='modified', is_directory=True, is_synthetic=False)
2026-08-31 22:19:47 [DEBUG   ] NativeEvent(path="/Users/shubhamarundekatey/ClaudeCode/day28/StreamDeck-Premium/mobile/node_modules/zod/v4/classic", inode=279680657, flags=20400, id=950505262): is_directory, is_inode_meta_mod
2026-08-31 22:19:47 [DEBUG   ] queue_event DirModifiedEvent(src_path='/Users/shubhamarundekatey/ClaudeCode/day28/StreamDeck-Premium/mobile/node_modules/zod/v4/classic', dest_path='', event_type='modified', is_directory=True, is_synthetic=False)
2026-08-31 22:19:47 [DEBUG   ] NativeEvent(path="/Users/shubhamarundekatey/ClaudeCode/day28/StreamDeck-Premium/mobile/node_modules/zod/v4/classic", inode=279680657, flags=20400, id=950505368): is_directory, is_inode_meta_mod
2026-08-31 22:19:47 [DEBUG   ] queue_event DirModifiedEvent(src_path='/Users/shubhamarundekatey/ClaudeCode/day28/StreamDeck-Premium/mobile/node_modules/zod/v4/classic', dest_path='', event_type='modified', is_directory=True, is_synthetic=False)
2026-08-31 22:19:47 [DEBUG   ] NativeEvent(path="/Users/shubhamarundekatey/ClaudeCode/day28/StreamDeck-Premium/mobile/node_modules/zod/v4/classic", inode=279680657, flags=20400, id=950505390): is_directory, is_inode_meta_mod
2026-08-31 22:19:47 [DEBUG   ] queue_event DirModifiedEvent(src_path='/Users/shubhamarundekatey/ClaudeCode/day28/StreamDeck-Premium/mobile/node_modules/zod/v4/classic', dest_path='', event_type='modified', is_directory=True, is_synthetic=False)
2026-08-31 22:19:47 [DEBUG   ] NativeEvent(path="/Users/shubhamarundekatey/ClaudeCode/day28/StreamDeck-Premium/mobile/node_modules/zod/v4/classic", inode=279680657, flags=20400, id=950505552): is_directory, is_inode_meta_mod
2026-08-31 22:19:47 [DEBUG   ] queue_event DirModifiedEvent(src_path='/Users/shubhamarundekatey/ClaudeCode/day28/StreamDeck-Premium/mobile/node_modules/zod/v4/classic', dest_path='', event_type='modified', is_directory=True, is_synthetic=False)
2026-08-31 22:19:47 [DEBUG   ] NativeEvent(path="/Users/shubhamarundekatey/ClaudeCode/day28/StreamDeck-Premium/mobile/node_modules/zod/v4/classic", inode=279680657, flags=20400, id=950505596): is_directory, is_inode_meta_mod
2026-08-31 22:19:47 [DEBUG   ] queue_event DirModifiedEvent(src_path='/Users/shubhamarundekatey/ClaudeCode/day28/StreamDeck-Premium/mobile/node_modules/zod/v4/classic', dest_path='', event_type='modified', is_directory=True, is_synthetic=False)
2026-08-31 22:19:47 [DEBUG   ] NativeEvent(path="/Users/shubhamarundekatey/ClaudeCode/day28/StreamDeck-Premium/mobile/node_modules/zod/v4/classic", inode=279680657, flags=20400, id=950505652): is_directory, is_inode_meta_mod
2026-08-31 22:19:47 [DEBUG   ] queue_event DirModifiedEvent(src_path='/Users/shubhamarundekatey/ClaudeCode/day28/StreamDeck-Premium/mobile/node_modules/zod/v4/classic', dest_path='', event_type='modified', is_directory=True, is_synthetic=False)
2026-08-31 22:19:47 [DEBUG   ] NativeEvent(path="/Users/shubhamarundekatey/ClaudeCode/day28/StreamDeck-Premium/mobile/node_modules/zod/v4/classic", inode=279680657, flags=20400, id=950505679): is_directory, is_inode_meta_mod
2026-08-31 22:19:47 [DEBUG   ] queue_event DirModifiedEvent(src_path='/Users/shubhamarundekatey/ClaudeCode/day28/StreamDeck-Premium/mobile/node_modules/zod/v4/classic', dest_path='', event_type='modified', is_directory=True, is_synthetic=False)
2026-08-31 22:19:48 [DEBUG   ] NativeEvent(path="/Users/shubhamarundekatey/ClaudeCode/day28/StreamDeck-Premium/mobile/node_modules/zod/v4/classic", inode=279680657, flags=20400, id=950505703): is_directory, is_inode_meta_mod
2026-08-31 22:19:48 [DEBUG   ] queue_event DirModifiedEvent(src_path='/Users/shubhamarundekatey/ClaudeCode/day28/StreamDeck-Premium/mobile/node_modules/zod/v4/classic', dest_path='', event_type='modified', is_directory=True, is_synthetic=False)
2026-08-31 22:19:48 [DEBUG   ] NativeEvent(path="/Users/shubhamarundekatey/ClaudeCode/day28/StreamDeck-Premium/mobile/node_modules/zod/v4/classic", inode=279680657, flags=20400, id=950505777): is_directory, is_inode_meta_mod
2026-08-31 22:19:48 [DEBUG   ] queue_event DirModifiedEvent(src_path='/Users/shubhamarundekatey/ClaudeCode/day28/StreamDeck-Premium/mobile/node_modules/zod/v4/classic', dest_path='', event_type='modified', is_directory=True, is_synthetic=False)
2026-08-31 22:19:48 [DEBUG   ] NativeEvent(path="/Users/shubhamarundekatey/ClaudeCode/day28/StreamDeck-Premium/mobile/node_modules/zod/v4/classic", inode=279680657, flags=20400, id=950505822): is_directory, is_inode_meta_mod
2026-08-31 22:19:48 [DEBUG   ] queue_event DirModifiedEvent(src_path='/Users/shubhamarundekatey/ClaudeCode/day28/StreamDeck-Premium/mobile/node_modules/zod/v4/classic', dest_path='', event_type='modified', is_directory=True, is_synthetic=False)
2026-08-31 22:19:48 [DEBUG   ] NativeEvent(path="/Users/shubhamarundekatey/ClaudeCode/day28/StreamDeck-Premium/mobile/node_modules/zod/v4/classic", inode=279680657, flags=20400, id=950505866): is_directory, is_inode_meta_mod
2026-08-31 22:19:48 [DEBUG   ] queue_event DirModifiedEvent(src_path='/Users/shubhamarundekatey/ClaudeCode/day28/StreamDeck-Premium/mobile/node_modules/zod/v4/classic', dest_path='', event_type='modified', is_directory=True, is_synthetic=False)
2026-08-31 22:19:48 [DEBUG   ] NativeEvent(path="/Users/shubhamarundekatey/ClaudeCode/day28/StreamDeck-Premium/mobile/node_modules/zod/v4/classic", inode=279680657, flags=20400, id=950505872): is_directory, is_inode_meta_mod
2026-08-31 22:19:48 [DEBUG   ] queue_event DirModifiedEvent(src_path='/Users/shubhamarundekatey/ClaudeCode/day28/StreamDeck-Premium/mobile/node_modules/zod/v4/classic', dest_path='', event_type='modified', is_directory=True, is_synthetic=False)
2026-08-31 22:19:48 [DEBUG   ] NativeEvent(path="/Users/shubhamarundekatey/ClaudeCode/day28/StreamDeck-Premium/mobile/node_modules/zod/v4/classic", inode=279680657, flags=20400, id=950505927): is_directory, is_inode_meta_mod
2026-08-31 22:19:48 [DEBUG   ] queue_event DirModifiedEvent(src_path='/Users/shubhamarundekatey/ClaudeCode/day28/StreamDeck-Premium/mobile/node_modules/zod/v4/classic', dest_path='', event_type='modified', is_directory=True, is_synthetic=False)
2026-08-31 22:19:48 [DEBUG   ] NativeEvent(path="/Users/shubhamarundekatey/ClaudeCode/day28/StreamDeck-Premium/mobile/node_modules/zod/v4/classic", inode=279680657, flags=20400, id=950506019): is_directory, is_inode_meta_mod
2026-08-31 22:19:48 [DEBUG   ] queue_event DirModifiedEvent(src_path='/Users/shubhamarundekatey/ClaudeCode/day28/StreamDeck-Premium/mobile/node_modules/zod/v4/classic', dest_path='', event_type='modified', is_directory=True, is_synthetic=False)
2026-08-31 22:19:48 [DEBUG   ] NativeEvent(path="/Users/shubhamarundekatey/ClaudeCode/day28/StreamDeck-Premium/mobile/node_modules/zod/v4/classic", inode=279680657, flags=20400, id=950506067): is_directory, is_inode_meta_mod
2026-08-31 22:19:48 [DEBUG   ] queue_event DirModifiedEvent(src_path='/Users/shubhamarundekatey/ClaudeCode/day28/StreamDeck-Premium/mobile/node_modules/zod/v4/classic', dest_path='', event_type='modified', is_directory=True, is_synthetic=False)
2026-08-31 22:19:49 [DEBUG   ] NativeEvent(path="/Users/shubhamarundekatey/ClaudeCode/day28/StreamDeck-Premium/mobile/node_modules/zod/v4/classic", inode=279680657, flags=20400, id=950506076): is_directory, is_inode_meta_mod
2026-08-31 22:19:49 [DEBUG   ] queue_event DirModifiedEvent(src_path='/Users/shubhamarundekatey/ClaudeCode/day28/StreamDeck-Premium/mobile/node_modules/zod/v4/classic', dest_path='', event_type='modified', is_directory=True, is_synthetic=False)
2026-08-31 22:19:49 [DEBUG   ] NativeEvent(path="/Users/shubhamarundekatey/ClaudeCode/day28/StreamDeck-Premium/mobile/node_modules/zod/v4/classic", inode=279680657, flags=20400, id=950506123): is_directory, is_inode_meta_mod
2026-08-31 22:19:49 [DEBUG   ] queue_event DirModifiedEvent(src_path='/Users/shubhamarundekatey/ClaudeCode/day28/StreamDeck-Premium/mobile/node_modules/zod/v4/classic', dest_path='', event_type='modified', is_directory=True, is_synthetic=False)
2026-08-31 22:19:49 [DEBUG   ] NativeEvent(path="/Users/shubhamarundekatey/ClaudeCode/day28/StreamDeck-Premium/mobile/node_modules/zod/v4/classic", inode=279680657, flags=20400, id=950506132): is_directory, is_inode_meta_mod
2026-08-31 22:19:49 [DEBUG   ] queue_event DirModifiedEvent(src_path='/Users/shubhamarundekatey/ClaudeCode/day28/StreamDeck-Premium/mobile/node_modules/zod/v4/classic', dest_path='', event_type='modified', is_directory=True, is_synthetic=False)
2026-08-31 22:19:49 [DEBUG   ] NativeEvent(path="/Users/shubhamarundekatey/ClaudeCode/day28/StreamDeck-Premium/mobile/node_modules/zod/v4/classic", inode=279680657, flags=20400, id=950506239): is_directory, is_inode_meta_mod
2026-08-31 22:19:49 [DEBUG   ] queue_event DirModifiedEvent(src_path='/Users/shubhamarundekatey/ClaudeCode/day28/StreamDeck-Premium/mobile/node_modules/zod/v4/classic', dest_path='', event_type='modified', is_directory=True, is_synthetic=False)
2026-08-31 22:19:49 [DEBUG   ] NativeEvent(path="/Users/shubhamarundekatey/ClaudeCode/day28/StreamDeck-Premium/mobile/node_modules/zod/v4/classic", inode=279680657, flags=20400, id=950506245): is_directory, is_inode_meta_mod
2026-08-31 22:19:49 [DEBUG   ] queue_event DirModifiedEvent(src_path='/Users/shubhamarundekatey/ClaudeCode/day28/StreamDeck-Premium/mobile/node_modules/zod/v4/classic', dest_path='', event_type='modified', is_directory=True, is_synthetic=False)
2026-08-31 22:19:49 [DEBUG   ] NativeEvent(path="/Users/shubhamarundekatey/ClaudeCode/day28/StreamDeck-Premium/mobile/node_modules/zod/v4/classic", inode=279680657, flags=20400, id=950506273): is_directory, is_inode_meta_mod
2026-08-31 22:19:49 [DEBUG   ] queue_event DirModifiedEvent(src_path='/Users/shubhamarundekatey/ClaudeCode/day28/StreamDeck-Premium/mobile/node_modules/zod/v4/classic', dest_path='', event_type='modified', is_directory=True, is_synthetic=False)
2026-08-31 22:19:49 [DEBUG   ] NativeEvent(path="/Users/shubhamarundekatey/ClaudeCode/day28/StreamDeck-Premium/mobile/node_modules/zod/v4/classic", inode=279680657, flags=20400, id=950506328): is_directory, is_inode_meta_mod
2026-08-31 22:19:49 [DEBUG   ] queue_event DirModifiedEvent(src_path='/Users/shubhamarundekatey/ClaudeCode/day28/StreamDeck-Premium/mobile/node_modules/zod/v4/classic', dest_path='', event_type='modified', is_directory=True, is_synthetic=False)
2026-08-31 22:19:49 [DEBUG   ] NativeEvent(path="/Users/shubhamarundekatey/ClaudeCode/day28/StreamDeck-Premium/mobile/node_modules/zod/v4/classic", inode=279680657, flags=20400, id=950506373): is_directory, is_inode_meta_mod
2026-08-31 22:19:49 [DEBUG   ] queue_event DirModifiedEvent(src_path='/Users/shubhamarundekatey/ClaudeCode/day28/StreamDeck-Premium/mobile/node_modules/zod/v4/classic', dest_path='', event_type='modified', is_directory=True, is_synthetic=False)
2026-08-31 22:19:50 [DEBUG   ] NativeEvent(path="/Users/shubhamarundekatey/ClaudeCode/day28/StreamDeck-Premium/mobile/node_modules/zod/v4/classic", inode=279680657, flags=20400, id=950506411): is_directory, is_inode_meta_mod
2026-08-31 22:19:50 [DEBUG   ] queue_event DirModifiedEvent(src_path='/Users/shubhamarundekatey/ClaudeCode/day28/StreamDeck-Premium/mobile/node_modules/zod/v4/classic', dest_path='', event_type='modified', is_directory=True, is_synthetic=False)
2026-08-31 22:19:50 [DEBUG   ] NativeEvent(path="/Users/shubhamarundekatey/ClaudeCode/day28/StreamDeck-Premium/mobile/node_modules/zod/v4/classic", inode=279680657, flags=20400, id=950506432): is_directory, is_inode_meta_mod
2026-08-31 22:19:50 [DEBUG   ] queue_event DirModifiedEvent(src_path='/Users/shubhamarundekatey/ClaudeCode/day28/StreamDeck-Premium/mobile/node_modules/zod/v4/classic', dest_path='', event_type='modified', is_directory=True, is_synthetic=False)
2026-08-31 22:19:50 [DEBUG   ] NativeEvent(path="/Users/shubhamarundekatey/ClaudeCode/day28/StreamDeck-Premium/mobile/node_modules/zod/v4/classic", inode=279680657, flags=20400, id=950506477): is_directory, is_inode_meta_mod
2026-08-31 22:19:50 [DEBUG   ] queue_event DirModifiedEvent(src_path='/Users/shubhamarundekatey/ClaudeCode/day28/StreamDeck-Premium/mobile/node_modules/zod/v4/classic', dest_path='', event_type='modified', is_directory=True, is_synthetic=False)
2026-08-31 22:19:50 [DEBUG   ] NativeEvent(path="/Users/shubhamarundekatey/ClaudeCode/day28/StreamDeck-Premium/mobile/node_modules/zod/v4/classic", inode=279680657, flags=20400, id=950506489): is_directory, is_inode_meta_mod
2026-08-31 22:19:50 [DEBUG   ] queue_event DirModifiedEvent(src_path='/Users/shubhamarundekatey/ClaudeCode/day28/StreamDeck-Premium/mobile/node_modules/zod/v4/classic', dest_path='', event_type='modified', is_directory=True, is_synthetic=False)
2026-08-31 22:19:50 [DEBUG   ] NativeEvent(path="/Users/shubhamarundekatey/ClaudeCode/day28/StreamDeck-Premium/mobile/node_modules/zod/v4/classic", inode=279680657, flags=20400, id=950506515): is_directory, is_inode_meta_mod
2026-08-31 22:19:50 [DEBUG   ] queue_event DirModifiedEvent(src_path='/Users/shubhamarundekatey/ClaudeCode/day28/StreamDeck-Premium/mobile/node_modules/zod/v4/classic', dest_path='', event_type='modified', is_directory=True, is_synthetic=False)
2026-08-31 22:19:50 [DEBUG   ] NativeEvent(path="/Users/shubhamarundekatey/ClaudeCode/day28/StreamDeck-Premium/mobile/node_modules/zod/v4/classic", inode=279680657, flags=20400, id=950506544): is_directory, is_inode_meta_mod
2026-08-31 22:19:50 [DEBUG   ] queue_event DirModifiedEvent(src_path='/Users/shubhamarundekatey/ClaudeCode/day28/StreamDeck-Premium/mobile/node_modules/zod/v4/classic', dest_path='', event_type='modified', is_directory=True, is_synthetic=False)
2026-08-31 22:19:50 [DEBUG   ] NativeEvent(path="/Users/shubhamarundekatey/ClaudeCode/day28/StreamDeck-Premium/mobile/node_modules/zod/v4/classic", inode=279680657, flags=20400, id=950506566): is_directory, is_inode_meta_mod
2026-08-31 22:19:50 [DEBUG   ] queue_event DirModifiedEvent(src_path='/Users/shubhamarundekatey/ClaudeCode/day28/StreamDeck-Premium/mobile/node_modules/zod/v4/classic', dest_path='', event_type='modified', is_directory=True, is_synthetic=False)
2026-08-31 22:19:50 [DEBUG   ] NativeEvent(path="/Users/shubhamarundekatey/ClaudeCode/day28/StreamDeck-Premium/mobile/node_modules/zod/v4/classic", inode=279680657, flags=20400, id=950506575): is_directory, is_inode_meta_mod
2026-08-31 22:19:50 [DEBUG   ] queue_event DirModifiedEvent(src_path='/Users/shubhamarundekatey/ClaudeCode/day28/StreamDeck-Premium/mobile/node_modules/zod/v4/classic', dest_path='', event_type='modified', is_directory=True, is_synthetic=False)
2026-08-31 22:19:50 [DEBUG   ] NativeEvent(path="/Users/shubhamarundekatey/ClaudeCode/day28/StreamDeck-Premium/mobile/node_modules/zod/v4/classic", inode=279680657, flags=20400, id=950506637): is_directory, is_inode_meta_mod
2026-08-31 22:19:50 [DEBUG   ] queue_event DirModifiedEvent(src_path='/Users/shubhamarundekatey/ClaudeCode/day28/StreamDeck-Premium/mobile/node_modules/zod/v4/classic', dest_path='', event_type='modified', is_directory=True, is_synthetic=False)
2026-08-31 22:19:51 [DEBUG   ] NativeEvent(path="/Users/shubhamarundekatey/ClaudeCode/day28/StreamDeck-Premium/mobile/node_modules/zod/v4/classic", inode=279680657, flags=20400, id=950506649): is_directory, is_inode_meta_mod
2026-08-31 22:19:51 [DEBUG   ] queue_event DirModifiedEvent(src_path='/Users/shubhamarundekatey/ClaudeCode/day28/StreamDeck-Premium/mobile/node_modules/zod/v4/classic', dest_path='', event_type='modified', is_directory=True, is_synthetic=False)
2026-08-31 22:19:51 [DEBUG   ] NativeEvent(path="/Users/shubhamarundekatey/ClaudeCode/day28/StreamDeck-Premium/mobile/node_modules/zod/v4/classic", inode=279680657, flags=20400, id=950506666): is_directory, is_inode_meta_mod
2026-08-31 22:19:51 [DEBUG   ] queue_event DirModifiedEvent(src_path='/Users/shubhamarundekatey/ClaudeCode/day28/StreamDeck-Premium/mobile/node_modules/zod/v4/classic', dest_path='', event_type='modified', is_directory=True, is_synthetic=False)
2026-08-31 22:19:51 [DEBUG   ] NativeEvent(path="/Users/shubhamarundekatey/ClaudeCode/day28/StreamDeck-Premium/mobile/node_modules/zod/v4/core", inode=279680563, flags=20400, id=950506719): is_directory, is_inode_meta_mod
2026-08-31 22:19:51 [DEBUG   ] queue_event DirModifiedEvent(src_path='/Users/shubhamarundekatey/ClaudeCode/day28/StreamDeck-Premium/mobile/node_modules/zod/v4/core', dest_path='', event_type='modified', is_directory=True, is_synthetic=False)
2026-08-31 22:19:51 [DEBUG   ] NativeEvent(path="/Users/shubhamarundekatey/ClaudeCode/day28/StreamDeck-Premium/mobile/node_modules/zod/v4/core", inode=279680563, flags=20400, id=950506755): is_directory, is_inode_meta_mod
2026-08-31 22:19:51 [DEBUG   ] queue_event DirModifiedEvent(src_path='/Users/shubhamarundekatey/ClaudeCode/day28/StreamDeck-Premium/mobile/node_modules/zod/v4/core', dest_path='', event_type='modified', is_directory=True, is_synthetic=False)
2026-08-31 22:19:51 [DEBUG   ] NativeEvent(path="/Users/shubhamarundekatey/ClaudeCode/day28/StreamDeck-Premium/mobile/node_modules/zod/v4/core", inode=279680563, flags=20400, id=950506824): is_directory, is_inode_meta_mod
2026-08-31 22:19:51 [DEBUG   ] queue_event DirModifiedEvent(src_path='/Users/shubhamarundekatey/ClaudeCode/day28/StreamDeck-Premium/mobile/node_modules/zod/v4/core', dest_path='', event_type='modified', is_directory=True, is_synthetic=False)
2026-08-31 22:19:51 [DEBUG   ] NativeEvent(path="/Users/shubhamarundekatey/ClaudeCode/day28/StreamDeck-Premium/mobile/node_modules/zod/v4/core", inode=279680563, flags=20400, id=950506880): is_directory, is_inode_meta_mod
2026-08-31 22:19:51 [DEBUG   ] queue_event DirModifiedEvent(src_path='/Users/shubhamarundekatey/ClaudeCode/day28/StreamDeck-Premium/mobile/node_modules/zod/v4/core', dest_path='', event_type='modified', is_directory=True, is_synthetic=False)
2026-08-31 22:19:51 [DEBUG   ] NativeEvent(path="/Users/shubhamarundekatey/ClaudeCode/day28/StreamDeck-Premium/mobile/node_modules/zod/v4/core", inode=279680563, flags=20400, id=950506900): is_directory, is_inode_meta_mod
2026-08-31 22:19:51 [DEBUG   ] queue_event DirModifiedEvent(src_path='/Users/shubhamarundekatey/ClaudeCode/day28/StreamDeck-Premium/mobile/node_modules/zod/v4/core', dest_path='', event_type='modified', is_directory=True, is_synthetic=False)
2026-08-31 22:19:51 [DEBUG   ] NativeEvent(path="/Users/shubhamarundekatey/ClaudeCode/day28/StreamDeck-Premium/mobile/node_modules/zod/v4/core", inode=279680563, flags=20400, id=950506909): is_directory, is_inode_meta_mod
2026-08-31 22:19:51 [DEBUG   ] queue_event DirModifiedEvent(src_path='/Users/shubhamarundekatey/ClaudeCode/day28/StreamDeck-Premium/mobile/node_modules/zod/v4/core', dest_path='', event_type='modified', is_directory=True, is_synthetic=False)
2026-08-31 22:19:52 [DEBUG   ] NativeEvent(path="/Users/shubhamarundekatey/ClaudeCode/day28/StreamDeck-Premium/mobile/node_modules/zod/v4/core", inode=279680563, flags=20400, id=950506921): is_directory, is_inode_meta_mod
2026-08-31 22:19:52 [DEBUG   ] queue_event DirModifiedEvent(src_path='/Users/shubhamarundekatey/ClaudeCode/day28/StreamDeck-Premium/mobile/node_modules/zod/v4/core', dest_path='', event_type='modified', is_directory=True, is_synthetic=False)
2026-08-31 22:19:52 [DEBUG   ] NativeEvent(path="/Users/shubhamarundekatey/ClaudeCode/day28/StreamDeck-Premium/mobile/node_modules/zod/v4/core", inode=279680563, flags=20400, id=950506936): is_directory, is_inode_meta_mod
2026-08-31 22:19:52 [DEBUG   ] queue_event DirModifiedEvent(src_path='/Users/shubhamarundekatey/ClaudeCode/day28/StreamDeck-Premium/mobile/node_modules/zod/v4/core', dest_path='', event_type='modified', is_directory=True, is_synthetic=False)
2026-08-31 22:19:52 [DEBUG   ] NativeEvent(path="/Users/shubhamarundekatey/ClaudeCode/day28/StreamDeck-Premium/mobile/node_modules/zod/v4/core", inode=279680563, flags=20400, id=950506954): is_directory, is_inode_meta_mod
2026-08-31 22:19:52 [DEBUG   ] queue_event DirModifiedEvent(src_path='/Users/shubhamarundekatey/ClaudeCode/day28/StreamDeck-Premium/mobile/node_modules/zod/v4/core', dest_path='', event_type='modified', is_directory=True, is_synthetic=False)
2026-08-31 22:19:52 [DEBUG   ] NativeEvent(path="/Users/shubhamarundekatey/ClaudeCode/day28/StreamDeck-Premium/mobile/node_modules/zod/v4/core", inode=279680563, flags=20400, id=950506966): is_directory, is_inode_meta_mod
2026-08-31 22:19:52 [DEBUG   ] queue_event DirModifiedEvent(src_path='/Users/shubhamarundekatey/ClaudeCode/day28/StreamDeck-Premium/mobile/node_modules/zod/v4/core', dest_path='', event_type='modified', is_directory=True, is_synthetic=False)
2026-08-31 22:19:52 [DEBUG   ] NativeEvent(path="/Users/shubhamarundekatey/ClaudeCode/day28/StreamDeck-Premium/mobile/node_modules/zod/v4/core", inode=279680563, flags=20400, id=950507013): is_directory, is_inode_meta_mod
2026-08-31 22:19:52 [DEBUG   ] queue_event DirModifiedEvent(src_path='/Users/shubhamarundekatey/ClaudeCode/day28/StreamDeck-Premium/mobile/node_modules/zod/v4/core', dest_path='', event_type='modified', is_directory=True, is_synthetic=False)
2026-08-31 22:19:52 [DEBUG   ] NativeEvent(path="/Users/shubhamarundekatey/ClaudeCode/day28/StreamDeck-Premium/mobile/node_modules/zod/v4/core", inode=279680563, flags=20400, id=950507029): is_directory, is_inode_meta_mod
2026-08-31 22:19:52 [DEBUG   ] queue_event DirModifiedEvent(src_path='/Users/shubhamarundekatey/ClaudeCode/day28/StreamDeck-Premium/mobile/node_modules/zod/v4/core', dest_path='', event_type='modified', is_directory=True, is_synthetic=False)
2026-08-31 22:19:52 [DEBUG   ] NativeEvent(path="/Users/shubhamarundekatey/ClaudeCode/day28/StreamDeck-Premium/mobile/node_modules/zod/v4/core", inode=279680563, flags=20400, id=950507035): is_directory, is_inode_meta_mod
2026-08-31 22:19:52 [DEBUG   ] queue_event DirModifiedEvent(src_path='/Users/shubhamarundekatey/ClaudeCode/day28/StreamDeck-Premium/mobile/node_modules/zod/v4/core', dest_path='', event_type='modified', is_directory=True, is_synthetic=False)
2026-08-31 22:19:52 [DEBUG   ] NativeEvent(path="/Users/shubhamarundekatey/ClaudeCode/day28/StreamDeck-Premium/mobile/node_modules/zod/v4/core", inode=279680563, flags=20400, id=950507099): is_directory, is_inode_meta_mod
2026-08-31 22:19:52 [DEBUG   ] queue_event DirModifiedEvent(src_path='/Users/shubhamarundekatey/ClaudeCode/day28/StreamDeck-Premium/mobile/node_modules/zod/v4/core', dest_path='', event_type='modified', is_directory=True, is_synthetic=False)
2026-08-31 22:19:52 [DEBUG   ] NativeEvent(path="/Users/shubhamarundekatey/ClaudeCode/day28/StreamDeck-Premium/mobile/node_modules/zod/v4/core", inode=279680563, flags=20400, id=950507148): is_directory, is_inode_meta_mod
2026-08-31 22:19:52 [DEBUG   ] queue_event DirModifiedEvent(src_path='/Users/shubhamarundekatey/ClaudeCode/day28/StreamDeck-Premium/mobile/node_modules/zod/v4/core', dest_path='', event_type='modified', is_directory=True, is_synthetic=False)
2026-08-31 22:19:53 [DEBUG   ] NativeEvent(path="/Users/shubhamarundekatey/ClaudeCode/day28/StreamDeck-Premium/mobile/node_modules/zod/v4/core", inode=279680563, flags=20400, id=950507166): is_directory, is_inode_meta_mod
2026-08-31 22:19:53 [DEBUG   ] queue_event DirModifiedEvent(src_path='/Users/shubhamarundekatey/ClaudeCode/day28/StreamDeck-Premium/mobile/node_modules/zod/v4/core', dest_path='', event_type='modified', is_directory=True, is_synthetic=False)
2026-08-31 22:19:53 [DEBUG   ] NativeEvent(path="/Users/shubhamarundekatey/ClaudeCode/day28/StreamDeck-Premium/mobile/node_modules/zod/v4/core", inode=279680563, flags=20400, id=950507215): is_directory, is_inode_meta_mod
2026-08-31 22:19:53 [DEBUG   ] queue_event DirModifiedEvent(src_path='/Users/shubhamarundekatey/ClaudeCode/day28/StreamDeck-Premium/mobile/node_modules/zod/v4/core', dest_path='', event_type='modified', is_directory=True, is_synthetic=False)
2026-08-31 22:19:53 [DEBUG   ] NativeEvent(path="/Users/shubhamarundekatey/ClaudeCode/day28/StreamDeck-Premium/mobile/node_modules/zod/v4/core", inode=279680563, flags=20400, id=950507230): is_directory, is_inode_meta_mod
2026-08-31 22:19:53 [DEBUG   ] queue_event DirModifiedEvent(src_path='/Users/shubhamarundekatey/ClaudeCode/day28/StreamDeck-Premium/mobile/node_modules/zod/v4/core', dest_path='', event_type='modified', is_directory=True, is_synthetic=False)
2026-08-31 22:19:53 [DEBUG   ] NativeEvent(path="/Users/shubhamarundekatey/ClaudeCode/day28/StreamDeck-Premium/mobile/node_modules/zod/v4/core", inode=279680563, flags=20400, id=950507247): is_directory, is_inode_meta_mod
2026-08-31 22:19:53 [DEBUG   ] queue_event DirModifiedEvent(src_path='/Users/shubhamarundekatey/ClaudeCode/day28/StreamDeck-Premium/mobile/node_modules/zod/v4/core', dest_path='', event_type='modified', is_directory=True, is_synthetic=False)
2026-08-31 22:19:53 [DEBUG   ] NativeEvent(path="/Users/shubhamarundekatey/ClaudeCode/day28/StreamDeck-Premium/mobile/node_modules/zod/v4/core", inode=279680563, flags=20400, id=950507266): is_directory, is_inode_meta_mod
2026-08-31 22:19:53 [DEBUG   ] queue_event DirModifiedEvent(src_path='/Users/shubhamarundekatey/ClaudeCode/day28/StreamDeck-Premium/mobile/node_modules/zod/v4/core', dest_path='', event_type='modified', is_directory=True, is_synthetic=False)
2026-08-31 22:19:53 [DEBUG   ] NativeEvent(path="/Users/shubhamarundekatey/ClaudeCode/day28/StreamDeck-Premium/mobile/node_modules/zod/v4/core", inode=279680563, flags=20400, id=950507272): is_directory, is_inode_meta_mod
2026-08-31 22:19:53 [DEBUG   ] queue_event DirModifiedEvent(src_path='/Users/shubhamarundekatey/ClaudeCode/day28/StreamDeck-Premium/mobile/node_modules/zod/v4/core', dest_path='', event_type='modified', is_directory=True, is_synthetic=False)
2026-08-31 22:19:53 [DEBUG   ] NativeEvent(path="/Users/shubhamarundekatey/ClaudeCode/day28/StreamDeck-Premium/mobile/node_modules/zod/v4/core", inode=279680563, flags=20400, id=950507281): is_directory, is_inode_meta_mod
2026-08-31 22:19:53 [DEBUG   ] queue_event DirModifiedEvent(src_path='/Users/shubhamarundekatey/ClaudeCode/day28/StreamDeck-Premium/mobile/node_modules/zod/v4/core', dest_path='', event_type='modified', is_directory=True, is_synthetic=False)
2026-08-31 22:19:53 [DEBUG   ] NativeEvent(path="/Users/shubhamarundekatey/ClaudeCode/day28/StreamDeck-Premium/mobile/node_modules/zod/v4/core", inode=279680563, flags=20400, id=950507287): is_directory, is_inode_meta_mod
2026-08-31 22:19:53 [DEBUG   ] queue_event DirModifiedEvent(src_path='/Users/shubhamarundekatey/ClaudeCode/day28/StreamDeck-Premium/mobile/node_modules/zod/v4/core', dest_path='', event_type='modified', is_directory=True, is_synthetic=False)
2026-08-31 22:19:53 [DEBUG   ] NativeEvent(path="/Users/shubhamarundekatey/ClaudeCode/day28/StreamDeck-Premium/mobile/node_modules/zod/v4/core", inode=279680563, flags=20400, id=950507293): is_directory, is_inode_meta_mod
2026-08-31 22:19:53 [DEBUG   ] queue_event DirModifiedEvent(src_path='/Users/shubhamarundekatey/ClaudeCode/day28/StreamDeck-Premium/mobile/node_modules/zod/v4/core', dest_path='', event_type='modified', is_directory=True, is_synthetic=False)
2026-08-31 23:27:23 [INFO    ] 📊 Commits pushed in past 7 days: 108
2026-09-01 00:38:13 [INFO    ] 📊 Commits pushed in past 7 days: 108
2026-09-01 01:43:50 [INFO    ] 📊 Commits pushed in past 7 days: 108
2026-09-01 02:44:52 [INFO    ] 📊 Commits pushed in past 7 days: 108
2026-09-01 03:44:52 [INFO    ] 📊 Commits pushed in past 7 days: 108
2026-09-01 04:45:54 [INFO    ] 📊 Commits pushed in past 7 days: 108
2026-09-01 05:46:56 [INFO    ] 📊 Commits pushed in past 7 days: 108
2026-09-01 06:47:57 [INFO    ] 📊 Commits pushed in past 7 days: 108
2026-09-01 07:49:00 [INFO    ] 📊 Commits pushed in past 7 days: 108
2026-09-01 08:50:02 [INFO    ] 📊 Commits pushed in past 7 days: 108
2026-09-01 09:50:02 [INFO    ] 📊 Commits pushed in past 7 days: 108
2026-09-01 10:50:03 [INFO    ] 📊 Commits pushed in past 7 days: 108
2026-09-01 11:50:04 [INFO    ] 📊 Commits pushed in past 7 days: 108
2026-09-01 12:50:05 [INFO    ] 📊 Commits pushed in past 7 days: 108
2026-09-01 13:50:05 [INFO    ] 📊 Commits pushed in past 7 days: 108
2026-09-01 14:16:51 [DEBUG   ] NativeEvent(path="/Users/shubhamarundekatey/ClaudeCode/day10/GitHub-AutoPush-Analytics/repos_config.csv.bak2", inode=287835500, flags=1d500, id=954928849): is_created, is_file, is_inode_meta_mod, is_modified, is_owner_change, is_xattr_mod
2026-09-01 14:16:51 [DEBUG   ] NativeEvent(path="/Users/shubhamarundekatey/ClaudeCode/day10/GitHub-AutoPush-Analytics/repos_config.csv.bak2", inode=287835500, flags=1d500, id=954928849): is_created, is_file, is_inode_meta_mod, is_modified, is_owner_change, is_xattr_mod
2026-09-01 14:16:51 [DEBUG   ] NativeEvent(path="/Users/shubhamarundekatey/ClaudeCode/day10/GitHub-AutoPush-Analytics/repos_config.csv", inode=279646035, flags=19000, id=954928855): is_file, is_modified, is_xattr_mod
2026-09-01 14:16:51 [DEBUG   ] NativeEvent(path="/Users/shubhamarundekatey/ClaudeCode/day10/GitHub-AutoPush-Analytics/repos_config.csv", inode=279646035, flags=19000, id=954928855): is_file, is_modified, is_xattr_mod
2026-09-01 14:16:51 [DEBUG   ] queue_event FileCreatedEvent(src_path='/Users/shubhamarundekatey/ClaudeCode/day10/GitHub-AutoPush-Analytics/repos_config.csv.bak2', dest_path='', event_type='created', is_directory=False, is_synthetic=False)
2026-09-01 14:16:51 [DEBUG   ] queue_event FileCreatedEvent(src_path='/Users/shubhamarundekatey/ClaudeCode/day10/GitHub-AutoPush-Analytics/repos_config.csv.bak2', dest_path='', event_type='created', is_directory=False, is_synthetic=False)
2026-09-01 14:16:51 [DEBUG   ] queue_event DirModifiedEvent(src_path='/Users/shubhamarundekatey/ClaudeCode/day10/GitHub-AutoPush-Analytics', dest_path='', event_type='modified', is_directory=True, is_synthetic=False)
2026-09-01 14:16:51 [DEBUG   ] queue_event DirModifiedEvent(src_path='/Users/shubhamarundekatey/ClaudeCode/day10/GitHub-AutoPush-Analytics', dest_path='', event_type='modified', is_directory=True, is_synthetic=False)
2026-09-01 14:16:51 [INFO    ] [GitHub-AutoPush-Analytics] CREATED: repos_config.csv.bak2
2026-09-01 14:16:51 [DEBUG   ] queue_event FileModifiedEvent(src_path='/Users/shubhamarundekatey/ClaudeCode/day10/GitHub-AutoPush-Analytics/repos_config.csv.bak2', dest_path='', event_type='modified', is_directory=False, is_synthetic=False)
2026-09-01 14:16:51 [DEBUG   ] queue_event FileModifiedEvent(src_path='/Users/shubhamarundekatey/ClaudeCode/day10/GitHub-AutoPush-Analytics/repos_config.csv.bak2', dest_path='', event_type='modified', is_directory=False, is_synthetic=False)
2026-09-01 14:16:51 [DEBUG   ] [GitHub-AutoPush-Analytics] Staging all changes…
2026-09-01 14:16:51 [DEBUG   ] queue_event FileModifiedEvent(src_path='/Users/shubhamarundekatey/ClaudeCode/day10/GitHub-AutoPush-Analytics/repos_config.csv', dest_path='', event_type='modified', is_directory=False, is_synthetic=False)
2026-09-01 14:16:51 [DEBUG   ] queue_event FileModifiedEvent(src_path='/Users/shubhamarundekatey/ClaudeCode/day10/GitHub-AutoPush-Analytics/repos_config.csv', dest_path='', event_type='modified', is_directory=False, is_synthetic=False)
2026-09-01 14:16:51 [DEBUG   ]   $ git add -A  [cwd=/Users/shubhamarundekatey/ClaudeCode/day10/GitHub-AutoPush-Analytics]
2026-09-01 14:16:51 [DEBUG   ] NativeEvent(path="/Users/shubhamarundekatey/ClaudeCode/day10/GitHub-AutoPush-Analytics/.git/index.lock", inode=287835502, flags=10100, id=954928879): is_created, is_file
2026-09-01 14:16:51 [DEBUG   ] NativeEvent(path="/Users/shubhamarundekatey/ClaudeCode/day10/GitHub-AutoPush-Analytics/.git/index.lock", inode=287835502, flags=10100, id=954928879): is_created, is_file
2026-09-01 14:16:51 [DEBUG   ] drop event FileCreatedEvent(src_path='/Users/shubhamarundekatey/ClaudeCode/day10/GitHub-AutoPush-Analytics/.git/index.lock', dest_path='', event_type='created', is_directory=False, is_synthetic=False)
2026-09-01 14:16:51 [DEBUG   ] queue_event FileCreatedEvent(src_path='/Users/shubhamarundekatey/ClaudeCode/day10/GitHub-AutoPush-Analytics/.git/index.lock', dest_path='', event_type='created', is_directory=False, is_synthetic=False)
2026-09-01 14:16:51 [DEBUG   ] drop event DirModifiedEvent(src_path='/Users/shubhamarundekatey/ClaudeCode/day10/GitHub-AutoPush-Analytics/.git', dest_path='', event_type='modified', is_directory=True, is_synthetic=False)
2026-09-01 14:16:51 [DEBUG   ] queue_event DirModifiedEvent(src_path='/Users/shubhamarundekatey/ClaudeCode/day10/GitHub-AutoPush-Analytics/.git', dest_path='', event_type='modified', is_directory=True, is_synthetic=False)
